{"v":"5.5.10","fr":25,"ip":0,"op":75,"w":360,"h":360,"nm":"7","ddd":0,"assets":[{"id":"comp_0","layers":[{"ddd":0,"ind":1,"ty":4,"nm":"Layer 28 Outlines - Group 2","parent":2,"sr":1,"ks":{"o":{"a":0,"k":100,"ix":11},"r":{"a":1,"k":[{"i":{"x":[0.498],"y":[1]},"o":{"x":[0.66],"y":[0]},"t":8,"s":[0]},{"i":{"x":[0.34],"y":[0.946]},"o":{"x":[0.545],"y":[0]},"t":17,"s":[6.884]},{"i":{"x":[0.515],"y":[1.032]},"o":{"x":[0.708],"y":[-0.046]},"t":27,"s":[-5.144]},{"i":{"x":[0.34],"y":[0.946]},"o":{"x":[0.545],"y":[0.044]},"t":35,"s":[6.884]},{"i":{"x":[0.34],"y":[1]},"o":{"x":[0.708],"y":[-0.081]},"t":45,"s":[-5.144]},{"t":51,"s":[0]}],"ix":10},"p":{"a":0,"k":[25.211,84.408,0],"ix":2},"a":{"a":0,"k":[25.211,84.408,0],"ix":1},"s":{"a":0,"k":[100,100,100],"ix":6}},"ao":0,"shapes":[{"ty":"gr","it":[{"ind":0,"ty":"sh","ix":1,"ks":{"a":0,"k":{"i":[[-1.339,-0.601],[0,-0.15],[2.458,-1.822],[6.108,3.416],[0,0],[-2.09,-0.069],[0,0],[-2.91,-1.721],[-16.793,0.273],[-1.053,-1.052],[0.109,-1.872],[0.792,-0.655],[19.116,2.473],[0.178,-1.271],[-1.271,-0.164],[-4.277,0],[-2.896,1.079],[-0.054,0.027],[-4.81,1.762]],"o":[[0.71,0.642],[-0.068,0.984],[-46.447,34.425],[0,0],[2.542,0.013],[0,0],[16.206,0.519],[3.58,2.091],[0.014,0],[0.806,0.806],[-0.028,0.397],[-1.886,1.558],[-1.257,-0.164],[-0.164,1.257],[5.875,0.765],[5.083,0],[0.055,-0.014],[7.188,-2.377],[7.215,-2.637]],"v":[[44.039,-15.171],[44.722,-13.969],[42.264,-10.086],[-44.749,2.496],[-44.749,-24.339],[-37.835,-24.216],[-37.712,-24.216],[-15.317,-20.063],[8.144,-16.442],[10.891,-15.417],[11.943,-11.373],[11,-9.706],[-16.014,-8.394],[-18.61,-6.385],[-16.601,-3.803],[-1.379,-2.655],[10.535,-4.281],[10.685,-4.322],[28.667,-10.648]],"c":true},"ix":2},"nm":"Path 1","mn":"ADBE Vector Shape - Group","hd":false},{"ty":"fl","c":{"a":0,"k":[0.969000004787,0.74900004069,0.195999998205,1],"ix":4},"o":{"a":0,"k":100,"ix":5},"r":1,"bm":0,"nm":"Fill 1","mn":"ADBE Vector Graphic - Fill","hd":false},{"ty":"tr","p":{"a":0,"k":[69.96,91.34],"ix":2},"a":{"a":0,"k":[0,0],"ix":1},"s":{"a":0,"k":[100,100],"ix":3},"r":{"a":0,"k":0,"ix":6},"o":{"a":0,"k":100,"ix":7},"sk":{"a":0,"k":0,"ix":4},"sa":{"a":0,"k":0,"ix":5},"nm":"Transform"}],"nm":"Group 2","np":2,"cix":2,"bm":0,"ix":1,"mn":"ADBE Vector Group","hd":false}],"ip":0,"op":125,"st":0,"bm":0},{"ddd":0,"ind":2,"ty":4,"nm":"Layer 28 Outlines - Group 6","sr":1,"ks":{"o":{"a":0,"k":100,"ix":11},"r":{"a":0,"k":0,"ix":10},"p":{"a":1,"k":[{"i":{"x":0.34,"y":1},"o":{"x":0.66,"y":0},"t":8,"s":[105.909,221.432,0],"to":[0,1.125,0],"ti":[0,1.125,0]},{"i":{"x":0.39,"y":0.973},"o":{"x":0.66,"y":0},"t":17,"s":[105.909,228.182,0],"to":[0,-1.125,0],"ti":[0,1.125,0]},{"i":{"x":0.338,"y":0.977},"o":{"x":0.66,"y":0.023},"t":27,"s":[105.909,214.682,0],"to":[0,-1.125,0],"ti":[0,1.125,0]},{"i":{"x":0.39,"y":0.973},"o":{"x":0.66,"y":0.029},"t":35,"s":[105.909,228.182,0],"to":[0,-1.125,0],"ti":[0,1.125,0]},{"i":{"x":0.34,"y":1},"o":{"x":0.66,"y":0.034},"t":45,"s":[105.909,214.682,0],"to":[0,-1.125,0],"ti":[0,-1.125,0]},{"t":51,"s":[105.909,221.432,0]}],"ix":2},"a":{"a":0,"k":[10.279,80.131,0],"ix":1},"s":{"a":0,"k":[157,157,100],"ix":6}},"ao":0,"shapes":[{"ty":"gr","it":[{"ind":0,"ty":"sh","ix":1,"ks":{"a":0,"k":{"i":[[1.558,0],[0,1.558],[-1.558,0],[0,-1.544]],"o":[[-1.558,0],[0,-1.544],[1.558,0],[0,1.558]],"v":[[0,-9.906],[-2.815,-12.721],[0,-15.522],[2.814,-12.721]],"c":true},"ix":2},"nm":"Path 1","mn":"ADBE Vector Shape - Group","hd":false},{"ind":1,"ty":"sh","ix":2,"ks":{"a":0,"k":{"i":[[1.134,0],[0,0],[0,-1.134],[0,0],[-1.134,0],[0,0],[0,1.135],[0,0]],"o":[[0,0],[-1.134,0],[0,0],[0,1.135],[0,0],[1.134,0],[0,0],[0,-1.134]],"v":[[7.966,-19.02],[-7.966,-19.02],[-10.029,-16.957],[-10.029,16.97],[-7.966,19.02],[7.966,19.02],[10.029,16.97],[10.029,-16.957]],"c":true},"ix":2},"nm":"Path 2","mn":"ADBE Vector Shape - Group","hd":false},{"ty":"mm","mm":1,"nm":"Merge Paths 1","mn":"ADBE Vector Filter - Merge","hd":false},{"ty":"fl","c":{"a":0,"k":[0.125,0.172999991623,0.620000023935,1],"ix":4},"o":{"a":0,"k":100,"ix":5},"r":1,"bm":0,"nm":"Fill 1","mn":"ADBE Vector Graphic - Fill","hd":false},{"ty":"tr","p":{"a":0,"k":[10.279,80.131],"ix":2},"a":{"a":0,"k":[0,0],"ix":1},"s":{"a":0,"k":[100,100],"ix":3},"r":{"a":0,"k":0,"ix":6},"o":{"a":0,"k":100,"ix":7},"sk":{"a":0,"k":0,"ix":4},"sa":{"a":0,"k":0,"ix":5},"nm":"Transform"}],"nm":"Group 6","np":4,"cix":2,"bm":0,"ix":1,"mn":"ADBE Vector Group","hd":false}],"ip":0,"op":125,"st":0,"bm":0},{"ddd":0,"ind":3,"ty":4,"nm":"Merged Shape Layer","sr":1,"ks":{"o":{"a":0,"k":100,"ix":11},"r":{"a":0,"k":0,"ix":10},"p":{"s":true,"x":{"a":0,"k":199.501,"ix":3},"y":{"a":1,"k":[{"i":{"x":[0.41],"y":[1]},"o":{"x":[0.59],"y":[0]},"t":8,"s":[190.068]},{"i":{"x":[0.612],"y":[0.972]},"o":{"x":[0.59],"y":[0]},"t":17,"s":[206.568]},{"i":{"x":[0.431],"y":[1.033]},"o":{"x":[0.534],"y":[-0.031]},"t":27,"s":[173.068]},{"i":{"x":[0.612],"y":[0.972]},"o":{"x":[0.59],"y":[0.042]},"t":35,"s":[206.568]},{"i":{"x":[0.319],"y":[1]},"o":{"x":[0.534],"y":[-0.045]},"t":45,"s":[173.068]},{"t":51,"s":[190.068]}],"ix":4}},"a":{"a":0,"k":[199.501,190.068,0],"ix":1},"s":{"a":0,"k":[100,100,100],"ix":6}},"ao":0,"shapes":[{"ty":"gr","it":[{"ty":"gr","it":[{"ty":"gr","it":[{"ind":0,"ty":"sh","ix":1,"ks":{"a":0,"k":{"i":[[0.502,-0.551],[0.421,-0.136],[0,0],[-0.252,-0.285],[0,-0.96]],"o":[[-0.273,0.3],[0,0],[0.457,0.279],[0.49,0.558],[0,0.916]],"v":[[2.552,7.994],[1.504,8.642],[1.504,2.671],[2.569,3.517],[3.305,5.793]],"c":true},"ix":2},"nm":"Path 1","mn":"ADBE Vector Shape - Group","hd":false},{"ind":1,"ty":"sh","ix":2,"ks":{"a":0,"k":{"i":[[0.169,0.159],[0,0.817],[-0.497,0.59],[-0.27,0.142],[0,0]],"o":[[-0.563,-0.53],[0,-0.882],[0.203,-0.242],[0,0],[-0.241,-0.168]],"v":[[-2.008,-3.674],[-2.852,-5.694],[-2.107,-7.903],[-1.388,-8.467],[-1.388,-3.183]],"c":true},"ix":2},"nm":"Path 2","mn":"ADBE Vector Shape - Group","hd":false},{"ind":2,"ty":"sh","ix":3,"ks":{"a":0,"k":{"i":[[1.197,1.181],[2.023,0.736],[0,0],[-0.241,-0.279],[-0.074,-0.966],[-0.326,0],[0,0],[0,0],[1.424,1.323],[1.728,0.223],[0,0],[0.224,0],[0,0],[-0.004,-0.226],[0,0],[1.099,-0.958],[0,-1.975],[-1.247,-1.104],[-1.823,-0.744],[0,0],[0.279,0.302],[0.071,1.21],[0.331,0],[0,0],[0,0],[-1.622,-1.275],[-1.576,-0.242],[0,0],[-0.223,0],[0,0],[-0.004,0.22],[0,0],[-1.147,0.967],[0,2.063]],"o":[[-1.089,-1.073],[0,0],[0.331,0.158],[0.468,0.542],[0.026,0.325],[0,0],[0,0],[0.044,-2.229],[-1.117,-1.04],[0,0],[0,-0.223],[0,0],[-0.226,0],[0,0],[-1.564,0.219],[-1.423,1.24],[0,1.986],[1.014,0.896],[0,0],[-0.399,-0.164],[-0.53,-0.573],[-0.02,-0.33],[0,0],[0,0],[-0.055,2.604],[1.208,0.949],[0,0],[0,0.223],[0,0],[0.219,0],[0,0],[1.76,-0.175],[1.401,-1.18],[0,-1.997]],"v":[[6.177,0.993],[1.504,-1.719],[1.504,-8.464],[2.37,-7.82],[3.184,-5.558],[3.81,-4.982],[7.741,-4.982],[7.774,-5.081],[5.705,-10.41],[1.457,-12.298],[1.457,-14.243],[1.053,-14.647],[-1.023,-14.647],[-1.427,-14.235],[-1.388,-12.295],[-5.385,-10.534],[-7.519,-5.71],[-5.649,-1.075],[-1.388,1.384],[-1.388,8.519],[-2.413,7.829],[-3.315,5.155],[-3.943,4.568],[-7.884,4.568],[-7.917,4.668],[-5.566,10.486],[-1.388,12.272],[-1.388,14.244],[-0.984,14.647],[1.062,14.647],[1.465,14.252],[1.504,12.332],[5.871,10.626],[7.972,5.76]],"c":true},"ix":2},"nm":"Path 3","mn":"ADBE Vector Shape - Group","hd":false},{"ty":"mm","mm":1,"nm":"Merge Paths 1","mn":"ADBE Vector Filter - Merge","hd":false},{"ty":"fl","c":{"a":0,"k":[0.125,0.172999992967,0.620000004768,1],"ix":4},"o":{"a":0,"k":100,"ix":5},"r":1,"bm":0,"nm":"Fill 1","mn":"ADBE Vector Graphic - Fill","hd":false},{"ty":"tr","p":{"a":0,"k":[70.63,47.03],"ix":2},"a":{"a":0,"k":[0,0],"ix":1},"s":{"a":0,"k":[100,100],"ix":3},"r":{"a":0,"k":0,"ix":6},"o":{"a":0,"k":100,"ix":7},"sk":{"a":0,"k":0,"ix":4},"sa":{"a":0,"k":0,"ix":5},"nm":"Transform"}],"nm":"Group 1","np":5,"cix":2,"bm":0,"ix":1,"mn":"ADBE Vector Group","hd":false},{"ty":"tr","p":{"a":0,"k":[200.702,169.464],"ix":2},"a":{"a":0,"k":[70.656,47.03],"ix":1},"s":{"a":0,"k":[157,157],"ix":3},"r":{"a":0,"k":0,"ix":6},"o":{"a":0,"k":100,"ix":7},"sk":{"a":0,"k":0,"ix":4},"sa":{"a":0,"k":0,"ix":5},"nm":"Transform"}],"nm":"Layer 28 Outlines - Group 1","np":1,"cix":2,"bm":0,"ix":1,"mn":"ADBE Vector Group","hd":false},{"ty":"tr","p":{"a":0,"k":[200.702,169.464],"ix":2},"a":{"a":0,"k":[200.702,169.464],"ix":1},"s":{"a":0,"k":[100,100],"ix":3},"r":{"a":0,"k":0,"ix":6},"o":{"a":0,"k":100,"ix":7},"sk":{"a":0,"k":0,"ix":4},"sa":{"a":0,"k":0,"ix":5},"nm":"Transform"}],"nm":"Merged Shape Layer - Layer 28 Outlines - Group 1","np":1,"cix":2,"bm":0,"ix":1,"mn":"ADBE Vector Group","hd":false},{"ty":"gr","it":[{"ty":"gr","it":[{"ty":"gr","it":[{"ind":0,"ty":"sh","ix":1,"ks":{"a":0,"k":{"i":[[15.741,0.67],[0,1.872],[-10.781,0],[0,-29.46],[2.063,-5.452],[2.064,-0.752],[3.976,-1.393],[1.763,1.763],[0.273,-0.013],[2.965,1.749]],"o":[[-0.205,-1.845],[0,-29.46],[10.781,0],[0,6.039],[-1.681,0.601],[-3.033,1.106],[0.178,-3.197],[-2.514,-2.528],[-15.413,0.274],[-3.252,-1.899]],"v":[[-35.512,10.33],[-35.854,4.769],[0,-27.874],[35.854,4.769],[32.739,22.067],[27.15,24.09],[16.629,27.874],[14.238,20.4],[8.048,18.009],[-12.898,15.017]],"c":true},"ix":2},"nm":"Path 1","mn":"ADBE Vector Shape - Group","hd":false},{"ty":"fl","c":{"a":0,"k":[0.96899998188,0.749000012875,0.195999994874,1],"ix":4},"o":{"a":0,"k":100,"ix":5},"r":1,"bm":0,"nm":"Fill 1","mn":"ADBE Vector Graphic - Fill","hd":false},{"ty":"tr","p":{"a":0,"k":[69.892,52.257],"ix":2},"a":{"a":0,"k":[0,0],"ix":1},"s":{"a":0,"k":[100,100],"ix":3},"r":{"a":0,"k":0,"ix":6},"o":{"a":0,"k":100,"ix":7},"sk":{"a":0,"k":0,"ix":4},"sa":{"a":0,"k":0,"ix":5},"nm":"Transform"}],"nm":"Group 3","np":2,"cix":2,"bm":0,"ix":1,"mn":"ADBE Vector Group","hd":false},{"ty":"tr","p":{"a":0,"k":[199.501,177.67],"ix":2},"a":{"a":0,"k":[69.892,52.257],"ix":1},"s":{"a":0,"k":[157,157],"ix":3},"r":{"a":0,"k":0,"ix":6},"o":{"a":0,"k":100,"ix":7},"sk":{"a":0,"k":0,"ix":4},"sa":{"a":0,"k":0,"ix":5},"nm":"Transform"}],"nm":"Layer 28 Outlines - Group 3","np":1,"cix":2,"bm":0,"ix":1,"mn":"ADBE Vector Group","hd":false},{"ty":"tr","p":{"a":0,"k":[199.501,177.67],"ix":2},"a":{"a":0,"k":[199.501,177.67],"ix":1},"s":{"a":0,"k":[100,100],"ix":3},"r":{"a":0,"k":0,"ix":6},"o":{"a":0,"k":100,"ix":7},"sk":{"a":0,"k":0,"ix":4},"sa":{"a":0,"k":0,"ix":5},"nm":"Transform"}],"nm":"Merged Shape Layer - Layer 28 Outlines - Group 3","np":1,"cix":2,"bm":0,"ix":2,"mn":"ADBE Vector Group","hd":false},{"ty":"gr","it":[{"ty":"gr","it":[{"ty":"gr","it":[{"ind":0,"ty":"sh","ix":1,"ks":{"a":0,"k":{"i":[[0,0],[-0.894,-2.682],[-3.768,-4.871],[-9.003,2.686],[-0.574,0.485],[0,0],[0,0],[0,0]],"o":[[0,0],[0.893,2.681],[7.115,9.2],[10.687,-3.189],[1.056,-0.894],[0,0],[0,0],[0,0]],"v":[[-34.125,-14.342],[-32.616,-6.812],[-24.678,10.606],[9.709,17.56],[29.425,9.954],[34.125,-2.605],[28.368,-16.536],[-15.593,-18.568]],"c":true},"ix":2},"nm":"Path 1","mn":"ADBE Vector Shape - Group","hd":false},{"ty":"fl","c":{"a":0,"k":[0.125,0.172999992967,0.620000004768,1],"ix":4},"o":{"a":0,"k":100,"ix":5},"r":1,"bm":0,"nm":"Fill 1","mn":"ADBE Vector Graphic - Fill","hd":false},{"ty":"tr","p":{"a":0,"k":[68.505,76.929],"ix":2},"a":{"a":0,"k":[0,0],"ix":1},"s":{"a":0,"k":[100,100],"ix":3},"r":{"a":0,"k":0,"ix":6},"o":{"a":0,"k":100,"ix":7},"sk":{"a":0,"k":0,"ix":4},"sa":{"a":0,"k":0,"ix":5},"nm":"Transform"}],"nm":"Group 7","np":2,"cix":2,"bm":0,"ix":1,"mn":"ADBE Vector Group","hd":false},{"ty":"tr","p":{"a":0,"k":[197.324,216.405],"ix":2},"a":{"a":0,"k":[68.505,76.929],"ix":1},"s":{"a":0,"k":[157,157],"ix":3},"r":{"a":0,"k":0,"ix":6},"o":{"a":0,"k":100,"ix":7},"sk":{"a":0,"k":0,"ix":4},"sa":{"a":0,"k":0,"ix":5},"nm":"Transform"}],"nm":"Layer 28 Outlines - Group 7","np":1,"cix":2,"bm":0,"ix":1,"mn":"ADBE Vector Group","hd":false},{"ty":"tr","p":{"a":0,"k":[197.324,216.74],"ix":2},"a":{"a":0,"k":[197.324,216.74],"ix":1},"s":{"a":0,"k":[100,100],"ix":3},"r":{"a":0,"k":0,"ix":6},"o":{"a":0,"k":100,"ix":7},"sk":{"a":0,"k":0,"ix":4},"sa":{"a":0,"k":0,"ix":5},"nm":"Transform"}],"nm":"Merged Shape Layer - Layer 28 Outlines - Group 7","np":1,"cix":2,"bm":0,"ix":3,"mn":"ADBE Vector Group","hd":false}],"ip":0,"op":125,"st":0,"bm":0},{"ddd":0,"ind":4,"ty":4,"nm":"Merged Shape Layer","parent":3,"sr":1,"ks":{"o":{"a":0,"k":100,"ix":11},"r":{"a":0,"k":0,"ix":10},"p":{"a":0,"k":[199.496,126.385,0],"ix":2},"a":{"a":0,"k":[199.496,126.635,0],"ix":1},"s":{"a":0,"k":[100,100,100],"ix":6}},"ao":0,"shapes":[{"ty":"gr","it":[{"ty":"gr","it":[{"ty":"gr","it":[{"ind":0,"ty":"sh","ix":1,"ks":{"a":0,"k":{"i":[[0.177,-0.014],[0.381,2.145],[-2.203,-0.771],[-2.943,-2.089],[-0.792,0.574],[-2.464,0.871],[0.426,-2.332],[2.259,-5.024],[0.164,0],[0,0]],"o":[[-2.285,-5.082],[-0.408,-2.298],[2.473,0.866],[0.807,0.574],[2.917,-2.077],[2.235,-0.791],[-0.392,2.149],[-0.164,-0.014],[0,0],[-0.177,0]],"v":[[-10.347,7.365],[-14.015,-3.174],[-10.007,-6.589],[-1.344,-1.94],[1.334,-1.94],[9.928,-6.574],[13.997,-3.105],[10.339,7.365],[9.847,7.31],[-9.843,7.31]],"c":true},"ix":2},"nm":"Path 1","mn":"ADBE Vector Shape - Group","hd":false},{"ty":"fl","c":{"a":0,"k":[0.96899998188,0.749000012875,0.195999994874,1],"ix":4},"o":{"a":0,"k":100,"ix":5},"r":1,"bm":0,"nm":"Fill 1","mn":"ADBE Vector Graphic - Fill","hd":false},{"ty":"tr","p":{"a":0,"k":[69.896,7.616],"ix":2},"a":{"a":0,"k":[0,0],"ix":1},"s":{"a":0,"k":[100,100],"ix":3},"r":{"a":0,"k":0,"ix":6},"o":{"a":0,"k":100,"ix":7},"sk":{"a":0,"k":0,"ix":4},"sa":{"a":0,"k":0,"ix":5},"nm":"Transform"}],"nm":"Group 4","np":2,"cix":2,"bm":0,"ix":1,"mn":"ADBE Vector Group","hd":false},{"ty":"tr","p":{"a":0,"k":[199.496,108.055],"ix":2},"a":{"a":0,"k":[69.889,7.916],"ix":1},"s":{"a":0,"k":[157,157],"ix":3},"r":{"a":0,"k":0,"ix":6},"o":{"a":0,"k":100,"ix":7},"sk":{"a":0,"k":0,"ix":4},"sa":{"a":0,"k":0,"ix":5},"nm":"Transform"}],"nm":"Layer 28 Outlines - Group 4","np":1,"cix":2,"bm":0,"ix":1,"mn":"ADBE Vector Group","hd":false},{"ty":"tr","p":{"a":0,"k":[199.496,108.055],"ix":2},"a":{"a":0,"k":[199.496,108.055],"ix":1},"s":{"a":0,"k":[100,100],"ix":3},"r":{"a":0,"k":0,"ix":6},"o":{"a":0,"k":100,"ix":7},"sk":{"a":0,"k":0,"ix":4},"sa":{"a":0,"k":0,"ix":5},"nm":"Transform"}],"nm":"Merged Shape Layer - Layer 28 Outlines - Group 4","np":1,"cix":2,"bm":0,"ix":1,"mn":"ADBE Vector Group","hd":false},{"ty":"gr","it":[{"ty":"gr","it":[{"ty":"gr","it":[{"ind":0,"ty":"sh","ix":1,"ks":{"a":0,"k":{"i":[[0,0],[0,-1.134],[0,0],[1.134,0],[0,0],[0,1.134],[0,0],[-1.135,0]],"o":[[1.134,0],[0,0],[0,1.134],[0,0],[-1.135,0],[0,0],[0,-1.134],[0,0]],"v":[[9.852,-2.439],[11.902,-0.389],[11.902,0.39],[9.852,2.439],[-9.837,2.439],[-11.902,0.39],[-11.902,-0.389],[-9.837,-2.439]],"c":true},"ix":2},"nm":"Path 1","mn":"ADBE Vector Shape - Group","hd":false},{"ty":"fl","c":{"a":0,"k":[0.125,0.172999992967,0.620000004768,1],"ix":4},"o":{"a":0,"k":100,"ix":5},"r":1,"bm":0,"nm":"Fill 1","mn":"ADBE Vector Graphic - Fill","hd":false},{"ty":"tr","p":{"a":0,"k":[69.892,17.311],"ix":2},"a":{"a":0,"k":[0,0],"ix":1},"s":{"a":0,"k":[100,100],"ix":3},"r":{"a":0,"k":0,"ix":6},"o":{"a":0,"k":100,"ix":7},"sk":{"a":0,"k":0,"ix":4},"sa":{"a":0,"k":0,"ix":5},"nm":"Transform"}],"nm":"Group 5","np":2,"cix":2,"bm":0,"ix":1,"mn":"ADBE Vector Group","hd":false},{"ty":"tr","p":{"a":0,"k":[199.501,122.806],"ix":2},"a":{"a":0,"k":[69.892,17.311],"ix":1},"s":{"a":0,"k":[157,157],"ix":3},"r":{"a":0,"k":0,"ix":6},"o":{"a":0,"k":100,"ix":7},"sk":{"a":0,"k":0,"ix":4},"sa":{"a":0,"k":0,"ix":5},"nm":"Transform"}],"nm":"Layer 28 Outlines - Group 5","np":1,"cix":2,"bm":0,"ix":1,"mn":"ADBE Vector Group","hd":false},{"ty":"tr","p":{"a":0,"k":[199.501,122.806],"ix":2},"a":{"a":0,"k":[199.501,122.806],"ix":1},"s":{"a":0,"k":[100,100],"ix":3},"r":{"a":0,"k":0,"ix":6},"o":{"a":0,"k":100,"ix":7},"sk":{"a":0,"k":0,"ix":4},"sa":{"a":0,"k":0,"ix":5},"nm":"Transform"}],"nm":"Merged Shape Layer - Layer 28 Outlines - Group 5","np":1,"cix":2,"bm":0,"ix":2,"mn":"ADBE Vector Group","hd":false}],"ip":0,"op":125,"st":0,"bm":0}]},{"id":"comp_1","layers":[{"ddd":0,"ind":1,"ty":4,"nm":"Layer 39 Outlines","sr":1,"ks":{"o":{"a":0,"k":100,"ix":11},"r":{"a":0,"k":0,"ix":10},"p":{"a":0,"k":[179.378,182.751,0],"ix":2},"a":{"a":0,"k":[89.724,89.724,0],"ix":1},"s":{"a":0,"k":[170,170,100],"ix":6}},"ao":0,"shapes":[{"ty":"gr","it":[{"ind":0,"ty":"sh","ix":1,"ks":{"a":0,"k":{"i":[[0,49.415],[49.415,0],[0,-49.415],[-49.415,0]],"o":[[0,-49.415],[-49.415,0],[0,49.415],[49.415,0]],"v":[[89.474,0],[0,-89.474],[-89.474,0],[0,89.474]],"c":true},"ix":2},"nm":"Path 1","mn":"ADBE Vector Shape - Group","hd":false},{"ty":"fl","c":{"a":0,"k":[0.969000004787,0.922000002394,0.842999985639,1],"ix":4},"o":{"a":0,"k":100,"ix":5},"r":1,"bm":0,"nm":"Fill 1","mn":"ADBE Vector Graphic - Fill","hd":false},{"ty":"tr","p":{"a":0,"k":[89.723,89.724],"ix":2},"a":{"a":0,"k":[0,0],"ix":1},"s":{"a":0,"k":[100,100],"ix":3},"r":{"a":0,"k":0,"ix":6},"o":{"a":0,"k":100,"ix":7},"sk":{"a":0,"k":0,"ix":4},"sa":{"a":0,"k":0,"ix":5},"nm":"Transform"}],"nm":"Group 1","np":2,"cix":2,"bm":0,"ix":1,"mn":"ADBE Vector Group","hd":false}],"ip":0,"op":86,"st":0,"bm":0}]}],"layers":[{"ddd":0,"ind":1,"ty":0,"nm":"Layer 28 Outlines Comp 1","refId":"comp_0","sr":1,"ks":{"o":{"a":0,"k":100,"ix":11},"r":{"a":0,"k":0,"ix":10},"p":{"a":0,"k":[180,180,0],"ix":2},"a":{"a":0,"k":[180,180,0],"ix":1},"s":{"a":0,"k":[100,100,100],"ix":6}},"ao":0,"w":360,"h":360,"ip":0,"op":75,"st":0,"bm":0},{"ddd":0,"ind":2,"ty":0,"nm":"bg","refId":"comp_1","sr":1,"ks":{"o":{"a":0,"k":100,"ix":11},"r":{"a":0,"k":0,"ix":10},"p":{"a":0,"k":[180,180,0],"ix":2},"a":{"a":0,"k":[180,180,0],"ix":1},"s":{"a":0,"k":[100,100,100],"ix":6}},"ao":0,"w":360,"h":360,"ip":0,"op":75,"st":0,"bm":0}],"markers":[]}