{
  "rigidBodies": [
    {
      "name": "circle",
      "imagePath": "../../../../../../atlas/1/deff.png",
      "origin": {
        "x": 0.5,
        "y": 0.5
      },
      "polygons": [],
      "circles": [
        {
          "cx": 0,
          "cy": 0,
          "r": 0.5
        }
      ],
      "shapes": [
        {
          "type": "CIRCLE",
          "vertices": [
            {
              "x": 0,
              "y": 0
            },
            {
              "x": 0,
              "y": 0.5
            }
          ]
        }
      ]
    },
    {
      "name": "rt",
      "imagePath": "rt.png",
      "origin": {
        "x": 0,
        "y": 0
      },
      "polygons": [
        [
          {
            "x": 1.4468285371549428E-4,
            "y": 0.0011923295678570867
          },
          {
            "x": 0.999478280544281,
            "y": 4.4234146480448544E-4
          },
          {
            "x": 0.9990490078926086,
            "y": 22.3244686126709
          },
          {
            "x": 8.716900483705103E-4,
            "y": 22.324602127075195
          }
        ]
      ],
      "circles": [],
      "shapes": [
        {
          "type": "POLYGON",
          "vertices": [
            {
              "x": 1.4468285371549428E-4,
              "y": 0.0011923295678570867
            },
            {
              "x": 0.999478280544281,
              "y": 4.4234146480448544E-4
            },
            {
              "x": 0.9990490078926086,
              "y": 22.3244686126709
            },
            {
              "x": 8.716900483705103E-4,
              "y": 22.324602127075195
            }
          ]
        }
      ]
    },
    {
      "name": "btn",
      "imagePath": "btn.png",
      "origin": {
        "x": 0.48002076148986816,
        "y": 0.12644892930984497
      },
      "polygons": [
        [
          {
            "x": 0.08356230705976486,
            "y": 0.23832395672798157
          },
          {
            "x": 0.002728968858718872,
            "y": 0.12749060988426208
          },
          {
            "x": 0.084395632147789,
            "y": 0.013323947787284851
          },
          {
            "x": 0.9085626006126404,
            "y": 0.011657275259494781
          },
          {
            "x": 0.9927292466163635,
            "y": 0.1208239495754242
          },
          {
            "x": 0.8877292275428772,
            "y": 0.2366572916507721
          }
        ]
      ],
      "circles": [],
      "shapes": [
        {
          "type": "POLYGON",
          "vertices": [
            {
              "x": 0.08356230705976486,
              "y": 0.23832395672798157
            },
            {
              "x": 0.002728968858718872,
              "y": 0.12749060988426208
            },
            {
              "x": 0.084395632147789,
              "y": 0.013323947787284851
            },
            {
              "x": 0.9085626006126404,
              "y": 0.011657275259494781
            },
            {
              "x": 0.9927292466163635,
              "y": 0.1208239495754242
            },
            {
              "x": 0.8877292275428772,
              "y": 0.2366572916507721
            }
          ]
        }
      ]
    },
    {
      "name": "hrt",
      "imagePath": "hrt.png",
      "origin": {
        "x": 0,
        "y": 0
      },
      "polygons": [
        [
          {
            "x": 0.001374986139126122,
            "y": 0.08649998903274536
          },
          {
            "x": 6.24990148935467E-4,
            "y": 9.999946923926473E-4
          },
          {
            "x": 0.9992498755455017,
            "y": 8.749925182200968E-4
          },
          {
            "x": 0.9989998936653137,
            "y": 0.0858749970793724
          }
        ]
      ],
      "circles": [],
      "shapes": [
        {
          "type": "POLYGON",
          "vertices": [
            {
              "x": 0.001374986139126122,
              "y": 0.08649998903274536
            },
            {
              "x": 6.24990148935467E-4,
              "y": 9.999946923926473E-4
            },
            {
              "x": 0.9992498755455017,
              "y": 8.749925182200968E-4
            },
            {
              "x": 0.9989998936653137,
              "y": 0.0858749970793724
            }
          ]
        }
      ]
    }
  ],
  "dynamicObjects": []
}