{
  "nm": "loading",
  "ddd": 0,
  "h": 17,
  "w": 42,
  "meta": {
    "g": "@lottiefiles/toolkit-js 0.26.1"
  },
  "layers": [
    {
      "ty": 4,
      "nm": "Left",
      "sr": 1,
      "st": 0,
      "op": 40.0000016292334,
      "ip": 0,
      "hd": false,
      "ddd": 0,
      "bm": 0,
      "hasMask": false,
      "ao": 0,
      "ks": {
        "a": {
          "a": 0,
          "k": [
            0,
            0,
            0
          ],
          "ix": 1
        },
        "s": {
          "a": 0,
          "k": [
            100,
            100,
            100
          ],
          "ix": 6
        },
        "sk": {
          "a": 0,
          "k": 0
        },
        "p": {
          "a": 0,
          "k": [
            23.188,
            8.5,
            0
          ],
          "ix": 2
        },
        "r": {
          "a": 0,
          "k": 0,
          "ix": 10
        },
        "sa": {
          "a": 0,
          "k": 0
        },
        "o": {
          "a": 1,
          "k": [
            {
              "o": {
                "x": 0.167,
                "y": 0.167
              },
              "i": {
                "x": 0.833,
                "y": 0.833
              },
              "s": [
                30
              ],
              "t": 0
            },
            {
              "o": {
                "x": 0.167,
                "y": 0.167
              },
              "i": {
                "x": 0.833,
                "y": 0.833
              },
              "s": [
                100
              ],
              "t": 15
            },
            {
              "o": {
                "x": 0.167,
                "y": 0.167
              },
              "i": {
                "x": 0.833,
                "y": 0.833
              },
              "s": [
                100
              ],
              "t": 17.5
            },
            {
              "s": [
                30
              ],
              "t": 30.0000012219251
            }
          ],
          "ix": 11
        }
      },
      "ef": [],
      "shapes": [
        {
          "ty": "gr",
          "bm": 0,
          "hd": false,
          "mn": "ADBE Vector Group",
          "nm": "Elipse 1",
          "ix": 1,
          "cix": 2,
          "np": 3,
          "it": [
            {
              "ty": "el",
              "bm": 0,
              "hd": false,
              "mn": "ADBE Vector Shape - Ellipse",
              "nm": "Caminho da elipse 1",
              "d": 1,
              "p": {
                "a": 0,
                "k": [
                  0,
                  0
                ],
                "ix": 3
              },
              "s": {
                "a": 0,
                "k": [
                  7,
                  7
                ],
                "ix": 2
              }
            },
            {
              "ty": "st",
              "bm": 0,
              "hd": false,
              "mn": "ADBE Vector Graphic - Stroke",
              "nm": "Traçado 1",
              "lc": 1,
              "lj": 1,
              "ml": 4,
              "o": {
                "a": 0,
                "k": 100,
                "ix": 4
              },
              "w": {
                "a": 0,
                "k": 0,
                "ix": 5
              },
              "c": {
                "a": 0,
                "k": [
                  0.1412,
                  0.6824,
                  0.3725
                ],
                "ix": 3
              }
            },
            {
              "ty": "fl",
              "bm": 0,
              "hd": false,
              "mn": "ADBE Vector Graphic - Fill",
              "nm": "Preenchimento 1",
              "c": {
                "a": 0,
                "k": [
                  0.1412,
                  0.6824,
                  0.3725
                ],
                "ix": 4
              },
              "r": 1,
              "o": {
                "a": 0,
                "k": 100,
                "ix": 5
              }
            },
            {
              "ty": "tr",
              "a": {
                "a": 0,
                "k": [
                  0,
                  0
                ],
                "ix": 1
              },
              "s": {
                "a": 0,
                "k": [
                  100,
                  100
                ],
                "ix": 3
              },
              "sk": {
                "a": 0,
                "k": 0,
                "ix": 4
              },
              "p": {
                "a": 0,
                "k": [
                  -13.11,
                  0.14
                ],
                "ix": 2
              },
              "r": {
                "a": 0,
                "k": 0,
                "ix": 6
              },
              "sa": {
                "a": 0,
                "k": 0,
                "ix": 5
              },
              "o": {
                "a": 0,
                "k": 100,
                "ix": 7
              }
            }
          ]
        }
      ],
      "ind": 1
    },
    {
      "ty": 4,
      "nm": "Mid",
      "sr": 1,
      "st": 0,
      "op": 40.0000016292334,
      "ip": 0,
      "hd": false,
      "ddd": 0,
      "bm": 0,
      "hasMask": false,
      "ao": 0,
      "ks": {
        "a": {
          "a": 0,
          "k": [
            0,
            0,
            0
          ],
          "ix": 1
        },
        "s": {
          "a": 0,
          "k": [
            100,
            100,
            100
          ],
          "ix": 6
        },
        "sk": {
          "a": 0,
          "k": 0
        },
        "p": {
          "a": 0,
          "k": [
            34.188,
            8.5,
            0
          ],
          "ix": 2
        },
        "r": {
          "a": 0,
          "k": 0,
          "ix": 10
        },
        "sa": {
          "a": 0,
          "k": 0
        },
        "o": {
          "a": 1,
          "k": [
            {
              "o": {
                "x": 0.167,
                "y": 0.167
              },
              "i": {
                "x": 0.833,
                "y": 0.833
              },
              "s": [
                30
              ],
              "t": 10
            },
            {
              "o": {
                "x": 0.167,
                "y": 0.167
              },
              "i": {
                "x": 0.833,
                "y": 0.833
              },
              "s": [
                100
              ],
              "t": 20
            },
            {
              "o": {
                "x": 0.167,
                "y": 0.167
              },
              "i": {
                "x": 0.833,
                "y": 0.833
              },
              "s": [
                100
              ],
              "t": 22.5
            },
            {
              "s": [
                30
              ],
              "t": 35.0000014255792
            }
          ],
          "ix": 11
        }
      },
      "ef": [],
      "shapes": [
        {
          "ty": "gr",
          "bm": 0,
          "hd": false,
          "mn": "ADBE Vector Group",
          "nm": "Elipse 1",
          "ix": 1,
          "cix": 2,
          "np": 3,
          "it": [
            {
              "ty": "el",
              "bm": 0,
              "hd": false,
              "mn": "ADBE Vector Shape - Ellipse",
              "nm": "Caminho da elipse 1",
              "d": 1,
              "p": {
                "a": 0,
                "k": [
                  0,
                  0
                ],
                "ix": 3
              },
              "s": {
                "a": 0,
                "k": [
                  7,
                  7
                ],
                "ix": 2
              }
            },
            {
              "ty": "st",
              "bm": 0,
              "hd": false,
              "mn": "ADBE Vector Graphic - Stroke",
              "nm": "Traçado 1",
              "lc": 1,
              "lj": 1,
              "ml": 4,
              "o": {
                "a": 0,
                "k": 100,
                "ix": 4
              },
              "w": {
                "a": 0,
                "k": 0,
                "ix": 5
              },
              "c": {
                "a": 0,
                "k": [
                  0.1412,
                  0.6824,
                  0.3725
                ],
                "ix": 3
              }
            },
            {
              "ty": "fl",
              "bm": 0,
              "hd": false,
              "mn": "ADBE Vector Graphic - Fill",
              "nm": "Preenchimento 1",
              "c": {
                "a": 0,
                "k": [
                  0.1412,
                  0.6824,
                  0.3725
                ],
                "ix": 4
              },
              "r": 1,
              "o": {
                "a": 0,
                "k": 100,
                "ix": 5
              }
            },
            {
              "ty": "tr",
              "a": {
                "a": 0,
                "k": [
                  0,
                  0
                ],
                "ix": 1
              },
              "s": {
                "a": 0,
                "k": [
                  100,
                  100
                ],
                "ix": 3
              },
              "sk": {
                "a": 0,
                "k": 0,
                "ix": 4
              },
              "p": {
                "a": 0,
                "k": [
                  -13.11,
                  0.14
                ],
                "ix": 2
              },
              "r": {
                "a": 0,
                "k": 0,
                "ix": 6
              },
              "sa": {
                "a": 0,
                "k": 0,
                "ix": 5
              },
              "o": {
                "a": 0,
                "k": 100,
                "ix": 7
              }
            }
          ]
        }
      ],
      "ind": 2
    },
    {
      "ty": 4,
      "nm": "Right",
      "sr": 1,
      "st": 0,
      "op": 40.0000016292334,
      "ip": 0,
      "hd": false,
      "ddd": 0,
      "bm": 0,
      "hasMask": false,
      "ao": 0,
      "ks": {
        "a": {
          "a": 0,
          "k": [
            0,
            0,
            0
          ],
          "ix": 1
        },
        "s": {
          "a": 0,
          "k": [
            100,
            100,
            100
          ],
          "ix": 6
        },
        "sk": {
          "a": 0,
          "k": 0
        },
        "p": {
          "a": 0,
          "k": [
            44.812,
            8.5,
            0
          ],
          "ix": 2
        },
        "r": {
          "a": 0,
          "k": 0,
          "ix": 10
        },
        "sa": {
          "a": 0,
          "k": 0
        },
        "o": {
          "a": 1,
          "k": [
            {
              "o": {
                "x": 0.167,
                "y": 0.167
              },
              "i": {
                "x": 0.833,
                "y": 0.833
              },
              "s": [
                30
              ],
              "t": 15
            },
            {
              "o": {
                "x": 0.167,
                "y": 0.167
              },
              "i": {
                "x": 0.833,
                "y": 0.833
              },
              "s": [
                100
              ],
              "t": 25
            },
            {
              "o": {
                "x": 0.167,
                "y": 0.167
              },
              "i": {
                "x": 0.833,
                "y": 0.833
              },
              "s": [
                100
              ],
              "t": 27.5
            },
            {
              "s": [
                30
              ],
              "t": 40.0000016292334
            }
          ],
          "ix": 11
        }
      },
      "ef": [],
      "shapes": [
        {
          "ty": "gr",
          "bm": 0,
          "hd": false,
          "mn": "ADBE Vector Group",
          "nm": "Elipse 1",
          "ix": 1,
          "cix": 2,
          "np": 3,
          "it": [
            {
              "ty": "el",
              "bm": 0,
              "hd": false,
              "mn": "ADBE Vector Shape - Ellipse",
              "nm": "Caminho da elipse 1",
              "d": 1,
              "p": {
                "a": 0,
                "k": [
                  0,
                  0
                ],
                "ix": 3
              },
              "s": {
                "a": 0,
                "k": [
                  7,
                  7
                ],
                "ix": 2
              }
            },
            {
              "ty": "st",
              "bm": 0,
              "hd": false,
              "mn": "ADBE Vector Graphic - Stroke",
              "nm": "Traçado 1",
              "lc": 1,
              "lj": 1,
              "ml": 4,
              "o": {
                "a": 0,
                "k": 100,
                "ix": 4
              },
              "w": {
                "a": 0,
                "k": 0,
                "ix": 5
              },
              "c": {
                "a": 0,
                "k": [
                  0.1412,
                  0.6824,
                  0.3725
                ],
                "ix": 3
              }
            },
            {
              "ty": "fl",
              "bm": 0,
              "hd": false,
              "mn": "ADBE Vector Graphic - Fill",
              "nm": "Preenchimento 1",
              "c": {
                "a": 0,
                "k": [
                  0.1412,
                  0.6824,
                  0.3725
                ],
                "ix": 4
              },
              "r": 1,
              "o": {
                "a": 0,
                "k": 100,
                "ix": 5
              }
            },
            {
              "ty": "tr",
              "a": {
                "a": 0,
                "k": [
                  0,
                  0
                ],
                "ix": 1
              },
              "s": {
                "a": 0,
                "k": [
                  100,
                  100
                ],
                "ix": 3
              },
              "sk": {
                "a": 0,
                "k": 0,
                "ix": 4
              },
              "p": {
                "a": 0,
                "k": [
                  -13.11,
                  0.14
                ],
                "ix": 2
              },
              "r": {
                "a": 0,
                "k": 0,
                "ix": 6
              },
              "sa": {
                "a": 0,
                "k": 0,
                "ix": 5
              },
              "o": {
                "a": 0,
                "k": 100,
                "ix": 7
              }
            }
          ]
        }
      ],
      "ind": 3
    }
  ],
  "v": "4.10.2",
  "fr": 30,
  "op": 39,
  "ip": 0,
  "assets": []
}