{
  "v": "4.8.0",
  "meta": {
    "g": "LottieFiles AE ",
    "a": "",
    "k": "",
    "d": "",
    "tc": ""
  },
  "fr": 60,
  "ip": 0,
  "op": 304,
  "w": 530,
  "h": 484,
  "nm": "MF - Complex Shape 08",
  "ddd": 0,
  "assets": [],
  "layers": [
    {
      "ddd": 0,
      "ind": 1,
      "ty": 4,
      "nm": "Setting",
      "sr": 1,
      "ks": {
        "o": {
          "a": 0,
          "k": 100,
          "ix": 11
        },
        "r": {
          "a": 0,
          "k": 0,
          "ix": 10
        },
        "p": {
          "a": 0,
          "k": [
            -446,
            -253.5,
            0
          ],
          "ix": 2
        },
        "a": {
          "a": 0,
          "k": [
            0,
            0,
            0
          ],
          "ix": 1
        },
        "s": {
          "a": 0,
          "k": [
            0,
            0,
            100
          ],
          "ix": 6
        }
      },
      "ao": 0,
      "shapes": [],
      "ip": 0,
      "op": 304,
      "st": 0,
      "bm": 0
    },
    {
      "ddd": 0,
      "ind": 2,
      "ty": 4,
      "nm": "C 11",
      "sr": 1,
      "ks": {
        "o": {
          "a": 1,
          "k": [
            {
              "i": {
                "x": [
                  0
                ],
                "y": [
                  1
                ]
              },
              "o": {
                "x": [
                  0.749
                ],
                "y": [
                  0
                ]
              },
              "t": 36,
              "s": [
                0
              ]
            },
            {
              "i": {
                "x": [
                  0.273
                ],
                "y": [
                  1
                ]
              },
              "o": {
                "x": [
                  1
                ],
                "y": [
                  0
                ]
              },
              "t": 60,
              "s": [
                100
              ]
            },
            {
              "i": {
                "x": [
                  0.833
                ],
                "y": [
                  1
                ]
              },
              "o": {
                "x": [
                  0.333
                ],
                "y": [
                  0
                ]
              },
              "t": 94,
              "s": [
                0
              ]
            },
            {
              "t": 100,
              "s": [
                0
              ]
            }
          ],
          "ix": 11,
          "x": "var $bm_rt;\nvar $bm_rt;\n$bm_rt = $bm_rt = loopOut('cycle', 0);"
        },
        "r": {
          "a": 0,
          "k": 0,
          "ix": 10
        },
        "p": {
          "a": 1,
          "k": [
            {
              "i": {
                "x": 0,
                "y": 1
              },
              "o": {
                "x": 0.822,
                "y": 0
              },
              "t": 36,
              "s": [
                322.75,
                394,
                0
              ],
              "to": [
                10,
                0,
                0
              ],
              "ti": [
                0,
                0,
                0
              ]
            },
            {
              "i": {
                "x": 0.324,
                "y": 1
              },
              "o": {
                "x": 1,
                "y": 0
              },
              "t": 60,
              "s": [
                382.75,
                394,
                0
              ],
              "to": [
                0,
                0,
                0
              ],
              "ti": [
                10,
                0,
                0
              ]
            },
            {
              "i": {
                "x": 0.833,
                "y": 0.833
              },
              "o": {
                "x": 0.333,
                "y": 0.333
              },
              "t": 94,
              "s": [
                322.75,
                394,
                0
              ],
              "to": [
                0,
                0,
                0
              ],
              "ti": [
                0,
                0,
                0
              ]
            },
            {
              "t": 100,
              "s": [
                322.75,
                394,
                0
              ]
            }
          ],
          "ix": 2,
          "x": "var $bm_rt;\nvar $bm_rt;\n$bm_rt = $bm_rt = loopOut('cycle', 0);"
        },
        "a": {
          "a": 0,
          "k": [
            -184.75,
            13.25,
            0
          ],
          "ix": 1
        },
        "s": {
          "a": 0,
          "k": [
            86.186,
            86.186,
            100
          ],
          "ix": 6
        }
      },
      "ao": 0,
      "shapes": [
        {
          "ty": "gr",
          "it": [
            {
              "d": 1,
              "ty": "el",
              "s": {
                "a": 0,
                "k": [
                  80.5,
                  80.5
                ],
                "ix": 2
              },
              "p": {
                "a": 0,
                "k": [
                  0,
                  0
                ],
                "ix": 3
              },
              "nm": "Ellipse Path 1",
              "mn": "ADBE Vector Shape - Ellipse",
              "hd": false
            },
            {
              "ty": "fl",
              "c": {
                "a": 0,
                "k": [
                  0.286259101419,
                  0.890196078431,
                  0.613095691157,
                  1
                ],
                "ix": 4
              },
              "o": {
                "a": 0,
                "k": 100,
                "ix": 5
              },
              "r": 1,
              "bm": 0,
              "nm": "Fill 1",
              "mn": "ADBE Vector Graphic - Fill",
              "hd": false
            },
            {
              "ty": "tr",
              "p": {
                "a": 0,
                "k": [
                  -185.25,
                  13.25
                ],
                "ix": 2
              },
              "a": {
                "a": 0,
                "k": [
                  0,
                  0
                ],
                "ix": 1
              },
              "s": {
                "a": 0,
                "k": [
                  101.866,
                  101.866
                ],
                "ix": 3
              },
              "r": {
                "a": 0,
                "k": 0,
                "ix": 6
              },
              "o": {
                "a": 0,
                "k": 100,
                "ix": 7
              },
              "sk": {
                "a": 0,
                "k": 0,
                "ix": 4
              },
              "sa": {
                "a": 0,
                "k": 0,
                "ix": 5
              },
              "nm": "Transform"
            }
          ],
          "nm": "Ellipse 1",
          "np": 2,
          "cix": 2,
          "bm": 0,
          "ix": 1,
          "mn": "ADBE Vector Group",
          "hd": false
        }
      ],
      "ip": 36,
      "op": 304,
      "st": 36,
      "bm": 0
    },
    {
      "ddd": 0,
      "ind": 3,
      "ty": 4,
      "nm": "C 10",
      "sr": 1,
      "ks": {
        "o": {
          "a": 1,
          "k": [
            {
              "i": {
                "x": [
                  0
                ],
                "y": [
                  1
                ]
              },
              "o": {
                "x": [
                  0.749
                ],
                "y": [
                  0
                ]
              },
              "t": 36,
              "s": [
                0
              ]
            },
            {
              "i": {
                "x": [
                  0.273
                ],
                "y": [
                  1
                ]
              },
              "o": {
                "x": [
                  1
                ],
                "y": [
                  0
                ]
              },
              "t": 60,
              "s": [
                100
              ]
            },
            {
              "i": {
                "x": [
                  0.833
                ],
                "y": [
                  1
                ]
              },
              "o": {
                "x": [
                  0.333
                ],
                "y": [
                  0
                ]
              },
              "t": 94,
              "s": [
                0
              ]
            },
            {
              "t": 100,
              "s": [
                0
              ]
            }
          ],
          "ix": 11,
          "x": "var $bm_rt;\nvar $bm_rt;\n$bm_rt = $bm_rt = loopOut('cycle', 0);"
        },
        "r": {
          "a": 0,
          "k": 0,
          "ix": 10
        },
        "p": {
          "a": 1,
          "k": [
            {
              "i": {
                "x": 0,
                "y": 1
              },
              "o": {
                "x": 0.822,
                "y": 0
              },
              "t": 36,
              "s": [
                203.5,
                394,
                0
              ],
              "to": [
                10,
                0,
                0
              ],
              "ti": [
                0,
                0,
                0
              ]
            },
            {
              "i": {
                "x": 0.324,
                "y": 1
              },
              "o": {
                "x": 1,
                "y": 0
              },
              "t": 60,
              "s": [
                263.5,
                394,
                0
              ],
              "to": [
                0,
                0,
                0
              ],
              "ti": [
                10,
                0,
                0
              ]
            },
            {
              "i": {
                "x": 0.833,
                "y": 0.833
              },
              "o": {
                "x": 0.333,
                "y": 0.333
              },
              "t": 94,
              "s": [
                203.5,
                394,
                0
              ],
              "to": [
                0,
                0,
                0
              ],
              "ti": [
                0,
                0,
                0
              ]
            },
            {
              "t": 100,
              "s": [
                203.5,
                394,
                0
              ]
            }
          ],
          "ix": 2,
          "x": "var $bm_rt;\nvar $bm_rt;\n$bm_rt = $bm_rt = loopOut('cycle', 0);"
        },
        "a": {
          "a": 0,
          "k": [
            -184.75,
            13.25,
            0
          ],
          "ix": 1
        },
        "s": {
          "a": 0,
          "k": [
            86.186,
            86.186,
            100
          ],
          "ix": 6
        }
      },
      "ao": 0,
      "shapes": [
        {
          "ty": "gr",
          "it": [
            {
              "d": 1,
              "ty": "el",
              "s": {
                "a": 0,
                "k": [
                  80.5,
                  80.5
                ],
                "ix": 2
              },
              "p": {
                "a": 0,
                "k": [
                  0,
                  0
                ],
                "ix": 3
              },
              "nm": "Ellipse Path 1",
              "mn": "ADBE Vector Shape - Ellipse",
              "hd": false
            },
            {
              "ty": "fl",
              "c": {
                "a": 0,
                "k": [
                  0.286259101419,
                  0.890196078431,
                  0.613095691157,
                  1
                ],
                "ix": 4
              },
              "o": {
                "a": 0,
                "k": 100,
                "ix": 5
              },
              "r": 1,
              "bm": 0,
              "nm": "Fill 1",
              "mn": "ADBE Vector Graphic - Fill",
              "hd": false
            },
            {
              "ty": "tr",
              "p": {
                "a": 0,
                "k": [
                  -185.25,
                  13.25
                ],
                "ix": 2
              },
              "a": {
                "a": 0,
                "k": [
                  0,
                  0
                ],
                "ix": 1
              },
              "s": {
                "a": 0,
                "k": [
                  101.866,
                  101.866
                ],
                "ix": 3
              },
              "r": {
                "a": 0,
                "k": 0,
                "ix": 6
              },
              "o": {
                "a": 0,
                "k": 100,
                "ix": 7
              },
              "sk": {
                "a": 0,
                "k": 0,
                "ix": 4
              },
              "sa": {
                "a": 0,
                "k": 0,
                "ix": 5
              },
              "nm": "Transform"
            }
          ],
          "nm": "Ellipse 1",
          "np": 2,
          "cix": 2,
          "bm": 0,
          "ix": 1,
          "mn": "ADBE Vector Group",
          "hd": false
        }
      ],
      "ip": 36,
      "op": 304,
      "st": 36,
      "bm": 0
    },
    {
      "ddd": 0,
      "ind": 4,
      "ty": 4,
      "nm": "C 12",
      "sr": 1,
      "ks": {
        "o": {
          "a": 1,
          "k": [
            {
              "i": {
                "x": [
                  0
                ],
                "y": [
                  1
                ]
              },
              "o": {
                "x": [
                  0.749
                ],
                "y": [
                  0
                ]
              },
              "t": 36,
              "s": [
                0
              ]
            },
            {
              "i": {
                "x": [
                  0.273
                ],
                "y": [
                  1
                ]
              },
              "o": {
                "x": [
                  1
                ],
                "y": [
                  0
                ]
              },
              "t": 60,
              "s": [
                100
              ]
            },
            {
              "i": {
                "x": [
                  0.833
                ],
                "y": [
                  1
                ]
              },
              "o": {
                "x": [
                  0.333
                ],
                "y": [
                  0
                ]
              },
              "t": 94,
              "s": [
                0
              ]
            },
            {
              "t": 100,
              "s": [
                0
              ]
            }
          ],
          "ix": 11,
          "x": "var $bm_rt;\nvar $bm_rt;\n$bm_rt = $bm_rt = loopOut('cycle', 0);"
        },
        "r": {
          "a": 0,
          "k": 0,
          "ix": 10
        },
        "p": {
          "a": 1,
          "k": [
            {
              "i": {
                "x": 0,
                "y": 1
              },
              "o": {
                "x": 0.822,
                "y": 0
              },
              "t": 36,
              "s": [
                84.25,
                394,
                0
              ],
              "to": [
                10,
                0,
                0
              ],
              "ti": [
                0,
                0,
                0
              ]
            },
            {
              "i": {
                "x": 0.324,
                "y": 1
              },
              "o": {
                "x": 1,
                "y": 0
              },
              "t": 60,
              "s": [
                144.25,
                394,
                0
              ],
              "to": [
                0,
                0,
                0
              ],
              "ti": [
                10,
                0,
                0
              ]
            },
            {
              "i": {
                "x": 0.833,
                "y": 0.833
              },
              "o": {
                "x": 0.333,
                "y": 0.333
              },
              "t": 94,
              "s": [
                84.25,
                394,
                0
              ],
              "to": [
                0,
                0,
                0
              ],
              "ti": [
                0,
                0,
                0
              ]
            },
            {
              "t": 100,
              "s": [
                84.25,
                394,
                0
              ]
            }
          ],
          "ix": 2,
          "x": "var $bm_rt;\nvar $bm_rt;\n$bm_rt = $bm_rt = loopOut('cycle', 0);"
        },
        "a": {
          "a": 0,
          "k": [
            -184.75,
            13.25,
            0
          ],
          "ix": 1
        },
        "s": {
          "a": 0,
          "k": [
            86.186,
            86.186,
            100
          ],
          "ix": 6
        }
      },
      "ao": 0,
      "shapes": [
        {
          "ty": "gr",
          "it": [
            {
              "d": 1,
              "ty": "el",
              "s": {
                "a": 0,
                "k": [
                  80.5,
                  80.5
                ],
                "ix": 2
              },
              "p": {
                "a": 0,
                "k": [
                  0,
                  0
                ],
                "ix": 3
              },
              "nm": "Ellipse Path 1",
              "mn": "ADBE Vector Shape - Ellipse",
              "hd": false
            },
            {
              "ty": "fl",
              "c": {
                "a": 0,
                "k": [
                  0.286259101419,
                  0.890196078431,
                  0.613095691157,
                  1
                ],
                "ix": 4
              },
              "o": {
                "a": 0,
                "k": 100,
                "ix": 5
              },
              "r": 1,
              "bm": 0,
              "nm": "Fill 1",
              "mn": "ADBE Vector Graphic - Fill",
              "hd": false
            },
            {
              "ty": "tr",
              "p": {
                "a": 0,
                "k": [
                  -185.25,
                  13.25
                ],
                "ix": 2
              },
              "a": {
                "a": 0,
                "k": [
                  0,
                  0
                ],
                "ix": 1
              },
              "s": {
                "a": 0,
                "k": [
                  101.866,
                  101.866
                ],
                "ix": 3
              },
              "r": {
                "a": 0,
                "k": 0,
                "ix": 6
              },
              "o": {
                "a": 0,
                "k": 100,
                "ix": 7
              },
              "sk": {
                "a": 0,
                "k": 0,
                "ix": 4
              },
              "sa": {
                "a": 0,
                "k": 0,
                "ix": 5
              },
              "nm": "Transform"
            }
          ],
          "nm": "Ellipse 1",
          "np": 2,
          "cix": 2,
          "bm": 0,
          "ix": 1,
          "mn": "ADBE Vector Group",
          "hd": false
        }
      ],
      "ip": 36,
      "op": 304,
      "st": 36,
      "bm": 0
    },
    {
      "ddd": 0,
      "ind": 5,
      "ty": 4,
      "nm": "C 9",
      "sr": 1,
      "ks": {
        "o": {
          "a": 1,
          "k": [
            {
              "i": {
                "x": [
                  0
                ],
                "y": [
                  1
                ]
              },
              "o": {
                "x": [
                  0.749
                ],
                "y": [
                  0
                ]
              },
              "t": 32,
              "s": [
                0
              ]
            },
            {
              "i": {
                "x": [
                  0.273
                ],
                "y": [
                  1
                ]
              },
              "o": {
                "x": [
                  1
                ],
                "y": [
                  0
                ]
              },
              "t": 56,
              "s": [
                100
              ]
            },
            {
              "i": {
                "x": [
                  0.833
                ],
                "y": [
                  1
                ]
              },
              "o": {
                "x": [
                  0.333
                ],
                "y": [
                  0
                ]
              },
              "t": 90,
              "s": [
                0
              ]
            },
            {
              "t": 96,
              "s": [
                0
              ]
            }
          ],
          "ix": 11,
          "x": "var $bm_rt;\nvar $bm_rt;\n$bm_rt = $bm_rt = loopOut('cycle', 0);"
        },
        "r": {
          "a": 0,
          "k": 0,
          "ix": 10
        },
        "p": {
          "a": 1,
          "k": [
            {
              "i": {
                "x": 0,
                "y": 1
              },
              "o": {
                "x": 0.822,
                "y": 0
              },
              "t": 32,
              "s": [
                322.75,
                297,
                0
              ],
              "to": [
                10,
                0,
                0
              ],
              "ti": [
                0,
                0,
                0
              ]
            },
            {
              "i": {
                "x": 0.324,
                "y": 1
              },
              "o": {
                "x": 1,
                "y": 0
              },
              "t": 56,
              "s": [
                382.75,
                297,
                0
              ],
              "to": [
                0,
                0,
                0
              ],
              "ti": [
                10,
                0,
                0
              ]
            },
            {
              "i": {
                "x": 0.833,
                "y": 0.833
              },
              "o": {
                "x": 0.333,
                "y": 0.333
              },
              "t": 90,
              "s": [
                322.75,
                297,
                0
              ],
              "to": [
                0,
                0,
                0
              ],
              "ti": [
                0,
                0,
                0
              ]
            },
            {
              "t": 96,
              "s": [
                322.75,
                297,
                0
              ]
            }
          ],
          "ix": 2,
          "x": "var $bm_rt;\nvar $bm_rt;\n$bm_rt = $bm_rt = loopOut('cycle', 0);"
        },
        "a": {
          "a": 0,
          "k": [
            -184.75,
            13.25,
            0
          ],
          "ix": 1
        },
        "s": {
          "a": 0,
          "k": [
            86.186,
            86.186,
            100
          ],
          "ix": 6
        }
      },
      "ao": 0,
      "shapes": [
        {
          "ty": "gr",
          "it": [
            {
              "d": 1,
              "ty": "el",
              "s": {
                "a": 0,
                "k": [
                  80.5,
                  80.5
                ],
                "ix": 2
              },
              "p": {
                "a": 0,
                "k": [
                  0,
                  0
                ],
                "ix": 3
              },
              "nm": "Ellipse Path 1",
              "mn": "ADBE Vector Shape - Ellipse",
              "hd": false
            },
            {
              "ty": "fl",
              "c": {
                "a": 0,
                "k": [
                  0.286259101419,
                  0.890196078431,
                  0.613095691157,
                  1
                ],
                "ix": 4
              },
              "o": {
                "a": 0,
                "k": 100,
                "ix": 5
              },
              "r": 1,
              "bm": 0,
              "nm": "Fill 1",
              "mn": "ADBE Vector Graphic - Fill",
              "hd": false
            },
            {
              "ty": "tr",
              "p": {
                "a": 0,
                "k": [
                  -185.25,
                  13.25
                ],
                "ix": 2
              },
              "a": {
                "a": 0,
                "k": [
                  0,
                  0
                ],
                "ix": 1
              },
              "s": {
                "a": 0,
                "k": [
                  101.866,
                  101.866
                ],
                "ix": 3
              },
              "r": {
                "a": 0,
                "k": 0,
                "ix": 6
              },
              "o": {
                "a": 0,
                "k": 100,
                "ix": 7
              },
              "sk": {
                "a": 0,
                "k": 0,
                "ix": 4
              },
              "sa": {
                "a": 0,
                "k": 0,
                "ix": 5
              },
              "nm": "Transform"
            }
          ],
          "nm": "Ellipse 1",
          "np": 2,
          "cix": 2,
          "bm": 0,
          "ix": 1,
          "mn": "ADBE Vector Group",
          "hd": false
        }
      ],
      "ip": 32,
      "op": 304,
      "st": 32,
      "bm": 0
    },
    {
      "ddd": 0,
      "ind": 6,
      "ty": 4,
      "nm": "C 8",
      "sr": 1,
      "ks": {
        "o": {
          "a": 1,
          "k": [
            {
              "i": {
                "x": [
                  0
                ],
                "y": [
                  1
                ]
              },
              "o": {
                "x": [
                  0.749
                ],
                "y": [
                  0
                ]
              },
              "t": 28,
              "s": [
                0
              ]
            },
            {
              "i": {
                "x": [
                  0.273
                ],
                "y": [
                  1
                ]
              },
              "o": {
                "x": [
                  1
                ],
                "y": [
                  0
                ]
              },
              "t": 52,
              "s": [
                100
              ]
            },
            {
              "i": {
                "x": [
                  0.833
                ],
                "y": [
                  1
                ]
              },
              "o": {
                "x": [
                  0.333
                ],
                "y": [
                  0
                ]
              },
              "t": 86,
              "s": [
                0
              ]
            },
            {
              "t": 92,
              "s": [
                0
              ]
            }
          ],
          "ix": 11,
          "x": "var $bm_rt;\nvar $bm_rt;\n$bm_rt = $bm_rt = loopOut('cycle', 0);"
        },
        "r": {
          "a": 0,
          "k": 0,
          "ix": 10
        },
        "p": {
          "a": 1,
          "k": [
            {
              "i": {
                "x": 0,
                "y": 1
              },
              "o": {
                "x": 0.822,
                "y": 0
              },
              "t": 28,
              "s": [
                203.5,
                297,
                0
              ],
              "to": [
                10,
                0,
                0
              ],
              "ti": [
                0,
                0,
                0
              ]
            },
            {
              "i": {
                "x": 0.324,
                "y": 1
              },
              "o": {
                "x": 1,
                "y": 0
              },
              "t": 52,
              "s": [
                263.5,
                297,
                0
              ],
              "to": [
                0,
                0,
                0
              ],
              "ti": [
                10,
                0,
                0
              ]
            },
            {
              "i": {
                "x": 0.833,
                "y": 0.833
              },
              "o": {
                "x": 0.333,
                "y": 0.333
              },
              "t": 86,
              "s": [
                203.5,
                297,
                0
              ],
              "to": [
                0,
                0,
                0
              ],
              "ti": [
                0,
                0,
                0
              ]
            },
            {
              "t": 92,
              "s": [
                203.5,
                297,
                0
              ]
            }
          ],
          "ix": 2,
          "x": "var $bm_rt;\nvar $bm_rt;\n$bm_rt = $bm_rt = loopOut('cycle', 0);"
        },
        "a": {
          "a": 0,
          "k": [
            -184.75,
            13.25,
            0
          ],
          "ix": 1
        },
        "s": {
          "a": 0,
          "k": [
            86.186,
            86.186,
            100
          ],
          "ix": 6
        }
      },
      "ao": 0,
      "shapes": [
        {
          "ty": "gr",
          "it": [
            {
              "d": 1,
              "ty": "el",
              "s": {
                "a": 0,
                "k": [
                  80.5,
                  80.5
                ],
                "ix": 2
              },
              "p": {
                "a": 0,
                "k": [
                  0,
                  0
                ],
                "ix": 3
              },
              "nm": "Ellipse Path 1",
              "mn": "ADBE Vector Shape - Ellipse",
              "hd": false
            },
            {
              "ty": "fl",
              "c": {
                "a": 0,
                "k": [
                  0.286259101419,
                  0.890196078431,
                  0.613095691157,
                  1
                ],
                "ix": 4
              },
              "o": {
                "a": 0,
                "k": 100,
                "ix": 5
              },
              "r": 1,
              "bm": 0,
              "nm": "Fill 1",
              "mn": "ADBE Vector Graphic - Fill",
              "hd": false
            },
            {
              "ty": "tr",
              "p": {
                "a": 0,
                "k": [
                  -185.25,
                  13.25
                ],
                "ix": 2
              },
              "a": {
                "a": 0,
                "k": [
                  0,
                  0
                ],
                "ix": 1
              },
              "s": {
                "a": 0,
                "k": [
                  101.866,
                  101.866
                ],
                "ix": 3
              },
              "r": {
                "a": 0,
                "k": 0,
                "ix": 6
              },
              "o": {
                "a": 0,
                "k": 100,
                "ix": 7
              },
              "sk": {
                "a": 0,
                "k": 0,
                "ix": 4
              },
              "sa": {
                "a": 0,
                "k": 0,
                "ix": 5
              },
              "nm": "Transform"
            }
          ],
          "nm": "Ellipse 1",
          "np": 2,
          "cix": 2,
          "bm": 0,
          "ix": 1,
          "mn": "ADBE Vector Group",
          "hd": false
        }
      ],
      "ip": 28,
      "op": 304,
      "st": 28,
      "bm": 0
    },
    {
      "ddd": 0,
      "ind": 7,
      "ty": 4,
      "nm": "C 7",
      "sr": 1,
      "ks": {
        "o": {
          "a": 1,
          "k": [
            {
              "i": {
                "x": [
                  0
                ],
                "y": [
                  1
                ]
              },
              "o": {
                "x": [
                  0.749
                ],
                "y": [
                  0
                ]
              },
              "t": 24,
              "s": [
                0
              ]
            },
            {
              "i": {
                "x": [
                  0.273
                ],
                "y": [
                  1
                ]
              },
              "o": {
                "x": [
                  1
                ],
                "y": [
                  0
                ]
              },
              "t": 48,
              "s": [
                100
              ]
            },
            {
              "i": {
                "x": [
                  0.833
                ],
                "y": [
                  1
                ]
              },
              "o": {
                "x": [
                  0.333
                ],
                "y": [
                  0
                ]
              },
              "t": 82,
              "s": [
                0
              ]
            },
            {
              "t": 88,
              "s": [
                0
              ]
            }
          ],
          "ix": 11,
          "x": "var $bm_rt;\nvar $bm_rt;\n$bm_rt = $bm_rt = loopOut('cycle', 0);"
        },
        "r": {
          "a": 0,
          "k": 0,
          "ix": 10
        },
        "p": {
          "a": 1,
          "k": [
            {
              "i": {
                "x": 0,
                "y": 1
              },
              "o": {
                "x": 0.822,
                "y": 0
              },
              "t": 24,
              "s": [
                84.25,
                297,
                0
              ],
              "to": [
                10,
                0,
                0
              ],
              "ti": [
                0,
                0,
                0
              ]
            },
            {
              "i": {
                "x": 0.324,
                "y": 1
              },
              "o": {
                "x": 1,
                "y": 0
              },
              "t": 48,
              "s": [
                144.25,
                297,
                0
              ],
              "to": [
                0,
                0,
                0
              ],
              "ti": [
                10,
                0,
                0
              ]
            },
            {
              "i": {
                "x": 0.833,
                "y": 0.833
              },
              "o": {
                "x": 0.333,
                "y": 0.333
              },
              "t": 82,
              "s": [
                84.25,
                297,
                0
              ],
              "to": [
                0,
                0,
                0
              ],
              "ti": [
                0,
                0,
                0
              ]
            },
            {
              "t": 88,
              "s": [
                84.25,
                297,
                0
              ]
            }
          ],
          "ix": 2,
          "x": "var $bm_rt;\nvar $bm_rt;\n$bm_rt = $bm_rt = loopOut('cycle', 0);"
        },
        "a": {
          "a": 0,
          "k": [
            -184.75,
            13.25,
            0
          ],
          "ix": 1
        },
        "s": {
          "a": 0,
          "k": [
            86.186,
            86.186,
            100
          ],
          "ix": 6
        }
      },
      "ao": 0,
      "shapes": [
        {
          "ty": "gr",
          "it": [
            {
              "d": 1,
              "ty": "el",
              "s": {
                "a": 0,
                "k": [
                  80.5,
                  80.5
                ],
                "ix": 2
              },
              "p": {
                "a": 0,
                "k": [
                  0,
                  0
                ],
                "ix": 3
              },
              "nm": "Ellipse Path 1",
              "mn": "ADBE Vector Shape - Ellipse",
              "hd": false
            },
            {
              "ty": "fl",
              "c": {
                "a": 0,
                "k": [
                  0.286259101419,
                  0.890196078431,
                  0.613095691157,
                  1
                ],
                "ix": 4
              },
              "o": {
                "a": 0,
                "k": 100,
                "ix": 5
              },
              "r": 1,
              "bm": 0,
              "nm": "Fill 1",
              "mn": "ADBE Vector Graphic - Fill",
              "hd": false
            },
            {
              "ty": "tr",
              "p": {
                "a": 0,
                "k": [
                  -185.25,
                  13.25
                ],
                "ix": 2
              },
              "a": {
                "a": 0,
                "k": [
                  0,
                  0
                ],
                "ix": 1
              },
              "s": {
                "a": 0,
                "k": [
                  101.866,
                  101.866
                ],
                "ix": 3
              },
              "r": {
                "a": 0,
                "k": 0,
                "ix": 6
              },
              "o": {
                "a": 0,
                "k": 100,
                "ix": 7
              },
              "sk": {
                "a": 0,
                "k": 0,
                "ix": 4
              },
              "sa": {
                "a": 0,
                "k": 0,
                "ix": 5
              },
              "nm": "Transform"
            }
          ],
          "nm": "Ellipse 1",
          "np": 2,
          "cix": 2,
          "bm": 0,
          "ix": 1,
          "mn": "ADBE Vector Group",
          "hd": false
        }
      ],
      "ip": 24,
      "op": 304,
      "st": 24,
      "bm": 0
    },
    {
      "ddd": 0,
      "ind": 8,
      "ty": 4,
      "nm": "C 6",
      "sr": 1,
      "ks": {
        "o": {
          "a": 1,
          "k": [
            {
              "i": {
                "x": [
                  0
                ],
                "y": [
                  1
                ]
              },
              "o": {
                "x": [
                  0.749
                ],
                "y": [
                  0
                ]
              },
              "t": 20,
              "s": [
                0
              ]
            },
            {
              "i": {
                "x": [
                  0.273
                ],
                "y": [
                  1
                ]
              },
              "o": {
                "x": [
                  1
                ],
                "y": [
                  0
                ]
              },
              "t": 44,
              "s": [
                100
              ]
            },
            {
              "i": {
                "x": [
                  0.833
                ],
                "y": [
                  1
                ]
              },
              "o": {
                "x": [
                  0.333
                ],
                "y": [
                  0
                ]
              },
              "t": 78,
              "s": [
                0
              ]
            },
            {
              "t": 84,
              "s": [
                0
              ]
            }
          ],
          "ix": 11,
          "x": "var $bm_rt;\nvar $bm_rt;\n$bm_rt = $bm_rt = loopOut('cycle', 0);"
        },
        "r": {
          "a": 0,
          "k": 0,
          "ix": 10
        },
        "p": {
          "a": 1,
          "k": [
            {
              "i": {
                "x": 0,
                "y": 1
              },
              "o": {
                "x": 0.822,
                "y": 0
              },
              "t": 20,
              "s": [
                322.75,
                186.5,
                0
              ],
              "to": [
                10,
                0,
                0
              ],
              "ti": [
                0,
                0,
                0
              ]
            },
            {
              "i": {
                "x": 0.324,
                "y": 1
              },
              "o": {
                "x": 1,
                "y": 0
              },
              "t": 44,
              "s": [
                382.75,
                186.5,
                0
              ],
              "to": [
                0,
                0,
                0
              ],
              "ti": [
                10,
                0,
                0
              ]
            },
            {
              "i": {
                "x": 0.833,
                "y": 0.833
              },
              "o": {
                "x": 0.333,
                "y": 0.333
              },
              "t": 78,
              "s": [
                322.75,
                186.5,
                0
              ],
              "to": [
                0,
                0,
                0
              ],
              "ti": [
                0,
                0,
                0
              ]
            },
            {
              "t": 84,
              "s": [
                322.75,
                186.5,
                0
              ]
            }
          ],
          "ix": 2,
          "x": "var $bm_rt;\nvar $bm_rt;\n$bm_rt = $bm_rt = loopOut('cycle', 0);"
        },
        "a": {
          "a": 0,
          "k": [
            -184.75,
            13.25,
            0
          ],
          "ix": 1
        },
        "s": {
          "a": 0,
          "k": [
            86.186,
            86.186,
            100
          ],
          "ix": 6
        }
      },
      "ao": 0,
      "shapes": [
        {
          "ty": "gr",
          "it": [
            {
              "d": 1,
              "ty": "el",
              "s": {
                "a": 0,
                "k": [
                  80.5,
                  80.5
                ],
                "ix": 2
              },
              "p": {
                "a": 0,
                "k": [
                  0,
                  0
                ],
                "ix": 3
              },
              "nm": "Ellipse Path 1",
              "mn": "ADBE Vector Shape - Ellipse",
              "hd": false
            },
            {
              "ty": "fl",
              "c": {
                "a": 0,
                "k": [
                  0.286259101419,
                  0.890196078431,
                  0.613095691157,
                  1
                ],
                "ix": 4
              },
              "o": {
                "a": 0,
                "k": 100,
                "ix": 5
              },
              "r": 1,
              "bm": 0,
              "nm": "Fill 1",
              "mn": "ADBE Vector Graphic - Fill",
              "hd": false
            },
            {
              "ty": "tr",
              "p": {
                "a": 0,
                "k": [
                  -185.25,
                  13.25
                ],
                "ix": 2
              },
              "a": {
                "a": 0,
                "k": [
                  0,
                  0
                ],
                "ix": 1
              },
              "s": {
                "a": 0,
                "k": [
                  101.866,
                  101.866
                ],
                "ix": 3
              },
              "r": {
                "a": 0,
                "k": 0,
                "ix": 6
              },
              "o": {
                "a": 0,
                "k": 100,
                "ix": 7
              },
              "sk": {
                "a": 0,
                "k": 0,
                "ix": 4
              },
              "sa": {
                "a": 0,
                "k": 0,
                "ix": 5
              },
              "nm": "Transform"
            }
          ],
          "nm": "Ellipse 1",
          "np": 2,
          "cix": 2,
          "bm": 0,
          "ix": 1,
          "mn": "ADBE Vector Group",
          "hd": false
        }
      ],
      "ip": 20,
      "op": 304,
      "st": 20,
      "bm": 0
    },
    {
      "ddd": 0,
      "ind": 9,
      "ty": 4,
      "nm": "C 5",
      "sr": 1,
      "ks": {
        "o": {
          "a": 1,
          "k": [
            {
              "i": {
                "x": [
                  0
                ],
                "y": [
                  1
                ]
              },
              "o": {
                "x": [
                  0.749
                ],
                "y": [
                  0
                ]
              },
              "t": 16,
              "s": [
                0
              ]
            },
            {
              "i": {
                "x": [
                  0.273
                ],
                "y": [
                  1
                ]
              },
              "o": {
                "x": [
                  1
                ],
                "y": [
                  0
                ]
              },
              "t": 40,
              "s": [
                100
              ]
            },
            {
              "i": {
                "x": [
                  0.833
                ],
                "y": [
                  1
                ]
              },
              "o": {
                "x": [
                  0.333
                ],
                "y": [
                  0
                ]
              },
              "t": 74,
              "s": [
                0
              ]
            },
            {
              "t": 80,
              "s": [
                0
              ]
            }
          ],
          "ix": 11,
          "x": "var $bm_rt;\nvar $bm_rt;\n$bm_rt = $bm_rt = loopOut('cycle', 0);"
        },
        "r": {
          "a": 0,
          "k": 0,
          "ix": 10
        },
        "p": {
          "a": 1,
          "k": [
            {
              "i": {
                "x": 0,
                "y": 1
              },
              "o": {
                "x": 0.822,
                "y": 0
              },
              "t": 16,
              "s": [
                203.5,
                186.5,
                0
              ],
              "to": [
                10,
                0,
                0
              ],
              "ti": [
                0,
                0,
                0
              ]
            },
            {
              "i": {
                "x": 0.324,
                "y": 1
              },
              "o": {
                "x": 1,
                "y": 0
              },
              "t": 40,
              "s": [
                263.5,
                186.5,
                0
              ],
              "to": [
                0,
                0,
                0
              ],
              "ti": [
                10,
                0,
                0
              ]
            },
            {
              "i": {
                "x": 0.833,
                "y": 0.833
              },
              "o": {
                "x": 0.333,
                "y": 0.333
              },
              "t": 74,
              "s": [
                203.5,
                186.5,
                0
              ],
              "to": [
                0,
                0,
                0
              ],
              "ti": [
                0,
                0,
                0
              ]
            },
            {
              "t": 80,
              "s": [
                203.5,
                186.5,
                0
              ]
            }
          ],
          "ix": 2,
          "x": "var $bm_rt;\nvar $bm_rt;\n$bm_rt = $bm_rt = loopOut('cycle', 0);"
        },
        "a": {
          "a": 0,
          "k": [
            -184.75,
            13.25,
            0
          ],
          "ix": 1
        },
        "s": {
          "a": 0,
          "k": [
            86.186,
            86.186,
            100
          ],
          "ix": 6
        }
      },
      "ao": 0,
      "shapes": [
        {
          "ty": "gr",
          "it": [
            {
              "d": 1,
              "ty": "el",
              "s": {
                "a": 0,
                "k": [
                  80.5,
                  80.5
                ],
                "ix": 2
              },
              "p": {
                "a": 0,
                "k": [
                  0,
                  0
                ],
                "ix": 3
              },
              "nm": "Ellipse Path 1",
              "mn": "ADBE Vector Shape - Ellipse",
              "hd": false
            },
            {
              "ty": "fl",
              "c": {
                "a": 0,
                "k": [
                  0.286259101419,
                  0.890196078431,
                  0.613095691157,
                  1
                ],
                "ix": 4
              },
              "o": {
                "a": 0,
                "k": 100,
                "ix": 5
              },
              "r": 1,
              "bm": 0,
              "nm": "Fill 1",
              "mn": "ADBE Vector Graphic - Fill",
              "hd": false
            },
            {
              "ty": "tr",
              "p": {
                "a": 0,
                "k": [
                  -185.25,
                  13.25
                ],
                "ix": 2
              },
              "a": {
                "a": 0,
                "k": [
                  0,
                  0
                ],
                "ix": 1
              },
              "s": {
                "a": 0,
                "k": [
                  101.866,
                  101.866
                ],
                "ix": 3
              },
              "r": {
                "a": 0,
                "k": 0,
                "ix": 6
              },
              "o": {
                "a": 0,
                "k": 100,
                "ix": 7
              },
              "sk": {
                "a": 0,
                "k": 0,
                "ix": 4
              },
              "sa": {
                "a": 0,
                "k": 0,
                "ix": 5
              },
              "nm": "Transform"
            }
          ],
          "nm": "Ellipse 1",
          "np": 2,
          "cix": 2,
          "bm": 0,
          "ix": 1,
          "mn": "ADBE Vector Group",
          "hd": false
        }
      ],
      "ip": 16,
      "op": 304,
      "st": 16,
      "bm": 0
    },
    {
      "ddd": 0,
      "ind": 10,
      "ty": 4,
      "nm": "C 4",
      "sr": 1,
      "ks": {
        "o": {
          "a": 1,
          "k": [
            {
              "i": {
                "x": [
                  0
                ],
                "y": [
                  1
                ]
              },
              "o": {
                "x": [
                  0.749
                ],
                "y": [
                  0
                ]
              },
              "t": 12,
              "s": [
                0
              ]
            },
            {
              "i": {
                "x": [
                  0.273
                ],
                "y": [
                  1
                ]
              },
              "o": {
                "x": [
                  1
                ],
                "y": [
                  0
                ]
              },
              "t": 36,
              "s": [
                100
              ]
            },
            {
              "i": {
                "x": [
                  0.833
                ],
                "y": [
                  1
                ]
              },
              "o": {
                "x": [
                  0.333
                ],
                "y": [
                  0
                ]
              },
              "t": 70,
              "s": [
                0
              ]
            },
            {
              "t": 76,
              "s": [
                0
              ]
            }
          ],
          "ix": 11,
          "x": "var $bm_rt;\nvar $bm_rt;\n$bm_rt = $bm_rt = loopOut('cycle', 0);"
        },
        "r": {
          "a": 0,
          "k": 0,
          "ix": 10
        },
        "p": {
          "a": 1,
          "k": [
            {
              "i": {
                "x": 0,
                "y": 1
              },
              "o": {
                "x": 0.822,
                "y": 0
              },
              "t": 12,
              "s": [
                84.25,
                186.5,
                0
              ],
              "to": [
                10,
                0,
                0
              ],
              "ti": [
                0,
                0,
                0
              ]
            },
            {
              "i": {
                "x": 0.324,
                "y": 1
              },
              "o": {
                "x": 1,
                "y": 0
              },
              "t": 36,
              "s": [
                144.25,
                186.5,
                0
              ],
              "to": [
                0,
                0,
                0
              ],
              "ti": [
                10,
                0,
                0
              ]
            },
            {
              "i": {
                "x": 0.833,
                "y": 0.833
              },
              "o": {
                "x": 0.333,
                "y": 0.333
              },
              "t": 70,
              "s": [
                84.25,
                186.5,
                0
              ],
              "to": [
                0,
                0,
                0
              ],
              "ti": [
                0,
                0,
                0
              ]
            },
            {
              "t": 76,
              "s": [
                84.25,
                186.5,
                0
              ]
            }
          ],
          "ix": 2,
          "x": "var $bm_rt;\nvar $bm_rt;\n$bm_rt = $bm_rt = loopOut('cycle', 0);"
        },
        "a": {
          "a": 0,
          "k": [
            -184.75,
            13.25,
            0
          ],
          "ix": 1
        },
        "s": {
          "a": 0,
          "k": [
            86.186,
            86.186,
            100
          ],
          "ix": 6
        }
      },
      "ao": 0,
      "shapes": [
        {
          "ty": "gr",
          "it": [
            {
              "d": 1,
              "ty": "el",
              "s": {
                "a": 0,
                "k": [
                  80.5,
                  80.5
                ],
                "ix": 2
              },
              "p": {
                "a": 0,
                "k": [
                  0,
                  0
                ],
                "ix": 3
              },
              "nm": "Ellipse Path 1",
              "mn": "ADBE Vector Shape - Ellipse",
              "hd": false
            },
            {
              "ty": "fl",
              "c": {
                "a": 0,
                "k": [
                  0.286259101419,
                  0.890196078431,
                  0.613095691157,
                  1
                ],
                "ix": 4
              },
              "o": {
                "a": 0,
                "k": 100,
                "ix": 5
              },
              "r": 1,
              "bm": 0,
              "nm": "Fill 1",
              "mn": "ADBE Vector Graphic - Fill",
              "hd": false
            },
            {
              "ty": "tr",
              "p": {
                "a": 0,
                "k": [
                  -185.25,
                  13.25
                ],
                "ix": 2
              },
              "a": {
                "a": 0,
                "k": [
                  0,
                  0
                ],
                "ix": 1
              },
              "s": {
                "a": 0,
                "k": [
                  101.866,
                  101.866
                ],
                "ix": 3
              },
              "r": {
                "a": 0,
                "k": 0,
                "ix": 6
              },
              "o": {
                "a": 0,
                "k": 100,
                "ix": 7
              },
              "sk": {
                "a": 0,
                "k": 0,
                "ix": 4
              },
              "sa": {
                "a": 0,
                "k": 0,
                "ix": 5
              },
              "nm": "Transform"
            }
          ],
          "nm": "Ellipse 1",
          "np": 2,
          "cix": 2,
          "bm": 0,
          "ix": 1,
          "mn": "ADBE Vector Group",
          "hd": false
        }
      ],
      "ip": 12,
      "op": 304,
      "st": 12,
      "bm": 0
    },
    {
      "ddd": 0,
      "ind": 11,
      "ty": 4,
      "nm": "C 3",
      "sr": 1,
      "ks": {
        "o": {
          "a": 1,
          "k": [
            {
              "i": {
                "x": [
                  0
                ],
                "y": [
                  1
                ]
              },
              "o": {
                "x": [
                  0.749
                ],
                "y": [
                  0
                ]
              },
              "t": 8,
              "s": [
                0
              ]
            },
            {
              "i": {
                "x": [
                  0.273
                ],
                "y": [
                  1
                ]
              },
              "o": {
                "x": [
                  1
                ],
                "y": [
                  0
                ]
              },
              "t": 32,
              "s": [
                100
              ]
            },
            {
              "i": {
                "x": [
                  0.833
                ],
                "y": [
                  1
                ]
              },
              "o": {
                "x": [
                  0.333
                ],
                "y": [
                  0
                ]
              },
              "t": 66,
              "s": [
                0
              ]
            },
            {
              "t": 72,
              "s": [
                0
              ]
            }
          ],
          "ix": 11,
          "x": "var $bm_rt;\nvar $bm_rt;\n$bm_rt = $bm_rt = loopOut('cycle', 0);"
        },
        "r": {
          "a": 0,
          "k": 0,
          "ix": 10
        },
        "p": {
          "a": 1,
          "k": [
            {
              "i": {
                "x": 0,
                "y": 1
              },
              "o": {
                "x": 0.822,
                "y": 0
              },
              "t": 8,
              "s": [
                322.75,
                76,
                0
              ],
              "to": [
                10,
                0,
                0
              ],
              "ti": [
                0,
                0,
                0
              ]
            },
            {
              "i": {
                "x": 0.324,
                "y": 1
              },
              "o": {
                "x": 1,
                "y": 0
              },
              "t": 32,
              "s": [
                382.75,
                76,
                0
              ],
              "to": [
                0,
                0,
                0
              ],
              "ti": [
                10,
                0,
                0
              ]
            },
            {
              "i": {
                "x": 0.833,
                "y": 0.833
              },
              "o": {
                "x": 0.333,
                "y": 0.333
              },
              "t": 66,
              "s": [
                322.75,
                76,
                0
              ],
              "to": [
                0,
                0,
                0
              ],
              "ti": [
                0,
                0,
                0
              ]
            },
            {
              "t": 72,
              "s": [
                322.75,
                76,
                0
              ]
            }
          ],
          "ix": 2,
          "x": "var $bm_rt;\nvar $bm_rt;\n$bm_rt = $bm_rt = loopOut('cycle', 0);"
        },
        "a": {
          "a": 0,
          "k": [
            -184.75,
            13.25,
            0
          ],
          "ix": 1
        },
        "s": {
          "a": 0,
          "k": [
            86.186,
            86.186,
            100
          ],
          "ix": 6
        }
      },
      "ao": 0,
      "shapes": [
        {
          "ty": "gr",
          "it": [
            {
              "d": 1,
              "ty": "el",
              "s": {
                "a": 0,
                "k": [
                  80.5,
                  80.5
                ],
                "ix": 2
              },
              "p": {
                "a": 0,
                "k": [
                  0,
                  0
                ],
                "ix": 3
              },
              "nm": "Ellipse Path 1",
              "mn": "ADBE Vector Shape - Ellipse",
              "hd": false
            },
            {
              "ty": "fl",
              "c": {
                "a": 0,
                "k": [
                  0.286259101419,
                  0.890196078431,
                  0.613095691157,
                  1
                ],
                "ix": 4
              },
              "o": {
                "a": 0,
                "k": 100,
                "ix": 5
              },
              "r": 1,
              "bm": 0,
              "nm": "Fill 1",
              "mn": "ADBE Vector Graphic - Fill",
              "hd": false
            },
            {
              "ty": "tr",
              "p": {
                "a": 0,
                "k": [
                  -185.25,
                  13.25
                ],
                "ix": 2
              },
              "a": {
                "a": 0,
                "k": [
                  0,
                  0
                ],
                "ix": 1
              },
              "s": {
                "a": 0,
                "k": [
                  101.866,
                  101.866
                ],
                "ix": 3
              },
              "r": {
                "a": 0,
                "k": 0,
                "ix": 6
              },
              "o": {
                "a": 0,
                "k": 100,
                "ix": 7
              },
              "sk": {
                "a": 0,
                "k": 0,
                "ix": 4
              },
              "sa": {
                "a": 0,
                "k": 0,
                "ix": 5
              },
              "nm": "Transform"
            }
          ],
          "nm": "Ellipse 1",
          "np": 2,
          "cix": 2,
          "bm": 0,
          "ix": 1,
          "mn": "ADBE Vector Group",
          "hd": false
        }
      ],
      "ip": 8,
      "op": 304,
      "st": 8,
      "bm": 0
    },
    {
      "ddd": 0,
      "ind": 12,
      "ty": 4,
      "nm": "C 2",
      "sr": 1,
      "ks": {
        "o": {
          "a": 1,
          "k": [
            {
              "i": {
                "x": [
                  0
                ],
                "y": [
                  1
                ]
              },
              "o": {
                "x": [
                  0.749
                ],
                "y": [
                  0
                ]
              },
              "t": 4,
              "s": [
                0
              ]
            },
            {
              "i": {
                "x": [
                  0.273
                ],
                "y": [
                  1
                ]
              },
              "o": {
                "x": [
                  1
                ],
                "y": [
                  0
                ]
              },
              "t": 28,
              "s": [
                100
              ]
            },
            {
              "i": {
                "x": [
                  0.833
                ],
                "y": [
                  1
                ]
              },
              "o": {
                "x": [
                  0.333
                ],
                "y": [
                  0
                ]
              },
              "t": 62,
              "s": [
                0
              ]
            },
            {
              "t": 68,
              "s": [
                0
              ]
            }
          ],
          "ix": 11,
          "x": "var $bm_rt;\nvar $bm_rt;\n$bm_rt = $bm_rt = loopOut('cycle', 0);"
        },
        "r": {
          "a": 0,
          "k": 0,
          "ix": 10
        },
        "p": {
          "a": 1,
          "k": [
            {
              "i": {
                "x": 0,
                "y": 1
              },
              "o": {
                "x": 0.822,
                "y": 0
              },
              "t": 4,
              "s": [
                203.5,
                76,
                0
              ],
              "to": [
                10,
                0,
                0
              ],
              "ti": [
                0,
                0,
                0
              ]
            },
            {
              "i": {
                "x": 0.324,
                "y": 1
              },
              "o": {
                "x": 1,
                "y": 0
              },
              "t": 28,
              "s": [
                263.5,
                76,
                0
              ],
              "to": [
                0,
                0,
                0
              ],
              "ti": [
                10,
                0,
                0
              ]
            },
            {
              "i": {
                "x": 0.833,
                "y": 0.833
              },
              "o": {
                "x": 0.333,
                "y": 0.333
              },
              "t": 62,
              "s": [
                203.5,
                76,
                0
              ],
              "to": [
                0,
                0,
                0
              ],
              "ti": [
                0,
                0,
                0
              ]
            },
            {
              "t": 68,
              "s": [
                203.5,
                76,
                0
              ]
            }
          ],
          "ix": 2,
          "x": "var $bm_rt;\nvar $bm_rt;\n$bm_rt = $bm_rt = loopOut('cycle', 0);"
        },
        "a": {
          "a": 0,
          "k": [
            -184.75,
            13.25,
            0
          ],
          "ix": 1
        },
        "s": {
          "a": 0,
          "k": [
            86.186,
            86.186,
            100
          ],
          "ix": 6
        }
      },
      "ao": 0,
      "shapes": [
        {
          "ty": "gr",
          "it": [
            {
              "d": 1,
              "ty": "el",
              "s": {
                "a": 0,
                "k": [
                  80.5,
                  80.5
                ],
                "ix": 2
              },
              "p": {
                "a": 0,
                "k": [
                  0,
                  0
                ],
                "ix": 3
              },
              "nm": "Ellipse Path 1",
              "mn": "ADBE Vector Shape - Ellipse",
              "hd": false
            },
            {
              "ty": "fl",
              "c": {
                "a": 0,
                "k": [
                  0.286259101419,
                  0.890196078431,
                  0.613095691157,
                  1
                ],
                "ix": 4
              },
              "o": {
                "a": 0,
                "k": 100,
                "ix": 5
              },
              "r": 1,
              "bm": 0,
              "nm": "Fill 1",
              "mn": "ADBE Vector Graphic - Fill",
              "hd": false
            },
            {
              "ty": "tr",
              "p": {
                "a": 0,
                "k": [
                  -185.25,
                  13.25
                ],
                "ix": 2
              },
              "a": {
                "a": 0,
                "k": [
                  0,
                  0
                ],
                "ix": 1
              },
              "s": {
                "a": 0,
                "k": [
                  101.866,
                  101.866
                ],
                "ix": 3
              },
              "r": {
                "a": 0,
                "k": 0,
                "ix": 6
              },
              "o": {
                "a": 0,
                "k": 100,
                "ix": 7
              },
              "sk": {
                "a": 0,
                "k": 0,
                "ix": 4
              },
              "sa": {
                "a": 0,
                "k": 0,
                "ix": 5
              },
              "nm": "Transform"
            }
          ],
          "nm": "Ellipse 1",
          "np": 2,
          "cix": 2,
          "bm": 0,
          "ix": 1,
          "mn": "ADBE Vector Group",
          "hd": false
        }
      ],
      "ip": 4,
      "op": 304,
      "st": 4,
      "bm": 0
    },
    {
      "ddd": 0,
      "ind": 13,
      "ty": 4,
      "nm": "C 1",
      "sr": 1,
      "ks": {
        "o": {
          "a": 1,
          "k": [
            {
              "i": {
                "x": [
                  0
                ],
                "y": [
                  1
                ]
              },
              "o": {
                "x": [
                  0.749
                ],
                "y": [
                  0
                ]
              },
              "t": 0,
              "s": [
                0
              ]
            },
            {
              "i": {
                "x": [
                  0.273
                ],
                "y": [
                  1
                ]
              },
              "o": {
                "x": [
                  1
                ],
                "y": [
                  0
                ]
              },
              "t": 24,
              "s": [
                100
              ]
            },
            {
              "i": {
                "x": [
                  0.833
                ],
                "y": [
                  1
                ]
              },
              "o": {
                "x": [
                  0.333
                ],
                "y": [
                  0
                ]
              },
              "t": 58,
              "s": [
                0
              ]
            },
            {
              "t": 64,
              "s": [
                0
              ]
            }
          ],
          "ix": 11,
          "x": "var $bm_rt;\nvar $bm_rt;\n$bm_rt = $bm_rt = loopOut('cycle', 0);"
        },
        "r": {
          "a": 0,
          "k": 0,
          "ix": 10
        },
        "p": {
          "a": 1,
          "k": [
            {
              "i": {
                "x": 0,
                "y": 1
              },
              "o": {
                "x": 0.822,
                "y": 0
              },
              "t": 0,
              "s": [
                84.25,
                76,
                0
              ],
              "to": [
                10,
                0,
                0
              ],
              "ti": [
                0,
                0,
                0
              ]
            },
            {
              "i": {
                "x": 0.324,
                "y": 1
              },
              "o": {
                "x": 1,
                "y": 0
              },
              "t": 24,
              "s": [
                144.25,
                76,
                0
              ],
              "to": [
                0,
                0,
                0
              ],
              "ti": [
                10,
                0,
                0
              ]
            },
            {
              "i": {
                "x": 0.833,
                "y": 0.833
              },
              "o": {
                "x": 0.333,
                "y": 0.333
              },
              "t": 58,
              "s": [
                84.25,
                76,
                0
              ],
              "to": [
                0,
                0,
                0
              ],
              "ti": [
                0,
                0,
                0
              ]
            },
            {
              "t": 64,
              "s": [
                84.25,
                76,
                0
              ]
            }
          ],
          "ix": 2,
          "x": "var $bm_rt;\nvar $bm_rt;\n$bm_rt = $bm_rt = loopOut('cycle', 0);"
        },
        "a": {
          "a": 0,
          "k": [
            -184.75,
            13.25,
            0
          ],
          "ix": 1
        },
        "s": {
          "a": 0,
          "k": [
            86.186,
            86.186,
            100
          ],
          "ix": 6
        }
      },
      "ao": 0,
      "shapes": [
        {
          "ty": "gr",
          "it": [
            {
              "d": 1,
              "ty": "el",
              "s": {
                "a": 0,
                "k": [
                  80.5,
                  80.5
                ],
                "ix": 2
              },
              "p": {
                "a": 0,
                "k": [
                  0,
                  0
                ],
                "ix": 3
              },
              "nm": "Ellipse Path 1",
              "mn": "ADBE Vector Shape - Ellipse",
              "hd": false
            },
            {
              "ty": "fl",
              "c": {
                "a": 0,
                "k": [
                  0.286259101419,
                  0.890196078431,
                  0.613095691157,
                  1
                ],
                "ix": 4
              },
              "o": {
                "a": 0,
                "k": 100,
                "ix": 5
              },
              "r": 1,
              "bm": 0,
              "nm": "Fill 1",
              "mn": "ADBE Vector Graphic - Fill",
              "hd": false
            },
            {
              "ty": "tr",
              "p": {
                "a": 0,
                "k": [
                  -185.25,
                  13.25
                ],
                "ix": 2
              },
              "a": {
                "a": 0,
                "k": [
                  0,
                  0
                ],
                "ix": 1
              },
              "s": {
                "a": 0,
                "k": [
                  101.866,
                  101.866
                ],
                "ix": 3
              },
              "r": {
                "a": 0,
                "k": 0,
                "ix": 6
              },
              "o": {
                "a": 0,
                "k": 100,
                "ix": 7
              },
              "sk": {
                "a": 0,
                "k": 0,
                "ix": 4
              },
              "sa": {
                "a": 0,
                "k": 0,
                "ix": 5
              },
              "nm": "Transform"
            }
          ],
          "nm": "Ellipse 1",
          "np": 2,
          "cix": 2,
          "bm": 0,
          "ix": 1,
          "mn": "ADBE Vector Group",
          "hd": false
        }
      ],
      "ip": 0,
      "op": 304,
      "st": 0,
      "bm": 0
    }
  ],
  "markers": []
}