{
  "v": "4.8.0",
  "meta": {
    "g": "LottieFiles AE ",
    "a": "",
    "k": "",
    "d": "",
    "tc": ""
  },
  "fr": 30,
  "ip": 0,
  "op": 65,
  "w": 800,
  "h": 800,
  "nm": "Loading animation v3",
  "ddd": 0,
  "assets": [],
  "layers": [
    {
      "ddd": 0,
      "ind": 1,
      "ty": 3,
      "nm": "NULL CONTROL ",
      "sr": 1,
      "ks": {
        "o": {
          "a": 0,
          "k": 0,
          "ix": 11
        },
        "r": {
          "a": 1,
          "k": [
            {
              "i": {
                "x": [
                  0.619
                ],
                "y": [
                  0.422
                ]
              },
              "o": {
                "x": [
                  0.27
                ],
                "y": [
                  0
                ]
              },
              "t": 0,
              "s": [
                0
              ]
            },
            {
              "i": {
                "x": [
                  0.855
                ],
                "y": [
                  0.852
                ]
              },
              "o": {
                "x": [
                  0.22
                ],
                "y": [
                  0.723
                ]
              },
              "t": 7,
              "s": [
                125.987
              ]
            },
            {
              "t": 65,
              "s": [
                720
              ]
            }
          ],
          "ix": 10
        },
        "p": {
          "a": 0,
          "k": [
            400,
            400,
            0
          ],
          "ix": 2
        },
        "a": {
          "a": 0,
          "k": [
            50,
            50,
            0
          ],
          "ix": 1
        },
        "s": {
          "a": 0,
          "k": [
            200,
            200,
            100
          ],
          "ix": 6
        }
      },
      "ao": 0,
      "ip": 0,
      "op": 65,
      "st": 0,
      "bm": 0
    },
    {
      "ddd": 0,
      "ind": 2,
      "ty": 4,
      "nm": "Shape Layer 3",
      "parent": 1,
      "sr": 1,
      "ks": {
        "o": {
          "a": 0,
          "k": 100,
          "ix": 11
        },
        "r": {
          "a": 1,
          "k": [
            {
              "i": {
                "x": [
                  0.667
                ],
                "y": [
                  1
                ]
              },
              "o": {
                "x": [
                  0.244
                ],
                "y": [
                  0
                ]
              },
              "t": 0,
              "s": [
                0
              ]
            },
            {
              "i": {
                "x": [
                  0.311
                ],
                "y": [
                  1
                ]
              },
              "o": {
                "x": [
                  0.244
                ],
                "y": [
                  0
                ]
              },
              "t": 30,
              "s": [
                0
              ]
            },
            {
              "t": 60,
              "s": [
                360
              ]
            }
          ],
          "ix": 10
        },
        "p": {
          "a": 0,
          "k": [
            50,
            50,
            0
          ],
          "ix": 2
        },
        "a": {
          "a": 0,
          "k": [
            0,
            0,
            0
          ],
          "ix": 1
        },
        "s": {
          "a": 0,
          "k": [
            100,
            100,
            100
          ],
          "ix": 6
        }
      },
      "ao": 0,
      "shapes": [
        {
          "ty": "gr",
          "it": [
            {
              "d": 1,
              "ty": "el",
              "s": {
                "a": 0,
                "k": [
                  10,
                  10
                ],
                "ix": 2
              },
              "p": {
                "a": 0,
                "k": [
                  0,
                  -100
                ],
                "ix": 3
              },
              "nm": "Ellipse Path 1",
              "mn": "ADBE Vector Shape - Ellipse",
              "hd": false
            },
            {
              "ty": "fl",
              "c": {
                "a": 0,
                "k": [
                  0.9686274509803922,
                  0.3254901960784314,
                  0.3254901960784314,
                  1
                ],
                "ix": 4
              },
              "o": {
                "a": 0,
                "k": 29,
                "ix": 5
              },
              "r": 1,
              "bm": 0,
              "nm": "Fill 1",
              "mn": "ADBE Vector Graphic - Fill",
              "hd": false
            },
            {
              "ty": "rp",
              "c": {
                "a": 0,
                "k": 125,
                "ix": 1
              },
              "o": {
                "a": 0,
                "k": -9,
                "ix": 2
              },
              "m": 1,
              "ix": 3,
              "tr": {
                "ty": "tr",
                "p": {
                  "a": 0,
                  "k": [
                    0,
                    0
                  ],
                  "ix": 2
                },
                "a": {
                  "a": 0,
                  "k": [
                    0,
                    0
                  ],
                  "ix": 1
                },
                "s": {
                  "a": 0,
                  "k": [
                    100,
                    100
                  ],
                  "ix": 3
                },
                "r": {
                  "a": 1,
                  "k": [
                    {
                      "i": {
                        "x": [
                          0.522
                        ],
                        "y": [
                          1
                        ]
                      },
                      "o": {
                        "x": [
                          0.292
                        ],
                        "y": [
                          0
                        ]
                      },
                      "t": 0,
                      "s": [
                        0
                      ]
                    },
                    {
                      "i": {
                        "x": [
                          0.667
                        ],
                        "y": [
                          1
                        ]
                      },
                      "o": {
                        "x": [
                          0.333
                        ],
                        "y": [
                          0
                        ]
                      },
                      "t": 19,
                      "s": [
                        -1
                      ]
                    },
                    {
                      "i": {
                        "x": [
                          0.667
                        ],
                        "y": [
                          1
                        ]
                      },
                      "o": {
                        "x": [
                          0.333
                        ],
                        "y": [
                          0
                        ]
                      },
                      "t": 30,
                      "s": [
                        0
                      ]
                    },
                    {
                      "i": {
                        "x": [
                          0.833
                        ],
                        "y": [
                          1
                        ]
                      },
                      "o": {
                        "x": [
                          0.333
                        ],
                        "y": [
                          0
                        ]
                      },
                      "t": 43,
                      "s": [
                        -1
                      ]
                    },
                    {
                      "t": 64,
                      "s": [
                        0
                      ]
                    }
                  ],
                  "ix": 4
                },
                "so": {
                  "a": 1,
                  "k": [
                    {
                      "i": {
                        "x": [
                          0.833
                        ],
                        "y": [
                          0.833
                        ]
                      },
                      "o": {
                        "x": [
                          0.167
                        ],
                        "y": [
                          0.167
                        ]
                      },
                      "t": 0,
                      "s": [
                        100
                      ]
                    },
                    {
                      "i": {
                        "x": [
                          0.833
                        ],
                        "y": [
                          0.833
                        ]
                      },
                      "o": {
                        "x": [
                          0.167
                        ],
                        "y": [
                          0.167
                        ]
                      },
                      "t": 13,
                      "s": [
                        74
                      ]
                    },
                    {
                      "i": {
                        "x": [
                          0.833
                        ],
                        "y": [
                          0.833
                        ]
                      },
                      "o": {
                        "x": [
                          0.167
                        ],
                        "y": [
                          0.167
                        ]
                      },
                      "t": 30,
                      "s": [
                        100
                      ]
                    },
                    {
                      "i": {
                        "x": [
                          0.833
                        ],
                        "y": [
                          0.833
                        ]
                      },
                      "o": {
                        "x": [
                          0.167
                        ],
                        "y": [
                          0.167
                        ]
                      },
                      "t": 43,
                      "s": [
                        74
                      ]
                    },
                    {
                      "i": {
                        "x": [
                          0.833
                        ],
                        "y": [
                          0.833
                        ]
                      },
                      "o": {
                        "x": [
                          0.167
                        ],
                        "y": [
                          0.167
                        ]
                      },
                      "t": 60,
                      "s": [
                        100
                      ]
                    },
                    {
                      "t": 64,
                      "s": [
                        100
                      ]
                    }
                  ],
                  "ix": 5
                },
                "eo": {
                  "a": 0,
                  "k": 0,
                  "ix": 6
                },
                "nm": "Transform"
              },
              "nm": "Repeater 1",
              "mn": "ADBE Vector Filter - Repeater",
              "hd": false
            },
            {
              "ty": "tr",
              "p": {
                "a": 0,
                "k": [
                  0,
                  0
                ],
                "ix": 2
              },
              "a": {
                "a": 0,
                "k": [
                  0,
                  0
                ],
                "ix": 1
              },
              "s": {
                "a": 0,
                "k": [
                  100,
                  100
                ],
                "ix": 3
              },
              "r": {
                "a": 0,
                "k": 0,
                "ix": 6
              },
              "o": {
                "a": 0,
                "k": 100,
                "ix": 7
              },
              "sk": {
                "a": 0,
                "k": 0,
                "ix": 4
              },
              "sa": {
                "a": 0,
                "k": 0,
                "ix": 5
              },
              "nm": "Transform"
            }
          ],
          "nm": "Ellipse 1",
          "np": 3,
          "cix": 2,
          "bm": 0,
          "ix": 1,
          "mn": "ADBE Vector Group",
          "hd": false
        }
      ],
      "ip": 0,
      "op": 65,
      "st": 0,
      "bm": 0
    },
    {
      "ddd": 0,
      "ind": 3,
      "ty": 4,
      "nm": "Shape Layer 2",
      "parent": 1,
      "sr": 1,
      "ks": {
        "o": {
          "a": 0,
          "k": 100,
          "ix": 11
        },
        "r": {
          "a": 1,
          "k": [
            {
              "i": {
                "x": [
                  0.667
                ],
                "y": [
                  1
                ]
              },
              "o": {
                "x": [
                  0.244
                ],
                "y": [
                  0
                ]
              },
              "t": 0,
              "s": [
                0
              ]
            },
            {
              "i": {
                "x": [
                  0.311
                ],
                "y": [
                  1
                ]
              },
              "o": {
                "x": [
                  0.244
                ],
                "y": [
                  0
                ]
              },
              "t": 30,
              "s": [
                0
              ]
            },
            {
              "t": 60,
              "s": [
                360
              ]
            }
          ],
          "ix": 10
        },
        "p": {
          "a": 0,
          "k": [
            50,
            50,
            0
          ],
          "ix": 2
        },
        "a": {
          "a": 0,
          "k": [
            0,
            0,
            0
          ],
          "ix": 1
        },
        "s": {
          "a": 0,
          "k": [
            100,
            100,
            100
          ],
          "ix": 6
        }
      },
      "ao": 0,
      "shapes": [
        {
          "ty": "gr",
          "it": [
            {
              "d": 1,
              "ty": "el",
              "s": {
                "a": 0,
                "k": [
                  10,
                  10
                ],
                "ix": 2
              },
              "p": {
                "a": 0,
                "k": [
                  0,
                  -100
                ],
                "ix": 3
              },
              "nm": "Ellipse Path 1",
              "mn": "ADBE Vector Shape - Ellipse",
              "hd": false
            },
            {
              "ty": "fl",
              "c": {
                "a": 0,
                "k": [
                  1,
                  0.611764705882,
                  0,
                  1
                ],
                "ix": 4
              },
              "o": {
                "a": 0,
                "k": 29,
                "ix": 5
              },
              "r": 1,
              "bm": 0,
              "nm": "Fill 1",
              "mn": "ADBE Vector Graphic - Fill",
              "hd": false
            },
            {
              "ty": "rp",
              "c": {
                "a": 0,
                "k": 110,
                "ix": 1
              },
              "o": {
                "a": 0,
                "k": 3,
                "ix": 2
              },
              "m": 1,
              "ix": 3,
              "tr": {
                "ty": "tr",
                "p": {
                  "a": 0,
                  "k": [
                    0,
                    0
                  ],
                  "ix": 2
                },
                "a": {
                  "a": 0,
                  "k": [
                    0,
                    0
                  ],
                  "ix": 1
                },
                "s": {
                  "a": 0,
                  "k": [
                    100,
                    100
                  ],
                  "ix": 3
                },
                "r": {
                  "a": 1,
                  "k": [
                    {
                      "i": {
                        "x": [
                          0.667
                        ],
                        "y": [
                          1
                        ]
                      },
                      "o": {
                        "x": [
                          0.333
                        ],
                        "y": [
                          0
                        ]
                      },
                      "t": 0,
                      "s": [
                        0
                      ]
                    },
                    {
                      "i": {
                        "x": [
                          0.667
                        ],
                        "y": [
                          1
                        ]
                      },
                      "o": {
                        "x": [
                          0.333
                        ],
                        "y": [
                          0
                        ]
                      },
                      "t": 13,
                      "s": [
                        -1.5
                      ]
                    },
                    {
                      "i": {
                        "x": [
                          0.667
                        ],
                        "y": [
                          1
                        ]
                      },
                      "o": {
                        "x": [
                          0.333
                        ],
                        "y": [
                          0
                        ]
                      },
                      "t": 30,
                      "s": [
                        0
                      ]
                    },
                    {
                      "i": {
                        "x": [
                          0.667
                        ],
                        "y": [
                          1
                        ]
                      },
                      "o": {
                        "x": [
                          0.333
                        ],
                        "y": [
                          0
                        ]
                      },
                      "t": 43,
                      "s": [
                        -1.5
                      ]
                    },
                    {
                      "t": 60,
                      "s": [
                        0
                      ]
                    }
                  ],
                  "ix": 4
                },
                "so": {
                  "a": 1,
                  "k": [
                    {
                      "i": {
                        "x": [
                          0.705
                        ],
                        "y": [
                          1
                        ]
                      },
                      "o": {
                        "x": [
                          0.801
                        ],
                        "y": [
                          0
                        ]
                      },
                      "t": 0,
                      "s": [
                        100
                      ]
                    },
                    {
                      "i": {
                        "x": [
                          0.667
                        ],
                        "y": [
                          1
                        ]
                      },
                      "o": {
                        "x": [
                          0.845
                        ],
                        "y": [
                          0
                        ]
                      },
                      "t": 16,
                      "s": [
                        77
                      ]
                    },
                    {
                      "i": {
                        "x": [
                          0.705
                        ],
                        "y": [
                          1
                        ]
                      },
                      "o": {
                        "x": [
                          0.801
                        ],
                        "y": [
                          0
                        ]
                      },
                      "t": 30,
                      "s": [
                        100
                      ]
                    },
                    {
                      "i": {
                        "x": [
                          0
                        ],
                        "y": [
                          1
                        ]
                      },
                      "o": {
                        "x": [
                          0.845
                        ],
                        "y": [
                          0
                        ]
                      },
                      "t": 46,
                      "s": [
                        77
                      ]
                    },
                    {
                      "t": 60,
                      "s": [
                        100
                      ]
                    }
                  ],
                  "ix": 5
                },
                "eo": {
                  "a": 0,
                  "k": 0,
                  "ix": 6
                },
                "nm": "Transform"
              },
              "nm": "Repeater 1",
              "mn": "ADBE Vector Filter - Repeater",
              "hd": false
            },
            {
              "ty": "tr",
              "p": {
                "a": 0,
                "k": [
                  0,
                  0
                ],
                "ix": 2
              },
              "a": {
                "a": 0,
                "k": [
                  0,
                  0
                ],
                "ix": 1
              },
              "s": {
                "a": 0,
                "k": [
                  100,
                  100
                ],
                "ix": 3
              },
              "r": {
                "a": 0,
                "k": 0,
                "ix": 6
              },
              "o": {
                "a": 0,
                "k": 100,
                "ix": 7
              },
              "sk": {
                "a": 0,
                "k": 0,
                "ix": 4
              },
              "sa": {
                "a": 0,
                "k": 0,
                "ix": 5
              },
              "nm": "Transform"
            }
          ],
          "nm": "Ellipse 1",
          "np": 3,
          "cix": 2,
          "bm": 0,
          "ix": 1,
          "mn": "ADBE Vector Group",
          "hd": false
        }
      ],
      "ip": 0,
      "op": 65,
      "st": 0,
      "bm": 0
    }
  ],
  "markers": []
}