{
  "project_info": {
    "project_number": "752654880791",
    "project_id": "pink-banana-storm",
    "storage_bucket": "pink-banana-storm.appspot.com"
  },
  "client": [
    {
      "client_info": {
        "mobilesdk_app_id": "1:752654880791:android:64fca999305fe4bc860c52",
        "android_client_info": {
          "package_name": "com.dekovir"
        }
      },
      "oauth_client": [],
      "api_key": [
        {
          "current_key": "AIzaSyBckmthBFCXu1XNWjYfMDIR_M2Q_DMGUtQ"
        }
      ],
      "services": {
        "appinvite_service": {
          "other_platform_oauth_client": []
        }
      }
    }
  ],
  "configuration_version": "1"
}