{
  "nm": "Comp 1",
  "mn": "",
  "layers": [
    {
      "ty": 0,
      "nm": "Pre-comp 1",
      "mn": "",
      "sr": 1,
      "st": 0,
      "op": 211,
      "ip": 0,
      "hd": false,
      "cl": "",
      "ln": "",
      "ddd": 0,
      "bm": 0,
      "tt": 0,
      "hasMask": false,
      "td": 0,
      "ao": 0,
      "ks": {
        "a": {
          "a": 0,
          "k": [
            150,
            150,
            0
          ],
          "ix": 1
        },
        "s": {
          "a": 0,
          "k": [
            41,
            41,
            100
          ],
          "ix": 6
        },
        "sk": {
          "a": 0,
          "k": 0
        },
        "p": {
          "a": 0,
          "k": [
            150,
            150,
            0
          ],
          "ix": 2
        },
        "sa": {
          "a": 0,
          "k": 0
        },
        "o": {
          "a": 0,
          "k": 100,
          "ix": 11
        },
        "r": {
          "a": 0,
          "k": 0,
          "ix": 10
        }
      },
      "ef": [],
      "w": 300,
      "h": 300,
      "refId": "comp_0",
      "ind": 0
    }
  ],
  "ddd": 0,
  "h": 300,
  "w": 300,
  "meta": {
    "a": "",
    "k": "",
    "d": "",
    "g": "LottieFiles AE 1.0.0",
    "tc": "#000000"
  },
  "v": "4.8.0",
  "fr": 36,
  "op": 41,
  "ip": 9,
  "assets": [
    {
      "nm": "",
      "mn": "",
      "layers": [
        {
          "ty": 4,
          "nm": "ball4",
          "mn": "",
          "sr": 1,
          "st": 25,
          "op": 71,
          "ip": 40,
          "hd": false,
          "cl": "",
          "ln": "",
          "ddd": 0,
          "bm": 0,
          "tt": 0,
          "hasMask": false,
          "td": 0,
          "ao": 0,
          "ks": {
            "a": {
              "a": 0,
              "k": [
                0,
                0,
                0
              ],
              "ix": 1
            },
            "s": {
              "a": 0,
              "k": [
                100,
                100,
                100
              ],
              "ix": 6
            },
            "sk": {
              "a": 0,
              "k": 0
            },
            "p": {
              "s": true,
              "x": {
                "a": 0,
                "k": 223,
                "ix": 3
              },
              "y": {
                "a": 1,
                "k": [
                  {
                    "o": {
                      "x": 0.534,
                      "y": 0
                    },
                    "i": {
                      "x": 0.465,
                      "y": 1
                    },
                    "s": [
                      169.5
                    ],
                    "t": 25
                  },
                  {
                    "o": {
                      "x": 0.514,
                      "y": 0
                    },
                    "i": {
                      "x": 0.424,
                      "y": 1
                    },
                    "s": [
                      129.5
                    ],
                    "t": 40
                  },
                  {
                    "o": {
                      "x": 0.054,
                      "y": 0
                    },
                    "i": {
                      "x": 0.465,
                      "y": 1
                    },
                    "s": [
                      169.5
                    ],
                    "t": 55
                  },
                  {
                    "o": {
                      "x": 0.167,
                      "y": 0.167
                    },
                    "i": {
                      "x": 0.833,
                      "y": 0.833
                    },
                    "s": [
                      129.5
                    ],
                    "t": 70
                  }
                ],
                "ix": 4
              }
            },
            "sa": {
              "a": 0,
              "k": 0
            },
            "o": {
              "a": 0,
              "k": 100,
              "ix": 11
            },
            "r": {
              "a": 0,
              "k": 0,
              "ix": 10
            }
          },
          "ef": [],
          "shapes": [
            {
              "ty": "gr",
              "bm": 0,
              "cl": "",
              "ln": "",
              "hd": false,
              "mn": "ADBE Vector Group",
              "nm": "Group 1",
              "ix": 1,
              "cix": 2,
              "np": 2,
              "it": [
                {
                  "ty": "sh",
                  "bm": 0,
                  "cl": "",
                  "ln": "",
                  "hd": false,
                  "mn": "ADBE Vector Shape - Group",
                  "nm": "Path 1",
                  "ix": 1,
                  "d": 1,
                  "ks": {
                    "a": 0,
                    "k": {
                      "c": true,
                      "i": [
                        [
                          0,
                          -14.359
                        ],
                        [
                          14.359,
                          0
                        ],
                        [
                          0,
                          14.359
                        ],
                        [
                          -14.359,
                          0
                        ]
                      ],
                      "o": [
                        [
                          0,
                          14.359
                        ],
                        [
                          -14.359,
                          0
                        ],
                        [
                          0,
                          -14.359
                        ],
                        [
                          14.359,
                          0
                        ]
                      ],
                      "v": [
                        [
                          26,
                          0
                        ],
                        [
                          0,
                          26
                        ],
                        [
                          -26,
                          0
                        ],
                        [
                          0,
                          -26
                        ]
                      ]
                    },
                    "ix": 2
                  }
                },
                {
                  "ty": "fl",
                  "bm": 0,
                  "cl": "",
                  "ln": "",
                  "hd": false,
                  "mn": "ADBE Vector Graphic - Fill",
                  "nm": "Fill 1",
                  "c": {
                    "a": 0,
                    "k": [
                      0.9882,
                      0.298,
                      0.5098
                    ],
                    "ix": 4
                  },
                  "r": 1,
                  "o": {
                    "a": 0,
                    "k": 100,
                    "ix": 5
                  }
                },
                {
                  "ty": "tr",
                  "a": {
                    "a": 0,
                    "k": [
                      0,
                      0
                    ],
                    "ix": 1
                  },
                  "s": {
                    "a": 0,
                    "k": [
                      100,
                      100
                    ],
                    "ix": 3
                  },
                  "sk": {
                    "a": 0,
                    "k": 0,
                    "ix": 4
                  },
                  "p": {
                    "a": 0,
                    "k": [
                      0,
                      0
                    ],
                    "ix": 2
                  },
                  "r": {
                    "a": 0,
                    "k": 0,
                    "ix": 6
                  },
                  "sa": {
                    "a": 0,
                    "k": 0,
                    "ix": 5
                  },
                  "o": {
                    "a": 0,
                    "k": 100,
                    "ix": 7
                  }
                }
              ]
            }
          ],
          "ind": 0
        },
        {
          "ty": 4,
          "nm": "ball 4",
          "mn": "",
          "sr": 1,
          "st": 20,
          "op": 66,
          "ip": 35,
          "hd": false,
          "cl": "",
          "ln": "",
          "ddd": 0,
          "bm": 0,
          "tt": 0,
          "hasMask": false,
          "td": 0,
          "ao": 0,
          "ks": {
            "a": {
              "a": 0,
              "k": [
                0,
                0,
                0
              ],
              "ix": 1
            },
            "s": {
              "a": 0,
              "k": [
                100,
                100,
                100
              ],
              "ix": 6
            },
            "sk": {
              "a": 0,
              "k": 0
            },
            "p": {
              "s": true,
              "x": {
                "a": 0,
                "k": 150,
                "ix": 3
              },
              "y": {
                "a": 1,
                "k": [
                  {
                    "o": {
                      "x": 0.534,
                      "y": 0
                    },
                    "i": {
                      "x": 0.465,
                      "y": 1
                    },
                    "s": [
                      169.5
                    ],
                    "t": 20
                  },
                  {
                    "o": {
                      "x": 0.514,
                      "y": 0
                    },
                    "i": {
                      "x": 0.424,
                      "y": 1
                    },
                    "s": [
                      129.5
                    ],
                    "t": 35
                  },
                  {
                    "o": {
                      "x": 0.054,
                      "y": 0
                    },
                    "i": {
                      "x": 0.465,
                      "y": 1
                    },
                    "s": [
                      169.5
                    ],
                    "t": 50
                  },
                  {
                    "o": {
                      "x": 0.167,
                      "y": 0.167
                    },
                    "i": {
                      "x": 0.833,
                      "y": 0.833
                    },
                    "s": [
                      129.5
                    ],
                    "t": 65
                  }
                ],
                "ix": 4
              }
            },
            "sa": {
              "a": 0,
              "k": 0
            },
            "o": {
              "a": 0,
              "k": 100,
              "ix": 11
            },
            "r": {
              "a": 0,
              "k": 0,
              "ix": 10
            }
          },
          "ef": [],
          "shapes": [
            {
              "ty": "gr",
              "bm": 0,
              "cl": "",
              "ln": "",
              "hd": false,
              "mn": "ADBE Vector Group",
              "nm": "Group 1",
              "ix": 1,
              "cix": 2,
              "np": 2,
              "it": [
                {
                  "ty": "sh",
                  "bm": 0,
                  "cl": "",
                  "ln": "",
                  "hd": false,
                  "mn": "ADBE Vector Shape - Group",
                  "nm": "Path 1",
                  "ix": 1,
                  "d": 1,
                  "ks": {
                    "a": 0,
                    "k": {
                      "c": true,
                      "i": [
                        [
                          0,
                          -14.359
                        ],
                        [
                          14.359,
                          0
                        ],
                        [
                          0,
                          14.359
                        ],
                        [
                          -14.359,
                          0
                        ]
                      ],
                      "o": [
                        [
                          0,
                          14.359
                        ],
                        [
                          -14.359,
                          0
                        ],
                        [
                          0,
                          -14.359
                        ],
                        [
                          14.359,
                          0
                        ]
                      ],
                      "v": [
                        [
                          26,
                          0
                        ],
                        [
                          0,
                          26
                        ],
                        [
                          -26,
                          0
                        ],
                        [
                          0,
                          -26
                        ]
                      ]
                    },
                    "ix": 2
                  }
                },
                {
                  "ty": "fl",
                  "bm": 0,
                  "cl": "",
                  "ln": "",
                  "hd": false,
                  "mn": "ADBE Vector Graphic - Fill",
                  "nm": "Fill 1",
                  "c": {
                    "a": 0,
                    "k": [
                      0.9882,
                      0.298,
                      0.5098
                    ],
                    "ix": 4
                  },
                  "r": 1,
                  "o": {
                    "a": 0,
                    "k": 100,
                    "ix": 5
                  }
                },
                {
                  "ty": "tr",
                  "a": {
                    "a": 0,
                    "k": [
                      0,
                      0
                    ],
                    "ix": 1
                  },
                  "s": {
                    "a": 0,
                    "k": [
                      100,
                      100
                    ],
                    "ix": 3
                  },
                  "sk": {
                    "a": 0,
                    "k": 0,
                    "ix": 4
                  },
                  "p": {
                    "a": 0,
                    "k": [
                      0,
                      0
                    ],
                    "ix": 2
                  },
                  "r": {
                    "a": 0,
                    "k": 0,
                    "ix": 6
                  },
                  "sa": {
                    "a": 0,
                    "k": 0,
                    "ix": 5
                  },
                  "o": {
                    "a": 0,
                    "k": 100,
                    "ix": 7
                  }
                }
              ]
            }
          ],
          "ind": 1
        },
        {
          "ty": 4,
          "nm": "ball 3",
          "mn": "",
          "sr": 1,
          "st": 15,
          "op": 61,
          "ip": 30,
          "hd": false,
          "cl": "",
          "ln": "",
          "ddd": 0,
          "bm": 0,
          "tt": 0,
          "hasMask": false,
          "td": 0,
          "ao": 0,
          "ks": {
            "a": {
              "a": 0,
              "k": [
                0,
                0,
                0
              ],
              "ix": 1
            },
            "s": {
              "a": 0,
              "k": [
                100,
                100,
                100
              ],
              "ix": 6
            },
            "sk": {
              "a": 0,
              "k": 0
            },
            "p": {
              "s": true,
              "x": {
                "a": 0,
                "k": 77,
                "ix": 3
              },
              "y": {
                "a": 1,
                "k": [
                  {
                    "o": {
                      "x": 0.534,
                      "y": 0
                    },
                    "i": {
                      "x": 0.465,
                      "y": 1
                    },
                    "s": [
                      169.5
                    ],
                    "t": 15
                  },
                  {
                    "o": {
                      "x": 0.514,
                      "y": 0
                    },
                    "i": {
                      "x": 0.424,
                      "y": 1
                    },
                    "s": [
                      129.5
                    ],
                    "t": 30
                  },
                  {
                    "o": {
                      "x": 0.054,
                      "y": 0
                    },
                    "i": {
                      "x": 0.465,
                      "y": 1
                    },
                    "s": [
                      169.5
                    ],
                    "t": 45
                  },
                  {
                    "o": {
                      "x": 0.167,
                      "y": 0.167
                    },
                    "i": {
                      "x": 0.833,
                      "y": 0.833
                    },
                    "s": [
                      129.5
                    ],
                    "t": 60
                  }
                ],
                "ix": 4
              }
            },
            "sa": {
              "a": 0,
              "k": 0
            },
            "o": {
              "a": 0,
              "k": 100,
              "ix": 11
            },
            "r": {
              "a": 0,
              "k": 0,
              "ix": 10
            }
          },
          "ef": [],
          "shapes": [
            {
              "ty": "gr",
              "bm": 0,
              "cl": "",
              "ln": "",
              "hd": false,
              "mn": "ADBE Vector Group",
              "nm": "Group 1",
              "ix": 1,
              "cix": 2,
              "np": 2,
              "it": [
                {
                  "ty": "sh",
                  "bm": 0,
                  "cl": "",
                  "ln": "",
                  "hd": false,
                  "mn": "ADBE Vector Shape - Group",
                  "nm": "Path 1",
                  "ix": 1,
                  "d": 1,
                  "ks": {
                    "a": 0,
                    "k": {
                      "c": true,
                      "i": [
                        [
                          0,
                          -14.359
                        ],
                        [
                          14.359,
                          0
                        ],
                        [
                          0,
                          14.359
                        ],
                        [
                          -14.359,
                          0
                        ]
                      ],
                      "o": [
                        [
                          0,
                          14.359
                        ],
                        [
                          -14.359,
                          0
                        ],
                        [
                          0,
                          -14.359
                        ],
                        [
                          14.359,
                          0
                        ]
                      ],
                      "v": [
                        [
                          26,
                          0
                        ],
                        [
                          0,
                          26
                        ],
                        [
                          -26,
                          0
                        ],
                        [
                          0,
                          -26
                        ]
                      ]
                    },
                    "ix": 2
                  }
                },
                {
                  "ty": "fl",
                  "bm": 0,
                  "cl": "",
                  "ln": "",
                  "hd": false,
                  "mn": "ADBE Vector Graphic - Fill",
                  "nm": "Fill 1",
                  "c": {
                    "a": 0,
                    "k": [
                      0.9882,
                      0.298,
                      0.5098
                    ],
                    "ix": 4
                  },
                  "r": 1,
                  "o": {
                    "a": 0,
                    "k": 100,
                    "ix": 5
                  }
                },
                {
                  "ty": "tr",
                  "a": {
                    "a": 0,
                    "k": [
                      0,
                      0
                    ],
                    "ix": 1
                  },
                  "s": {
                    "a": 0,
                    "k": [
                      100,
                      100
                    ],
                    "ix": 3
                  },
                  "sk": {
                    "a": 0,
                    "k": 0,
                    "ix": 4
                  },
                  "p": {
                    "a": 0,
                    "k": [
                      0,
                      0
                    ],
                    "ix": 2
                  },
                  "r": {
                    "a": 0,
                    "k": 0,
                    "ix": 6
                  },
                  "sa": {
                    "a": 0,
                    "k": 0,
                    "ix": 5
                  },
                  "o": {
                    "a": 0,
                    "k": 100,
                    "ix": 7
                  }
                }
              ]
            }
          ],
          "ind": 2
        },
        {
          "ty": 4,
          "nm": "ball3",
          "mn": "",
          "sr": 1,
          "st": -6,
          "op": 40,
          "ip": 9,
          "hd": false,
          "cl": "",
          "ln": "",
          "ddd": 0,
          "bm": 0,
          "tt": 0,
          "hasMask": false,
          "td": 0,
          "ao": 0,
          "ks": {
            "a": {
              "a": 0,
              "k": [
                0,
                0,
                0
              ],
              "ix": 1
            },
            "s": {
              "a": 0,
              "k": [
                100,
                100,
                100
              ],
              "ix": 6
            },
            "sk": {
              "a": 0,
              "k": 0
            },
            "p": {
              "s": true,
              "x": {
                "a": 0,
                "k": 223,
                "ix": 3
              },
              "y": {
                "a": 1,
                "k": [
                  {
                    "o": {
                      "x": 0.534,
                      "y": 0
                    },
                    "i": {
                      "x": 0.465,
                      "y": 1
                    },
                    "s": [
                      169.5
                    ],
                    "t": -6
                  },
                  {
                    "o": {
                      "x": 0.514,
                      "y": 0
                    },
                    "i": {
                      "x": 0.424,
                      "y": 1
                    },
                    "s": [
                      129.5
                    ],
                    "t": 9
                  },
                  {
                    "o": {
                      "x": 0.054,
                      "y": 0
                    },
                    "i": {
                      "x": 0.465,
                      "y": 1
                    },
                    "s": [
                      169.5
                    ],
                    "t": 24
                  },
                  {
                    "o": {
                      "x": 0.167,
                      "y": 0.167
                    },
                    "i": {
                      "x": 0.833,
                      "y": 0.833
                    },
                    "s": [
                      129.5
                    ],
                    "t": 39
                  }
                ],
                "ix": 4
              }
            },
            "sa": {
              "a": 0,
              "k": 0
            },
            "o": {
              "a": 0,
              "k": 100,
              "ix": 11
            },
            "r": {
              "a": 0,
              "k": 0,
              "ix": 10
            }
          },
          "ef": [],
          "shapes": [
            {
              "ty": "gr",
              "bm": 0,
              "cl": "",
              "ln": "",
              "hd": false,
              "mn": "ADBE Vector Group",
              "nm": "Group 1",
              "ix": 1,
              "cix": 2,
              "np": 2,
              "it": [
                {
                  "ty": "sh",
                  "bm": 0,
                  "cl": "",
                  "ln": "",
                  "hd": false,
                  "mn": "ADBE Vector Shape - Group",
                  "nm": "Path 1",
                  "ix": 1,
                  "d": 1,
                  "ks": {
                    "a": 0,
                    "k": {
                      "c": true,
                      "i": [
                        [
                          0,
                          -14.359
                        ],
                        [
                          14.359,
                          0
                        ],
                        [
                          0,
                          14.359
                        ],
                        [
                          -14.359,
                          0
                        ]
                      ],
                      "o": [
                        [
                          0,
                          14.359
                        ],
                        [
                          -14.359,
                          0
                        ],
                        [
                          0,
                          -14.359
                        ],
                        [
                          14.359,
                          0
                        ]
                      ],
                      "v": [
                        [
                          26,
                          0
                        ],
                        [
                          0,
                          26
                        ],
                        [
                          -26,
                          0
                        ],
                        [
                          0,
                          -26
                        ]
                      ]
                    },
                    "ix": 2
                  }
                },
                {
                  "ty": "fl",
                  "bm": 0,
                  "cl": "",
                  "ln": "",
                  "hd": false,
                  "mn": "ADBE Vector Graphic - Fill",
                  "nm": "Fill 1",
                  "c": {
                    "a": 0,
                    "k": [
                      0.9882,
                      0.298,
                      0.5098
                    ],
                    "ix": 4
                  },
                  "r": 1,
                  "o": {
                    "a": 0,
                    "k": 100,
                    "ix": 5
                  }
                },
                {
                  "ty": "tr",
                  "a": {
                    "a": 0,
                    "k": [
                      0,
                      0
                    ],
                    "ix": 1
                  },
                  "s": {
                    "a": 0,
                    "k": [
                      100,
                      100
                    ],
                    "ix": 3
                  },
                  "sk": {
                    "a": 0,
                    "k": 0,
                    "ix": 4
                  },
                  "p": {
                    "a": 0,
                    "k": [
                      0,
                      0
                    ],
                    "ix": 2
                  },
                  "r": {
                    "a": 0,
                    "k": 0,
                    "ix": 6
                  },
                  "sa": {
                    "a": 0,
                    "k": 0,
                    "ix": 5
                  },
                  "o": {
                    "a": 0,
                    "k": 100,
                    "ix": 7
                  }
                }
              ]
            }
          ],
          "ind": 3
        },
        {
          "ty": 4,
          "nm": "ball 2",
          "mn": "",
          "sr": 1,
          "st": -11,
          "op": 35,
          "ip": 4,
          "hd": false,
          "cl": "",
          "ln": "",
          "ddd": 0,
          "bm": 0,
          "tt": 0,
          "hasMask": false,
          "td": 0,
          "ao": 0,
          "ks": {
            "a": {
              "a": 0,
              "k": [
                0,
                0,
                0
              ],
              "ix": 1
            },
            "s": {
              "a": 0,
              "k": [
                100,
                100,
                100
              ],
              "ix": 6
            },
            "sk": {
              "a": 0,
              "k": 0
            },
            "p": {
              "s": true,
              "x": {
                "a": 0,
                "k": 150,
                "ix": 3
              },
              "y": {
                "a": 1,
                "k": [
                  {
                    "o": {
                      "x": 0.534,
                      "y": 0
                    },
                    "i": {
                      "x": 0.465,
                      "y": 1
                    },
                    "s": [
                      169.5
                    ],
                    "t": -11
                  },
                  {
                    "o": {
                      "x": 0.514,
                      "y": 0
                    },
                    "i": {
                      "x": 0.424,
                      "y": 1
                    },
                    "s": [
                      129.5
                    ],
                    "t": 4
                  },
                  {
                    "o": {
                      "x": 0.054,
                      "y": 0
                    },
                    "i": {
                      "x": 0.465,
                      "y": 1
                    },
                    "s": [
                      169.5
                    ],
                    "t": 19
                  },
                  {
                    "o": {
                      "x": 0.167,
                      "y": 0.167
                    },
                    "i": {
                      "x": 0.833,
                      "y": 0.833
                    },
                    "s": [
                      129.5
                    ],
                    "t": 34
                  }
                ],
                "ix": 4
              }
            },
            "sa": {
              "a": 0,
              "k": 0
            },
            "o": {
              "a": 0,
              "k": 100,
              "ix": 11
            },
            "r": {
              "a": 0,
              "k": 0,
              "ix": 10
            }
          },
          "ef": [],
          "shapes": [
            {
              "ty": "gr",
              "bm": 0,
              "cl": "",
              "ln": "",
              "hd": false,
              "mn": "ADBE Vector Group",
              "nm": "Group 1",
              "ix": 1,
              "cix": 2,
              "np": 2,
              "it": [
                {
                  "ty": "sh",
                  "bm": 0,
                  "cl": "",
                  "ln": "",
                  "hd": false,
                  "mn": "ADBE Vector Shape - Group",
                  "nm": "Path 1",
                  "ix": 1,
                  "d": 1,
                  "ks": {
                    "a": 0,
                    "k": {
                      "c": true,
                      "i": [
                        [
                          0,
                          -14.359
                        ],
                        [
                          14.359,
                          0
                        ],
                        [
                          0,
                          14.359
                        ],
                        [
                          -14.359,
                          0
                        ]
                      ],
                      "o": [
                        [
                          0,
                          14.359
                        ],
                        [
                          -14.359,
                          0
                        ],
                        [
                          0,
                          -14.359
                        ],
                        [
                          14.359,
                          0
                        ]
                      ],
                      "v": [
                        [
                          26,
                          0
                        ],
                        [
                          0,
                          26
                        ],
                        [
                          -26,
                          0
                        ],
                        [
                          0,
                          -26
                        ]
                      ]
                    },
                    "ix": 2
                  }
                },
                {
                  "ty": "fl",
                  "bm": 0,
                  "cl": "",
                  "ln": "",
                  "hd": false,
                  "mn": "ADBE Vector Graphic - Fill",
                  "nm": "Fill 1",
                  "c": {
                    "a": 0,
                    "k": [
                      0.9882,
                      0.298,
                      0.5098
                    ],
                    "ix": 4
                  },
                  "r": 1,
                  "o": {
                    "a": 0,
                    "k": 100,
                    "ix": 5
                  }
                },
                {
                  "ty": "tr",
                  "a": {
                    "a": 0,
                    "k": [
                      0,
                      0
                    ],
                    "ix": 1
                  },
                  "s": {
                    "a": 0,
                    "k": [
                      100,
                      100
                    ],
                    "ix": 3
                  },
                  "sk": {
                    "a": 0,
                    "k": 0,
                    "ix": 4
                  },
                  "p": {
                    "a": 0,
                    "k": [
                      0,
                      0
                    ],
                    "ix": 2
                  },
                  "r": {
                    "a": 0,
                    "k": 0,
                    "ix": 6
                  },
                  "sa": {
                    "a": 0,
                    "k": 0,
                    "ix": 5
                  },
                  "o": {
                    "a": 0,
                    "k": 100,
                    "ix": 7
                  }
                }
              ]
            }
          ],
          "ind": 4
        },
        {
          "ty": 4,
          "nm": "ball 1",
          "mn": "",
          "sr": 1,
          "st": -16,
          "op": 30,
          "ip": -1,
          "hd": false,
          "cl": "",
          "ln": "",
          "ddd": 0,
          "bm": 0,
          "tt": 0,
          "hasMask": false,
          "td": 0,
          "ao": 0,
          "ks": {
            "a": {
              "a": 0,
              "k": [
                0,
                0,
                0
              ],
              "ix": 1
            },
            "s": {
              "a": 0,
              "k": [
                100,
                100,
                100
              ],
              "ix": 6
            },
            "sk": {
              "a": 0,
              "k": 0
            },
            "p": {
              "s": true,
              "x": {
                "a": 0,
                "k": 77,
                "ix": 3
              },
              "y": {
                "a": 1,
                "k": [
                  {
                    "o": {
                      "x": 0.534,
                      "y": 0
                    },
                    "i": {
                      "x": 0.465,
                      "y": 1
                    },
                    "s": [
                      169.5
                    ],
                    "t": -16
                  },
                  {
                    "o": {
                      "x": 0.514,
                      "y": 0
                    },
                    "i": {
                      "x": 0.424,
                      "y": 1
                    },
                    "s": [
                      129.5
                    ],
                    "t": -1
                  },
                  {
                    "o": {
                      "x": 0.054,
                      "y": 0
                    },
                    "i": {
                      "x": 0.465,
                      "y": 1
                    },
                    "s": [
                      169.5
                    ],
                    "t": 14
                  },
                  {
                    "o": {
                      "x": 0.167,
                      "y": 0.167
                    },
                    "i": {
                      "x": 0.833,
                      "y": 0.833
                    },
                    "s": [
                      129.5
                    ],
                    "t": 29
                  }
                ],
                "ix": 4
              }
            },
            "sa": {
              "a": 0,
              "k": 0
            },
            "o": {
              "a": 0,
              "k": 100,
              "ix": 11
            },
            "r": {
              "a": 0,
              "k": 0,
              "ix": 10
            }
          },
          "ef": [],
          "shapes": [
            {
              "ty": "gr",
              "bm": 0,
              "cl": "",
              "ln": "",
              "hd": false,
              "mn": "ADBE Vector Group",
              "nm": "Group 1",
              "ix": 1,
              "cix": 2,
              "np": 2,
              "it": [
                {
                  "ty": "sh",
                  "bm": 0,
                  "cl": "",
                  "ln": "",
                  "hd": false,
                  "mn": "ADBE Vector Shape - Group",
                  "nm": "Path 1",
                  "ix": 1,
                  "d": 1,
                  "ks": {
                    "a": 0,
                    "k": {
                      "c": true,
                      "i": [
                        [
                          0,
                          -14.359
                        ],
                        [
                          14.359,
                          0
                        ],
                        [
                          0,
                          14.359
                        ],
                        [
                          -14.359,
                          0
                        ]
                      ],
                      "o": [
                        [
                          0,
                          14.359
                        ],
                        [
                          -14.359,
                          0
                        ],
                        [
                          0,
                          -14.359
                        ],
                        [
                          14.359,
                          0
                        ]
                      ],
                      "v": [
                        [
                          26,
                          0
                        ],
                        [
                          0,
                          26
                        ],
                        [
                          -26,
                          0
                        ],
                        [
                          0,
                          -26
                        ]
                      ]
                    },
                    "ix": 2
                  }
                },
                {
                  "ty": "fl",
                  "bm": 0,
                  "cl": "",
                  "ln": "",
                  "hd": false,
                  "mn": "ADBE Vector Graphic - Fill",
                  "nm": "Fill 1",
                  "c": {
                    "a": 0,
                    "k": [
                      0.9882,
                      0.298,
                      0.5098
                    ],
                    "ix": 4
                  },
                  "r": 1,
                  "o": {
                    "a": 0,
                    "k": 100,
                    "ix": 5
                  }
                },
                {
                  "ty": "tr",
                  "a": {
                    "a": 0,
                    "k": [
                      0,
                      0
                    ],
                    "ix": 1
                  },
                  "s": {
                    "a": 0,
                    "k": [
                      100,
                      100
                    ],
                    "ix": 3
                  },
                  "sk": {
                    "a": 0,
                    "k": 0,
                    "ix": 4
                  },
                  "p": {
                    "a": 0,
                    "k": [
                      0,
                      0
                    ],
                    "ix": 2
                  },
                  "r": {
                    "a": 0,
                    "k": 0,
                    "ix": 6
                  },
                  "sa": {
                    "a": 0,
                    "k": 0,
                    "ix": 5
                  },
                  "o": {
                    "a": 0,
                    "k": 100,
                    "ix": 7
                  }
                }
              ]
            }
          ],
          "ind": 5
        }
      ],
      "id": "comp_0",
      "fr": 30
    }
  ]
}