{"v":"5.5.7","meta":{"g":"LottieFiles AE 0.1.20","a":"","k":"","d":"","tc":"none"},"fr":25,"ip":0,"op":124,"w":600,"h":400,"nm":"internet","ddd":0,"assets":[{"id":"comp_0","layers":[{"ddd":0,"ind":1,"ty":4,"nm":"mouse","sr":1,"ks":{"o":{"a":0,"k":100,"ix":11},"r":{"a":0,"k":0,"ix":10},"p":{"a":1,"k":[{"i":{"x":0.2,"y":1},"o":{"x":0.8,"y":0},"t":0,"s":[563,363,0],"to":[0,0,0],"ti":[0,0,0]},{"t":13,"s":[335,191,0],"h":1},{"i":{"x":0.2,"y":1},"o":{"x":0.8,"y":0},"t":20,"s":[335,191,0],"to":[0,0,0],"ti":[0,0,0]},{"t":32,"s":[563,363,0],"h":1},{"i":{"x":0.2,"y":1},"o":{"x":0.8,"y":0},"t":64,"s":[563,363,0],"to":[-43,-28.667,0],"ti":[43,28.667,0]},{"t":77,"s":[335,191,0],"h":1},{"i":{"x":0.2,"y":1},"o":{"x":0.8,"y":0},"t":84,"s":[335,191,0],"to":[0,0,0],"ti":[0,0,0]},{"t":96,"s":[563,363,0],"h":1}],"ix":2},"a":{"a":0,"k":[0,0,0],"ix":1},"s":{"a":1,"k":[{"i":{"x":[0.2,0.2,0.2],"y":[1,1,1]},"o":{"x":[0.8,0.8,0.8],"y":[0,0,0]},"t":13,"s":[50,50,100]},{"i":{"x":[0.2,0.2,0.2],"y":[1,1,1]},"o":{"x":[0.8,0.8,0.8],"y":[0,0,0]},"t":16,"s":[30,30,100]},{"i":{"x":[0.2,0.2,0.2],"y":[1,1,1]},"o":{"x":[0.8,0.8,0.8],"y":[0,0,0]},"t":19,"s":[50,50,100]},{"i":{"x":[0.2,0.2,0.2],"y":[1,1,1]},"o":{"x":[0.8,0.8,0.8],"y":[0,0,0]},"t":81,"s":[50,50,100]},{"i":{"x":[0.2,0.2,0.2],"y":[1,1,1]},"o":{"x":[0.8,0.8,0.8],"y":[0,0,0]},"t":84,"s":[30,30,100]},{"t":87,"s":[50,50,100]}],"ix":6}},"ao":0,"shapes":[{"ind":0,"ty":"sh","ix":1,"ks":{"a":0,"k":{"i":[[1.491,0.367],[0,0],[-0.354,-1.44],[0,0],[-1.086,1.086],[0,0],[0,0],[-0.77,0.77],[0,0],[0.77,0.77],[0,0],[0,0]],"o":[[0,0],[-1.44,-0.354],[0,0],[0.367,1.491],[0,0],[0,0],[0.77,0.77],[0,0],[0.77,-0.77],[0,0],[0,0],[1.086,-1.086]],"v":[[8.807,-19.668],[-25.765,-28.181],[-28.151,-25.795],[-19.639,8.777],[-16.329,9.7],[-9.123,2.493],[16.15,27.765],[18.938,27.765],[27.736,18.968],[27.736,16.179],[2.464,-9.093],[9.73,-16.359]],"c":true},"ix":2},"nm":"Path 1","mn":"ADBE Vector Shape - Group","hd":false},{"ty":"fl","c":{"a":0,"k":[0.94909620098,0.069335795384,0.253293086033,1],"ix":4},"o":{"a":0,"k":100,"ix":5},"r":1,"bm":0,"nm":"Fill 1","mn":"ADBE Vector Graphic - Fill","hd":false}],"ip":0,"op":126,"st":0,"bm":0},{"ddd":0,"ind":2,"ty":4,"nm":"internet outer circle","sr":1,"ks":{"o":{"a":0,"k":100,"ix":11},"r":{"a":0,"k":0,"ix":10},"p":{"a":0,"k":[300,172,0],"ix":2},"a":{"a":0,"k":[0,0,0],"ix":1},"s":{"a":1,"k":[{"i":{"x":[0.2,0.2,0.2],"y":[1,1,1]},"o":{"x":[0.8,0.8,0.8],"y":[0,0,0]},"t":16,"s":[46,46,100]},{"i":{"x":[0.2,0.2,0.2],"y":[1,1,1]},"o":{"x":[0.8,0.8,0.8],"y":[0,0,0]},"t":32,"s":[110,110,100]},{"i":{"x":[0.2,0.2,0.2],"y":[1,1,1]},"o":{"x":[0.8,0.8,0.8],"y":[0,0,0]},"t":84,"s":[110,110,100]},{"t":101,"s":[46,46,100]}],"ix":6}},"ao":0,"shapes":[{"ind":0,"ty":"sh","ix":1,"ks":{"a":0,"k":{"i":[[0,-75.06],[75.06,0],[0,75.06],[-75.06,0]],"o":[[0,75.06],[-75.06,0],[0,-75.06],[75.06,0]],"v":[[135.908,0],[0,135.908],[-135.908,0],[0,-135.908]],"c":true},"ix":2},"nm":"Path 6","mn":"ADBE Vector Shape - Group","hd":false},{"ty":"st","c":{"a":0,"k":[0.949019607843,0.070588235294,0.254901960784,1],"ix":3},"o":{"a":0,"k":100,"ix":4},"w":{"a":0,"k":5,"ix":5},"lc":2,"lj":1,"ml":4,"bm":0,"nm":"Stroke 1","mn":"ADBE Vector Graphic - Stroke","hd":false}],"ip":0,"op":126,"st":0,"bm":0},{"ddd":0,"ind":3,"ty":4,"nm":"north pole","sr":1,"ks":{"o":{"a":0,"k":100,"ix":11},"r":{"a":0,"k":0,"ix":10},"p":{"a":0,"k":[404.875,64.75,0],"ix":2},"a":{"a":0,"k":[-153.5,134,0],"ix":1},"s":{"a":1,"k":[{"i":{"x":[0.2,0.2,0.2],"y":[1,1,1]},"o":{"x":[0.8,0.8,0.8],"y":[0,0,0]},"t":24,"s":[0,0,100]},{"i":{"x":[0.2,0.2,0.2],"y":[1,1,1]},"o":{"x":[0.167,0.167,0.167],"y":[0,0,0]},"t":28,"s":[100,100,100]},{"i":{"x":[0.2,0.2,0.2],"y":[1,1,1]},"o":{"x":[0.8,0.8,0.8],"y":[0,0,0]},"t":85,"s":[100,100,100]},{"t":89,"s":[0,0,100]}],"ix":6}},"ao":0,"shapes":[{"ty":"gr","it":[{"ind":0,"ty":"sh","ix":1,"ks":{"a":0,"k":{"i":[[0,0],[0,0]],"o":[[0,0],[0,0]],"v":[[-125.5,106],[-153.5,134]],"c":false},"ix":2},"nm":"Path 1","mn":"ADBE Vector Shape - Group","hd":false},{"ty":"st","c":{"a":0,"k":[0.483333333333,0.483333333333,0.483333333333,1],"ix":3},"o":{"a":0,"k":100,"ix":4},"w":{"a":0,"k":5,"ix":5},"lc":2,"lj":1,"ml":4,"bm":0,"nm":"Stroke 1","mn":"ADBE Vector Graphic - Stroke","hd":false},{"ty":"fl","c":{"a":0,"k":[1,0,0,1],"ix":4},"o":{"a":0,"k":100,"ix":5},"r":1,"bm":0,"nm":"Fill 1","mn":"ADBE Vector Graphic - Fill","hd":true},{"ty":"tr","p":{"a":0,"k":[0,0],"ix":2},"a":{"a":0,"k":[0,0],"ix":1},"s":{"a":0,"k":[100,100],"ix":3},"r":{"a":0,"k":0,"ix":6},"o":{"a":0,"k":100,"ix":7},"sk":{"a":0,"k":0,"ix":4},"sa":{"a":0,"k":0,"ix":5},"nm":"Transform"}],"nm":"Shape 1","np":3,"cix":2,"bm":0,"ix":1,"mn":"ADBE Vector Group","hd":false}],"ip":0,"op":126,"st":0,"bm":0},{"ddd":0,"ind":4,"ty":4,"nm":"south pole","sr":1,"ks":{"o":{"a":0,"k":100,"ix":11},"r":{"a":0,"k":0,"ix":10},"p":{"a":0,"k":[189.75,275.25,0],"ix":2},"a":{"a":0,"k":[-125.5,106,0],"ix":1},"s":{"a":1,"k":[{"i":{"x":[0.2,0.2,0.2],"y":[1,1,1]},"o":{"x":[0.8,0.8,0.8],"y":[0,0,0]},"t":24,"s":[0,0,100]},{"i":{"x":[0.2,0.2,0.2],"y":[1,1,1]},"o":{"x":[0.167,0.167,0.167],"y":[0,0,0]},"t":28,"s":[100,100,100]},{"i":{"x":[0.2,0.2,0.2],"y":[1,1,1]},"o":{"x":[0.8,0.8,0.8],"y":[0,0,0]},"t":85,"s":[100,100,100]},{"t":89,"s":[0,0,100]}],"ix":6}},"ao":0,"shapes":[{"ty":"gr","it":[{"ind":0,"ty":"sh","ix":1,"ks":{"a":0,"k":{"i":[[0,0],[0,0]],"o":[[0,0],[0,0]],"v":[[-125.5,106],[-153.5,134]],"c":false},"ix":2},"nm":"Path 1","mn":"ADBE Vector Shape - Group","hd":false},{"ty":"st","c":{"a":0,"k":[0.483333333333,0.483333333333,0.483333333333,1],"ix":3},"o":{"a":0,"k":100,"ix":4},"w":{"a":0,"k":5,"ix":5},"lc":2,"lj":1,"ml":4,"bm":0,"nm":"Stroke 1","mn":"ADBE Vector Graphic - Stroke","hd":false},{"ty":"fl","c":{"a":0,"k":[1,0,0,1],"ix":4},"o":{"a":0,"k":100,"ix":5},"r":1,"bm":0,"nm":"Fill 1","mn":"ADBE Vector Graphic - Fill","hd":true},{"ty":"tr","p":{"a":0,"k":[0,0],"ix":2},"a":{"a":0,"k":[0,0],"ix":1},"s":{"a":0,"k":[100,100],"ix":3},"r":{"a":0,"k":0,"ix":6},"o":{"a":0,"k":100,"ix":7},"sk":{"a":0,"k":0,"ix":4},"sa":{"a":0,"k":0,"ix":5},"nm":"Transform"}],"nm":"Shape 1","np":3,"cix":2,"bm":0,"ix":1,"mn":"ADBE Vector Group","hd":false}],"ip":0,"op":126,"st":0,"bm":0},{"ddd":0,"ind":5,"ty":4,"nm":"screen inner","td":1,"sr":1,"ks":{"o":{"a":0,"k":100,"ix":11},"r":{"a":0,"k":0,"ix":10},"p":{"a":0,"k":[300,172,0],"ix":2},"a":{"a":0,"k":[0,0,0],"ix":1},"s":{"a":0,"k":[100,100,100],"ix":6}},"ao":0,"shapes":[{"ind":0,"ty":"sh","ix":1,"ks":{"a":1,"k":[{"i":{"x":0.076,"y":1},"o":{"x":0.861,"y":0},"t":16,"s":[{"i":[[8.123,0],[0,0],[0,8.123],[0,0],[-8.123,0],[0,0],[0,-8.123],[0,0]],"o":[[0,0],[-8.123,0],[0,0],[0,-8.123],[0,0],[8.123,0],[0,0],[0,8.123]],"v":[[250.54,149.332],[-250.54,149.332],[-265.248,134.623],[-265.248,-134.623],[-250.54,-149.332],[250.54,-149.332],[265.248,-134.623],[265.248,134.623]],"c":true}]},{"t":32,"s":[{"i":[[82.473,0],[0,0],[0,82.474],[0,0],[-82.474,0],[0,0],[0,-82.474],[0,0]],"o":[[0,0],[-82.474,0],[0,0],[0,-82.474],[0,0],[82.473,0],[0,0],[0,82.474]],"v":[[0,149.332],[0,149.332],[-149.332,0],[-149.332,0],[0,-149.332],[0,-149.332],[149.332,0],[149.332,0]],"c":true}],"h":1},{"i":{"x":0.176,"y":1},"o":{"x":0.821,"y":0},"t":84,"s":[{"i":[[82.473,0],[0,0],[0,82.474],[0,0],[-82.474,0],[0,0],[0,-82.474],[0,0]],"o":[[0,0],[-82.474,0],[0,0],[0,-82.474],[0,0],[82.473,0],[0,0],[0,82.474]],"v":[[0,149.332],[0,149.332],[-149.332,0],[-149.332,0],[0,-149.332],[0,-149.332],[149.332,0],[149.332,0]],"c":true}]},{"t":101,"s":[{"i":[[8.123,0],[0,0],[0,8.123],[0,0],[-8.123,0],[0,0],[0,-8.123],[0,0]],"o":[[0,0],[-8.123,0],[0,0],[0,-8.123],[0,0],[8.123,0],[0,0],[0,8.123]],"v":[[250.54,149.332],[-250.54,149.332],[-265.248,134.623],[-265.248,-134.623],[-250.54,-149.332],[250.54,-149.332],[265.248,-134.623],[265.248,134.623]],"c":true}]}],"ix":2},"nm":"Path 1","mn":"ADBE Vector Shape - Group","hd":false},{"ty":"fl","c":{"a":0,"k":[1,0,0,1],"ix":4},"o":{"a":0,"k":100,"ix":5},"r":1,"bm":0,"nm":"Fill 1","mn":"ADBE Vector Graphic - Fill","hd":false},{"ty":"st","c":{"a":0,"k":[1,1,1,1],"ix":3},"o":{"a":0,"k":100,"ix":4},"w":{"a":0,"k":5,"ix":5},"lc":2,"lj":1,"ml":4,"bm":0,"nm":"Stroke 1","mn":"ADBE Vector Graphic - Stroke","hd":false}],"ip":0,"op":126,"st":16,"bm":0},{"ddd":0,"ind":6,"ty":4,"nm":"line","tt":1,"sr":1,"ks":{"o":{"a":0,"k":100,"ix":11},"r":{"a":0,"k":0,"ix":10},"p":{"a":0,"k":[300,172,0],"ix":2},"a":{"a":0,"k":[0,0,0],"ix":1},"s":{"a":0,"k":[100,100,100],"ix":6}},"ao":0,"shapes":[{"ty":"gr","it":[{"ind":0,"ty":"sh","ix":1,"ks":{"a":1,"k":[{"i":{"x":0.5,"y":1},"o":{"x":0.5,"y":0},"t":63.767,"s":[{"i":[[0,0],[-117,-396]],"o":[[0,0],[75.99,257.196]],"v":[[146.5,-158],[-156.5,142]],"c":false}]},{"t":94.533203125,"s":[{"i":[[0,0],[454,133]],"o":[[0,0],[-257.37,-75.397]],"v":[[146.5,-158],[-156.5,142]],"c":false}]}],"ix":2},"nm":"Path 1","mn":"ADBE Vector Shape - Group","hd":false},{"ty":"st","c":{"a":0,"k":[0.483333333333,0.483333333333,0.483333333333,1],"ix":3},"o":{"a":0,"k":100,"ix":4},"w":{"a":0,"k":5,"ix":5},"lc":2,"lj":1,"ml":4,"bm":0,"nm":"Stroke 1","mn":"ADBE Vector Graphic - Stroke","hd":false},{"ty":"fl","c":{"a":0,"k":[1,0,0,1],"ix":4},"o":{"a":0,"k":100,"ix":5},"r":1,"bm":0,"nm":"Fill 1","mn":"ADBE Vector Graphic - Fill","hd":true},{"ty":"tr","p":{"a":0,"k":[0,0],"ix":2},"a":{"a":0,"k":[0,0],"ix":1},"s":{"a":0,"k":[100,100],"ix":3},"r":{"a":0,"k":0,"ix":6},"o":{"a":0,"k":100,"ix":7},"sk":{"a":0,"k":0,"ix":4},"sa":{"a":0,"k":0,"ix":5},"nm":"Transform"}],"nm":"vertical 6","np":3,"cix":2,"bm":0,"ix":1,"mn":"ADBE Vector Group","hd":false},{"ty":"gr","it":[{"ind":0,"ty":"sh","ix":1,"ks":{"a":1,"k":[{"i":{"x":0.5,"y":1},"o":{"x":0.5,"y":0},"t":55.767,"s":[{"i":[[0,0],[-117,-396]],"o":[[0,0],[75.99,257.196]],"v":[[146.5,-158],[-156.5,142]],"c":false}]},{"t":86.533203125,"s":[{"i":[[0,0],[454,133]],"o":[[0,0],[-257.37,-75.397]],"v":[[146.5,-158],[-156.5,142]],"c":false}]}],"ix":2},"nm":"Path 1","mn":"ADBE Vector Shape - Group","hd":false},{"ty":"st","c":{"a":0,"k":[0.483333333333,0.483333333333,0.483333333333,1],"ix":3},"o":{"a":0,"k":100,"ix":4},"w":{"a":0,"k":5,"ix":5},"lc":2,"lj":1,"ml":4,"bm":0,"nm":"Stroke 1","mn":"ADBE Vector Graphic - Stroke","hd":false},{"ty":"fl","c":{"a":0,"k":[1,0,0,1],"ix":4},"o":{"a":0,"k":100,"ix":5},"r":1,"bm":0,"nm":"Fill 1","mn":"ADBE Vector Graphic - Fill","hd":true},{"ty":"tr","p":{"a":0,"k":[0,0],"ix":2},"a":{"a":0,"k":[0,0],"ix":1},"s":{"a":0,"k":[100,100],"ix":3},"r":{"a":0,"k":0,"ix":6},"o":{"a":0,"k":100,"ix":7},"sk":{"a":0,"k":0,"ix":4},"sa":{"a":0,"k":0,"ix":5},"nm":"Transform"}],"nm":"vertical 3","np":3,"cix":2,"bm":0,"ix":2,"mn":"ADBE Vector Group","hd":false},{"ty":"gr","it":[{"ind":0,"ty":"sh","ix":1,"ks":{"a":1,"k":[{"i":{"x":0.5,"y":1},"o":{"x":0.5,"y":0},"t":49.566,"s":[{"i":[[0,0],[-117,-396]],"o":[[0,0],[75.99,257.196]],"v":[[146.5,-158],[-156.5,142]],"c":false}]},{"t":80.3330078125,"s":[{"i":[[0,0],[454,133]],"o":[[0,0],[-257.37,-75.397]],"v":[[146.5,-158],[-156.5,142]],"c":false}]}],"ix":2},"nm":"Path 1","mn":"ADBE Vector Shape - Group","hd":false},{"ty":"st","c":{"a":0,"k":[0.483333333333,0.483333333333,0.483333333333,1],"ix":3},"o":{"a":0,"k":100,"ix":4},"w":{"a":0,"k":5,"ix":5},"lc":2,"lj":1,"ml":4,"bm":0,"nm":"Stroke 1","mn":"ADBE Vector Graphic - Stroke","hd":false},{"ty":"fl","c":{"a":0,"k":[1,0,0,1],"ix":4},"o":{"a":0,"k":100,"ix":5},"r":1,"bm":0,"nm":"Fill 1","mn":"ADBE Vector Graphic - Fill","hd":true},{"ty":"tr","p":{"a":0,"k":[0,0],"ix":2},"a":{"a":0,"k":[0,0],"ix":1},"s":{"a":0,"k":[100,100],"ix":3},"r":{"a":0,"k":0,"ix":6},"o":{"a":0,"k":100,"ix":7},"sk":{"a":0,"k":0,"ix":4},"sa":{"a":0,"k":0,"ix":5},"nm":"Transform"}],"nm":"vertical 5","np":3,"cix":2,"bm":0,"ix":3,"mn":"ADBE Vector Group","hd":false},{"ty":"gr","it":[{"ind":0,"ty":"sh","ix":1,"ks":{"a":1,"k":[{"i":{"x":0.5,"y":1},"o":{"x":0.5,"y":0},"t":41.566,"s":[{"i":[[0,0],[-117,-396]],"o":[[0,0],[75.99,257.196]],"v":[[146.5,-158],[-156.5,142]],"c":false}]},{"t":72.3330078125,"s":[{"i":[[0,0],[454,133]],"o":[[0,0],[-257.37,-75.397]],"v":[[146.5,-158],[-156.5,142]],"c":false}]}],"ix":2},"nm":"Path 1","mn":"ADBE Vector Shape - Group","hd":false},{"ty":"st","c":{"a":0,"k":[0.483333333333,0.483333333333,0.483333333333,1],"ix":3},"o":{"a":0,"k":100,"ix":4},"w":{"a":0,"k":5,"ix":5},"lc":2,"lj":1,"ml":4,"bm":0,"nm":"Stroke 1","mn":"ADBE Vector Graphic - Stroke","hd":false},{"ty":"fl","c":{"a":0,"k":[1,0,0,1],"ix":4},"o":{"a":0,"k":100,"ix":5},"r":1,"bm":0,"nm":"Fill 1","mn":"ADBE Vector Graphic - Fill","hd":true},{"ty":"tr","p":{"a":0,"k":[0,0],"ix":2},"a":{"a":0,"k":[0,0],"ix":1},"s":{"a":0,"k":[100,100],"ix":3},"r":{"a":0,"k":0,"ix":6},"o":{"a":0,"k":100,"ix":7},"sk":{"a":0,"k":0,"ix":4},"sa":{"a":0,"k":0,"ix":5},"nm":"Transform"}],"nm":"vertical 2","np":3,"cix":2,"bm":0,"ix":4,"mn":"ADBE Vector Group","hd":false},{"ty":"gr","it":[{"ind":0,"ty":"sh","ix":1,"ks":{"a":1,"k":[{"i":{"x":0.5,"y":1},"o":{"x":0.5,"y":0},"t":25,"s":[{"i":[[0,0],[-117,-396]],"o":[[0,0],[75.99,257.196]],"v":[[146.5,-158],[-156.5,142]],"c":false}]},{"t":55.7666015625,"s":[{"i":[[0,0],[454,133]],"o":[[0,0],[-257.37,-75.397]],"v":[[146.5,-158],[-156.5,142]],"c":false}]}],"ix":2},"nm":"Path 1","mn":"ADBE Vector Shape - Group","hd":false},{"ty":"st","c":{"a":0,"k":[0.483333333333,0.483333333333,0.483333333333,1],"ix":3},"o":{"a":0,"k":100,"ix":4},"w":{"a":0,"k":5,"ix":5},"lc":2,"lj":1,"ml":4,"bm":0,"nm":"Stroke 1","mn":"ADBE Vector Graphic - Stroke","hd":false},{"ty":"fl","c":{"a":0,"k":[1,0,0,1],"ix":4},"o":{"a":0,"k":100,"ix":5},"r":1,"bm":0,"nm":"Fill 1","mn":"ADBE Vector Graphic - Fill","hd":true},{"ty":"tr","p":{"a":0,"k":[0,0],"ix":2},"a":{"a":0,"k":[0,0],"ix":1},"s":{"a":0,"k":[100,100],"ix":3},"r":{"a":0,"k":0,"ix":6},"o":{"a":0,"k":100,"ix":7},"sk":{"a":0,"k":0,"ix":4},"sa":{"a":0,"k":0,"ix":5},"nm":"Transform"}],"nm":"vertical 4","np":3,"cix":2,"bm":0,"ix":5,"mn":"ADBE Vector Group","hd":false},{"ty":"gr","it":[{"ind":0,"ty":"sh","ix":1,"ks":{"a":1,"k":[{"i":{"x":0.5,"y":1},"o":{"x":0.5,"y":0},"t":33,"s":[{"i":[[0,0],[-117,-396]],"o":[[0,0],[75.99,257.196]],"v":[[146.5,-158],[-156.5,142]],"c":false}]},{"t":63.7666015625,"s":[{"i":[[0,0],[454,133]],"o":[[0,0],[-257.37,-75.397]],"v":[[146.5,-158],[-156.5,142]],"c":false}]}],"ix":2},"nm":"Path 1","mn":"ADBE Vector Shape - Group","hd":false},{"ty":"st","c":{"a":0,"k":[0.483333333333,0.483333333333,0.483333333333,1],"ix":3},"o":{"a":0,"k":100,"ix":4},"w":{"a":0,"k":5,"ix":5},"lc":2,"lj":1,"ml":4,"bm":0,"nm":"Stroke 1","mn":"ADBE Vector Graphic - Stroke","hd":false},{"ty":"fl","c":{"a":0,"k":[1,0,0,1],"ix":4},"o":{"a":0,"k":100,"ix":5},"r":1,"bm":0,"nm":"Fill 1","mn":"ADBE Vector Graphic - Fill","hd":true},{"ty":"tr","p":{"a":0,"k":[0,0],"ix":2},"a":{"a":0,"k":[0,0],"ix":1},"s":{"a":0,"k":[100,100],"ix":3},"r":{"a":0,"k":0,"ix":6},"o":{"a":0,"k":100,"ix":7},"sk":{"a":0,"k":0,"ix":4},"sa":{"a":0,"k":0,"ix":5},"nm":"Transform"}],"nm":"vertical 1","np":3,"cix":2,"bm":0,"ix":6,"mn":"ADBE Vector Group","hd":false},{"ty":"gr","it":[{"ind":0,"ty":"sh","ix":1,"ks":{"a":1,"k":[{"i":{"x":0.2,"y":1},"o":{"x":0.8,"y":0},"t":25,"s":[{"i":[[0,0],[0,0]],"o":[[0,0],[0,0]],"v":[[-268,-8.5],[16,248.5]],"c":false}]},{"t":40.384,"s":[{"i":[[0,0],[-79,-191]],"o":[[0,0],[79,191]],"v":[[-147.5,-129],[136.5,128]],"c":false}],"h":1},{"i":{"x":0.2,"y":1},"o":{"x":0.8,"y":0},"t":80.616,"s":[{"i":[[0,0],[-79,-191]],"o":[[0,0],[79,191]],"v":[[-147.5,-129],[136.5,128]],"c":false}]},{"t":96,"s":[{"i":[[0,0],[0,0]],"o":[[0,0],[0,0]],"v":[[-27.5,-255],[256.5,2]],"c":false}]}],"ix":2},"nm":"Path 1","mn":"ADBE Vector Shape - Group","hd":false},{"ty":"st","c":{"a":0,"k":[0.483333333333,0.483333333333,0.483333333333,1],"ix":3},"o":{"a":0,"k":100,"ix":4},"w":{"a":0,"k":5,"ix":5},"lc":2,"lj":1,"ml":4,"bm":0,"nm":"Stroke 2","mn":"ADBE Vector Graphic - Stroke","hd":false},{"ty":"st","c":{"a":0,"k":[0.483333333333,0.483333333333,0.483333333333,1],"ix":3},"o":{"a":0,"k":100,"ix":4},"w":{"a":0,"k":5,"ix":5},"lc":2,"lj":1,"ml":4,"bm":0,"nm":"Stroke 1","mn":"ADBE Vector Graphic - Stroke","hd":false},{"ty":"fl","c":{"a":0,"k":[1,0,0,1],"ix":4},"o":{"a":0,"k":100,"ix":5},"r":1,"bm":0,"nm":"Fill 1","mn":"ADBE Vector Graphic - Fill","hd":true},{"ty":"tr","p":{"a":0,"k":[0,0],"ix":2},"a":{"a":0,"k":[0,0],"ix":1},"s":{"a":0,"k":[100,100],"ix":3},"r":{"a":0,"k":0,"ix":6},"o":{"a":0,"k":100,"ix":7},"sk":{"a":0,"k":0,"ix":4},"sa":{"a":0,"k":0,"ix":5},"nm":"Transform"}],"nm":"horizontal","np":4,"cix":2,"bm":0,"ix":7,"mn":"ADBE Vector Group","hd":false}],"ip":30,"op":91,"st":17,"bm":0},{"ddd":0,"ind":7,"ty":4,"nm":"internet icon","sr":1,"ks":{"o":{"a":0,"k":100,"ix":11},"r":{"a":0,"k":0,"ix":10},"p":{"a":0,"k":[300,172,0],"ix":2},"a":{"a":0,"k":[0,0,0],"ix":1},"s":{"a":1,"k":[{"i":{"x":[0.2,0.2,0.2],"y":[1,1,1]},"o":{"x":[0.8,0.8,0.8],"y":[0,0,0]},"t":16,"s":[46,46,100]},{"i":{"x":[0.2,0.2,0.2],"y":[1,1,1]},"o":{"x":[0.8,0.8,0.8],"y":[0,0,0]},"t":32,"s":[0,0,100]},{"i":{"x":[0.2,0.2,0.2],"y":[1,1,1]},"o":{"x":[0.8,0.8,0.8],"y":[0,0,0]},"t":84,"s":[0,0,100]},{"t":101,"s":[46,46,100]}],"ix":6}},"ao":0,"shapes":[{"ind":0,"ty":"sh","ix":1,"ks":{"a":0,"k":{"i":[[0,0],[0,0]],"o":[[0,0],[0,0]],"v":[[0.249,-114.533],[0.249,115.918]],"c":false},"ix":2},"nm":"Path 1","mn":"ADBE Vector Shape - Group","hd":false},{"ind":1,"ty":"sh","ix":2,"ks":{"a":0,"k":{"i":[[0,0],[-20.771,-75.047]],"o":[[-21.794,72.693],[0,0]],"v":[[-30.76,-110.681],[-30.76,111.013]],"c":false},"ix":2},"nm":"Path 2","mn":"ADBE Vector Shape - Group","hd":false},{"ind":2,"ty":"sh","ix":3,"ks":{"a":0,"k":{"i":[[0,0],[22.627,-73.972]],"o":[[22.672,73.824],[0,0]],"v":[[29.402,-110.681],[29.402,111.013]],"c":false},"ix":2},"nm":"Path 3","mn":"ADBE Vector Shape - Group","hd":false},{"ind":3,"ty":"sh","ix":4,"ks":{"a":0,"k":{"i":[[0,0],[-29.574,-63.845]],"o":[[-28.547,68.54],[0,0]],"v":[[-58.056,-99.153],[-58.056,99.548]],"c":false},"ix":2},"nm":"Path 4","mn":"ADBE Vector Shape - Group","hd":false},{"ind":4,"ty":"sh","ix":5,"ks":{"a":0,"k":{"i":[[0,0],[32.396,-65.847]],"o":[[32.117,66.418],[0,0]],"v":[[58.555,-99.153],[58.555,99.25]],"c":false},"ix":2},"nm":"Path 5","mn":"ADBE Vector Shape - Group","hd":false},{"ind":5,"ty":"sh","ix":6,"ks":{"a":0,"k":{"i":[[0,-75.06],[75.06,0],[0,75.06],[-75.06,0]],"o":[[0,75.06],[-75.06,0],[0,-75.06],[75.06,0]],"v":[[135.908,0],[0,135.908],[-135.908,0],[0,-135.908]],"c":true},"ix":2},"nm":"Path 6","mn":"ADBE Vector Shape - Group","hd":false},{"ind":6,"ty":"sh","ix":7,"ks":{"a":0,"k":{"i":[[0,0],[0,0]],"o":[[0,0],[0,0]],"v":[[115.475,-1.703],[-114.976,-1.703]],"c":false},"ix":2},"nm":"Path 7","mn":"ADBE Vector Shape - Group","hd":false},{"ind":7,"ty":"sh","ix":8,"ks":{"a":0,"k":{"i":[[0,0],[75.047,-20.771]],"o":[[-72.693,-21.794],[0,0]],"v":[[109.572,-32.712],[-110.071,-32.712]],"c":false},"ix":2},"nm":"Path 8","mn":"ADBE Vector Shape - Group","hd":false},{"ind":8,"ty":"sh","ix":9,"ks":{"a":0,"k":{"i":[[0,0],[73.972,22.627]],"o":[[-73.824,22.672],[0,0]],"v":[[112.341,25.732],[-112.34,25.732]],"c":false},"ix":2},"nm":"Path 9","mn":"ADBE Vector Shape - Group","hd":false},{"ind":9,"ty":"sh","ix":10,"ks":{"a":0,"k":{"i":[[0,0],[63.845,-29.574]],"o":[[-68.539,-28.547],[0,0]],"v":[[97.809,-60.949],[-98.606,-60.008]],"c":false},"ix":2},"nm":"Path 10","mn":"ADBE Vector Shape - Group","hd":false},{"ind":10,"ty":"sh","ix":11,"ks":{"a":0,"k":{"i":[[0,0],[65.847,32.396]],"o":[[-66.418,32.117],[0,0]],"v":[[100.789,55.883],[-100.594,56.603]],"c":false},"ix":2},"nm":"Path 11","mn":"ADBE Vector Shape - Group","hd":false},{"ind":11,"ty":"sh","ix":12,"ks":{"a":0,"k":{"i":[[0,-63.637],[63.637,0],[0,63.637],[-63.637,0]],"o":[[0,63.637],[-63.637,0],[0,-63.637],[63.637,0]],"v":[[115.226,0],[0,115.225],[-115.225,0],[0,-115.225]],"c":true},"ix":2},"nm":"Path 12","mn":"ADBE Vector Shape - Group","hd":false},{"ty":"st","c":{"a":0,"k":[0.483333333333,0.483333333333,0.483333333333,1],"ix":3},"o":{"a":0,"k":100,"ix":4},"w":{"a":0,"k":5,"ix":5},"lc":2,"lj":1,"ml":4,"bm":0,"nm":"Stroke 1","mn":"ADBE Vector Graphic - Stroke","hd":false}],"ip":0,"op":126,"st":0,"bm":0},{"ddd":0,"ind":8,"ty":4,"nm":"screen","sr":1,"ks":{"o":{"a":0,"k":100,"ix":11},"r":{"a":0,"k":0,"ix":10},"p":{"a":0,"k":[300,172,0],"ix":2},"a":{"a":0,"k":[0,0,0],"ix":1},"s":{"a":0,"k":[100,100,100],"ix":6}},"ao":0,"shapes":[{"ind":0,"ty":"sh","ix":1,"ks":{"a":1,"k":[{"i":{"x":0.076,"y":1},"o":{"x":0.861,"y":0},"t":16,"s":[{"i":[[8.123,0],[0,0],[0,8.123],[0,0],[-8.123,0],[0,0],[0,-8.123],[0,0]],"o":[[0,0],[-8.123,0],[0,0],[0,-8.123],[0,0],[8.123,0],[0,0],[0,8.123]],"v":[[250.54,149.332],[-250.54,149.332],[-265.248,134.623],[-265.248,-134.623],[-250.54,-149.332],[250.54,-149.332],[265.248,-134.623],[265.248,134.623]],"c":true}]},{"t":32,"s":[{"i":[[82.473,0],[0,0],[0,82.474],[0,0],[-82.474,0],[0,0],[0,-82.474],[0,0]],"o":[[0,0],[-82.474,0],[0,0],[0,-82.474],[0,0],[82.473,0],[0,0],[0,82.474]],"v":[[0,149.332],[0,149.332],[-149.332,0],[-149.332,0],[0,-149.332],[0,-149.332],[149.332,0],[149.332,0]],"c":true}],"h":1},{"i":{"x":0.2,"y":1},"o":{"x":0.8,"y":0},"t":84,"s":[{"i":[[82.473,0],[0,0],[0,82.474],[0,0],[-82.474,0],[0,0],[0,-82.474],[0,0]],"o":[[0,0],[-82.474,0],[0,0],[0,-82.474],[0,0],[82.473,0],[0,0],[0,82.474]],"v":[[0,149.332],[0,149.332],[-149.332,0],[-149.332,0],[0,-149.332],[0,-149.332],[149.332,0],[149.332,0]],"c":true}]},{"t":101,"s":[{"i":[[8.123,0],[0,0],[0,8.123],[0,0],[-8.123,0],[0,0],[0,-8.123],[0,0]],"o":[[0,0],[-8.123,0],[0,0],[0,-8.123],[0,0],[8.123,0],[0,0],[0,8.123]],"v":[[250.54,149.332],[-250.54,149.332],[-265.248,134.623],[-265.248,-134.623],[-250.54,-149.332],[250.54,-149.332],[265.248,-134.623],[265.248,134.623]],"c":true}]}],"ix":2},"nm":"Path 1","mn":"ADBE Vector Shape - Group","hd":false},{"ind":1,"ty":"sh","ix":2,"ks":{"a":1,"k":[{"i":{"x":0.076,"y":1},"o":{"x":0.861,"y":0},"t":16,"s":[{"i":[[14.612,0],[0,0],[0,13.888],[0,0],[-13.612,0],[0,0],[0,-13.138],[0,0]],"o":[[0,0],[-13.862,0],[0,0],[0,-13.638],[0,0],[13.862,0],[0,0],[0,13.638]],"v":[[240.388,141],[-240.388,141],[-254.5,127.112],[-254.5,-127.112],[-240.388,-141],[240.388,-141],[254.5,-127.112],[254.5,127.112]],"c":true}]},{"t":32,"s":[{"i":[[82.473,0],[0,0],[0,82.474],[0,0],[-82.474,0],[0,0],[0,-82.474],[0,0]],"o":[[0,0],[-82.474,0],[0,0],[0,-82.474],[0,0],[82.473,0],[0,0],[0,82.474]],"v":[[0,149.332],[0,149.332],[-149.332,0],[-149.332,0],[0,-149.332],[0,-149.332],[149.332,0],[149.332,0]],"c":true}],"h":1},{"i":{"x":0.2,"y":1},"o":{"x":0.8,"y":0},"t":84,"s":[{"i":[[82.473,0],[0,0],[0,82.474],[0,0],[-82.474,0],[0,0],[0,-82.474],[0,0]],"o":[[0,0],[-82.474,0],[0,0],[0,-82.474],[0,0],[82.473,0],[0,0],[0,82.474]],"v":[[0,149.332],[0,149.332],[-149.332,0],[-149.332,0],[0,-149.332],[0,-149.332],[149.332,0],[149.332,0]],"c":true}]},{"t":101,"s":[{"i":[[14.612,0],[0,0],[0,13.888],[0,0],[-13.612,0],[0,0],[0,-13.138],[0,0]],"o":[[0,0],[-13.862,0],[0,0],[0,-13.638],[0,0],[13.862,0],[0,0],[0,13.638]],"v":[[240.388,141],[-240.388,141],[-254.5,127.112],[-254.5,-127.112],[-240.388,-141],[240.388,-141],[254.5,-127.112],[254.5,127.112]],"c":true}]}],"ix":2},"nm":"Path 2","mn":"ADBE Vector Shape - Group","hd":false},{"ty":"st","c":{"a":0,"k":[0.483333333333,0.483333333333,0.483333333333,1],"ix":3},"o":{"a":0,"k":100,"ix":4},"w":{"a":0,"k":5,"ix":5},"lc":2,"lj":1,"ml":4,"bm":0,"nm":"Stroke 1","mn":"ADBE Vector Graphic - Stroke","hd":false}],"ip":0,"op":126,"st":16,"bm":0},{"ddd":0,"ind":9,"ty":4,"nm":"globe holder","sr":1,"ks":{"o":{"a":0,"k":100,"ix":11},"r":{"a":0,"k":0,"ix":10},"p":{"a":0,"k":[299.736,172,0],"ix":2},"a":{"a":0,"k":[0,0,0],"ix":1},"s":{"a":0,"k":[100,100,100],"ix":6}},"ao":0,"shapes":[{"ind":0,"ty":"sh","ix":1,"ks":{"a":0,"k":{"i":[[0,0],[0,-65.25],[0,0],[104.4,0],[0,0],[28.697,67.847]],"o":[[50.283,33.971],[0,0],[0,104.4],[0,0],[-78.3,0],[0,0]],"v":[[106.263,-156.892],[189.607,-0.142],[189.607,-0.142],[0.573,188.892],[0.572,188.892],[-173.606,73.439]],"c":false},"ix":2},"nm":"Path 1","mn":"ADBE Vector Shape - Group","hd":false},{"ty":"tm","s":{"a":1,"k":[{"i":{"x":[0.2],"y":[1]},"o":{"x":[0.8],"y":[0]},"t":22,"s":[70]},{"i":{"x":[0.2],"y":[1]},"o":{"x":[0.167],"y":[0]},"t":29,"s":[0]},{"i":{"x":[0.2],"y":[1]},"o":{"x":[0.8],"y":[0]},"t":86,"s":[0]},{"t":93,"s":[70]}],"ix":1},"e":{"a":1,"k":[{"i":{"x":[0.2],"y":[1]},"o":{"x":[0.8],"y":[0]},"t":22,"s":[70]},{"i":{"x":[0.2],"y":[1]},"o":{"x":[0.167],"y":[0]},"t":29,"s":[100]},{"i":{"x":[0.2],"y":[1]},"o":{"x":[0.8],"y":[0]},"t":86,"s":[100]},{"t":93,"s":[70]}],"ix":2},"o":{"a":0,"k":0,"ix":3},"m":1,"ix":2,"nm":"Trim Paths 1","mn":"ADBE Vector Filter - Trim","hd":false},{"ty":"st","c":{"a":0,"k":[0.483333333333,0.483333333333,0.483333333333,1],"ix":3},"o":{"a":0,"k":100,"ix":4},"w":{"a":0,"k":5,"ix":5},"lc":2,"lj":1,"ml":4,"bm":0,"nm":"Stroke 1","mn":"ADBE Vector Graphic - Stroke","hd":false}],"ip":0,"op":124,"st":16,"bm":0},{"ddd":0,"ind":10,"ty":4,"nm":"base","sr":1,"ks":{"o":{"a":0,"k":100,"ix":11},"r":{"a":0,"k":0,"ix":10},"p":{"a":0,"k":[299.736,172,0],"ix":2},"a":{"a":0,"k":[0,0,0],"ix":1},"s":{"a":0,"k":[100,100,100],"ix":6}},"ao":0,"shapes":[{"ind":0,"ty":"sh","ix":1,"ks":{"a":1,"k":[{"i":{"x":0.2,"y":1},"o":{"x":0.8,"y":0},"t":16,"s":[{"i":[[0,0],[0,0],[0,0],[0,0]],"o":[[0,0],[0,0],[0,0],[0,0]],"v":[[11.063,211.599],[-15.063,211.599],[-15.063,152.401],[11.063,152.401]],"c":true}]},{"i":{"x":0.2,"y":1},"o":{"x":0.167,"y":0},"t":27,"s":[{"i":[[0,0],[0,0],[0,0],[0,0]],"o":[[0,0],[0,0],[0,0],[0,0]],"v":[[-8.937,211.199],[-25.563,211.099],[-6.889,190.401],[9.736,190.5]],"c":true}]},{"i":{"x":0.2,"y":1},"o":{"x":0.8,"y":0},"t":88,"s":[{"i":[[0,0],[0,0],[0,0],[0,0]],"o":[[0,0],[0,0],[0,0],[0,0]],"v":[[-8.937,211.199],[-25.563,211.099],[-6.889,190.401],[9.736,190.5]],"c":true}]},{"t":99,"s":[{"i":[[0,0],[0,0],[0,0],[0,0]],"o":[[0,0],[0,0],[0,0],[0,0]],"v":[[11.063,211.599],[-15.063,211.599],[-15.063,152.401],[11.063,152.401]],"c":true}]}],"ix":2},"nm":"Path 1","mn":"ADBE Vector Shape - Group","hd":false},{"ind":1,"ty":"sh","ix":2,"ks":{"a":0,"k":{"i":[[0,0],[0,0],[0,0],[0,0]],"o":[[0,0],[0,0],[0,0],[0,0]],"v":[[74.528,218.098],[-75.001,218.098],[-75.001,211.902],[74.528,211.902]],"c":true},"ix":2},"nm":"Path 2","mn":"ADBE Vector Shape - Group","hd":false},{"ty":"st","c":{"a":0,"k":[0.483333333333,0.483333333333,0.483333333333,1],"ix":3},"o":{"a":0,"k":100,"ix":4},"w":{"a":0,"k":5,"ix":5},"lc":2,"lj":1,"ml":4,"bm":0,"nm":"Stroke 1","mn":"ADBE Vector Graphic - Stroke","hd":false}],"ip":0,"op":124,"st":16,"bm":0}]}],"layers":[{"ddd":0,"ind":1,"ty":0,"nm":"done","refId":"comp_0","sr":1,"ks":{"o":{"a":0,"k":100,"ix":11},"r":{"a":0,"k":0,"ix":10},"p":{"a":0,"k":[300,200,0],"ix":2},"a":{"a":0,"k":[300,200,0],"ix":1},"s":{"a":0,"k":[100,100,100],"ix":6}},"ao":0,"w":600,"h":400,"ip":0,"op":125,"st":0,"bm":0}],"markers":[]}