{
  "v": "4.8.0",
  "meta": {
    "g": "LottieFiles AE ",
    "a": "",
    "k": "",
    "d": "",
    "tc": ""
  },
  "fr": 60,
  "ip": 0,
  "op": 120,
  "w": 154,
  "h": 174,
  "nm": "Comp 1",
  "ddd": 0,
  "assets": [
    {
      "id": "comp_0",
      "layers": [
        {
          "ddd": 0,
          "ind": 1,
          "ty": 4,
          "nm": "Actual Outlines 6",
          "sr": 1,
          "ks": {
            "o": {
              "a": 1,
              "k": [
                {
                  "i": {
                    "x": [
                      0.833
                    ],
                    "y": [
                      0.833
                    ]
                  },
                  "o": {
                    "x": [
                      0.167
                    ],
                    "y": [
                      0.167
                    ]
                  },
                  "t": 50,
                  "s": [
                    0
                  ]
                },
                {
                  "t": 51,
                  "s": [
                    100
                  ]
                }
              ],
              "ix": 11
            },
            "r": {
              "a": 0,
              "k": 300,
              "ix": 10
            },
            "p": {
              "a": 0,
              "k": [
                40,
                65,
                0
              ],
              "ix": 2
            },
            "a": {
              "a": 0,
              "k": [
                77,
                45,
                0
              ],
              "ix": 1
            },
            "s": {
              "a": 1,
              "k": [
                {
                  "i": {
                    "x": [
                      0.833,
                      0.833,
                      0.833
                    ],
                    "y": [
                      0.833,
                      0.833,
                      0.833
                    ]
                  },
                  "o": {
                    "x": [
                      0.167,
                      0.167,
                      0.167
                    ],
                    "y": [
                      0.167,
                      0.167,
                      0.167
                    ]
                  },
                  "t": 50,
                  "s": [
                    0,
                    100,
                    100
                  ]
                },
                {
                  "t": 60,
                  "s": [
                    100,
                    100,
                    100
                  ]
                }
              ],
              "ix": 6
            }
          },
          "ao": 0,
          "shapes": [
            {
              "ty": "gr",
              "it": [
                {
                  "ind": 0,
                  "ty": "sh",
                  "ix": 1,
                  "ks": {
                    "a": 0,
                    "k": {
                      "i": [
                        [
                          0,
                          0
                        ],
                        [
                          0,
                          0
                        ],
                        [
                          0,
                          0
                        ]
                      ],
                      "o": [
                        [
                          0,
                          0
                        ],
                        [
                          0,
                          0
                        ],
                        [
                          0,
                          0
                        ]
                      ],
                      "v": [
                        [
                          -36.85,
                          42.551
                        ],
                        [
                          36.85,
                          0
                        ],
                        [
                          -36.85,
                          -42.551
                        ]
                      ],
                      "c": true
                    },
                    "ix": 2
                  },
                  "nm": "Path 1",
                  "mn": "ADBE Vector Shape - Group",
                  "hd": false
                },
                {
                  "ty": "fl",
                  "c": {
                    "a": 1,
                    "k": [
                      {
                        "i": {
                          "x": [
                            0.833
                          ],
                          "y": [
                            0.833
                          ]
                        },
                        "o": {
                          "x": [
                            0.167
                          ],
                          "y": [
                            0.167
                          ]
                        },
                        "t": 50,
                        "s": [
                          0.631372570992,
                          0.137254908681,
                          0,
                          1
                        ]
                      },
                      {
                        "t": 60,
                        "s": [
                          0.937254905701,
                          0.305882364511,
                          0.133333340287,
                          1
                        ]
                      }
                    ],
                    "ix": 4
                  },
                  "o": {
                    "a": 0,
                    "k": 100,
                    "ix": 5
                  },
                  "r": 1,
                  "bm": 0,
                  "nm": "Fill 1",
                  "mn": "ADBE Vector Graphic - Fill",
                  "hd": false
                },
                {
                  "ty": "tr",
                  "p": {
                    "a": 0,
                    "k": [
                      113.8,
                      44.4
                    ],
                    "ix": 2
                  },
                  "a": {
                    "a": 0,
                    "k": [
                      0,
                      0
                    ],
                    "ix": 1
                  },
                  "s": {
                    "a": 0,
                    "k": [
                      100,
                      100
                    ],
                    "ix": 3
                  },
                  "r": {
                    "a": 0,
                    "k": 0,
                    "ix": 6
                  },
                  "o": {
                    "a": 0,
                    "k": 100,
                    "ix": 7
                  },
                  "sk": {
                    "a": 0,
                    "k": 0,
                    "ix": 4
                  },
                  "sa": {
                    "a": 0,
                    "k": 0,
                    "ix": 5
                  },
                  "nm": "Transform"
                }
              ],
              "nm": "Group 1",
              "np": 2,
              "cix": 2,
              "bm": 0,
              "ix": 1,
              "mn": "ADBE Vector Group",
              "hd": false
            }
          ],
          "ip": 0,
          "op": 120,
          "st": 0,
          "bm": 0
        },
        {
          "ddd": 0,
          "ind": 2,
          "ty": 4,
          "nm": "Actual Outlines 5",
          "sr": 1,
          "ks": {
            "o": {
              "a": 1,
              "k": [
                {
                  "i": {
                    "x": [
                      0.833
                    ],
                    "y": [
                      0.833
                    ]
                  },
                  "o": {
                    "x": [
                      0.167
                    ],
                    "y": [
                      0.167
                    ]
                  },
                  "t": 40,
                  "s": [
                    0
                  ]
                },
                {
                  "t": 41,
                  "s": [
                    100
                  ]
                }
              ],
              "ix": 11
            },
            "r": {
              "a": 0,
              "k": 240,
              "ix": 10
            },
            "p": {
              "a": 0,
              "k": [
                40,
                108,
                0
              ],
              "ix": 2
            },
            "a": {
              "a": 0,
              "k": [
                77,
                45,
                0
              ],
              "ix": 1
            },
            "s": {
              "a": 1,
              "k": [
                {
                  "i": {
                    "x": [
                      0.833,
                      0.833,
                      0.833
                    ],
                    "y": [
                      0.833,
                      0.833,
                      0.833
                    ]
                  },
                  "o": {
                    "x": [
                      0.167,
                      0.167,
                      0.167
                    ],
                    "y": [
                      0.167,
                      0.167,
                      0.167
                    ]
                  },
                  "t": 40,
                  "s": [
                    0,
                    100,
                    100
                  ]
                },
                {
                  "t": 50,
                  "s": [
                    100,
                    100,
                    100
                  ]
                }
              ],
              "ix": 6
            }
          },
          "ao": 0,
          "shapes": [
            {
              "ty": "gr",
              "it": [
                {
                  "ind": 0,
                  "ty": "sh",
                  "ix": 1,
                  "ks": {
                    "a": 0,
                    "k": {
                      "i": [
                        [
                          0,
                          0
                        ],
                        [
                          0,
                          0
                        ],
                        [
                          0,
                          0
                        ]
                      ],
                      "o": [
                        [
                          0,
                          0
                        ],
                        [
                          0,
                          0
                        ],
                        [
                          0,
                          0
                        ]
                      ],
                      "v": [
                        [
                          -36.85,
                          42.551
                        ],
                        [
                          36.85,
                          0
                        ],
                        [
                          -36.85,
                          -42.551
                        ]
                      ],
                      "c": true
                    },
                    "ix": 2
                  },
                  "nm": "Path 1",
                  "mn": "ADBE Vector Shape - Group",
                  "hd": false
                },
                {
                  "ty": "fl",
                  "c": {
                    "a": 1,
                    "k": [
                      {
                        "i": {
                          "x": [
                            0.833
                          ],
                          "y": [
                            0.833
                          ]
                        },
                        "o": {
                          "x": [
                            0.167
                          ],
                          "y": [
                            0.167
                          ]
                        },
                        "t": 40,
                        "s": [
                          0.631372570992,
                          0.137254908681,
                          0,
                          1
                        ]
                      },
                      {
                        "t": 50,
                        "s": [
                          0.937254905701,
                          0.305882364511,
                          0.133333340287,
                          1
                        ]
                      }
                    ],
                    "ix": 4
                  },
                  "o": {
                    "a": 0,
                    "k": 100,
                    "ix": 5
                  },
                  "r": 1,
                  "bm": 0,
                  "nm": "Fill 1",
                  "mn": "ADBE Vector Graphic - Fill",
                  "hd": false
                },
                {
                  "ty": "tr",
                  "p": {
                    "a": 0,
                    "k": [
                      113.8,
                      44.4
                    ],
                    "ix": 2
                  },
                  "a": {
                    "a": 0,
                    "k": [
                      0,
                      0
                    ],
                    "ix": 1
                  },
                  "s": {
                    "a": 0,
                    "k": [
                      100,
                      100
                    ],
                    "ix": 3
                  },
                  "r": {
                    "a": 0,
                    "k": 0,
                    "ix": 6
                  },
                  "o": {
                    "a": 0,
                    "k": 100,
                    "ix": 7
                  },
                  "sk": {
                    "a": 0,
                    "k": 0,
                    "ix": 4
                  },
                  "sa": {
                    "a": 0,
                    "k": 0,
                    "ix": 5
                  },
                  "nm": "Transform"
                }
              ],
              "nm": "Group 1",
              "np": 2,
              "cix": 2,
              "bm": 0,
              "ix": 1,
              "mn": "ADBE Vector Group",
              "hd": false
            }
          ],
          "ip": 0,
          "op": 120,
          "st": 0,
          "bm": 0
        },
        {
          "ddd": 0,
          "ind": 3,
          "ty": 4,
          "nm": "Actual Outlines 4",
          "sr": 1,
          "ks": {
            "o": {
              "a": 1,
              "k": [
                {
                  "i": {
                    "x": [
                      0.833
                    ],
                    "y": [
                      0.833
                    ]
                  },
                  "o": {
                    "x": [
                      0.167
                    ],
                    "y": [
                      0.167
                    ]
                  },
                  "t": 30,
                  "s": [
                    0
                  ]
                },
                {
                  "t": 31,
                  "s": [
                    100
                  ]
                }
              ],
              "ix": 11
            },
            "r": {
              "a": 0,
              "k": 180,
              "ix": 10
            },
            "p": {
              "a": 0,
              "k": [
                76,
                130,
                0
              ],
              "ix": 2
            },
            "a": {
              "a": 0,
              "k": [
                77,
                45,
                0
              ],
              "ix": 1
            },
            "s": {
              "a": 1,
              "k": [
                {
                  "i": {
                    "x": [
                      0.833,
                      0.833,
                      0.833
                    ],
                    "y": [
                      0.833,
                      0.833,
                      0.833
                    ]
                  },
                  "o": {
                    "x": [
                      0.167,
                      0.167,
                      0.167
                    ],
                    "y": [
                      0.167,
                      0.167,
                      0.167
                    ]
                  },
                  "t": 30,
                  "s": [
                    0,
                    100,
                    100
                  ]
                },
                {
                  "t": 40,
                  "s": [
                    100,
                    100,
                    100
                  ]
                }
              ],
              "ix": 6
            }
          },
          "ao": 0,
          "shapes": [
            {
              "ty": "gr",
              "it": [
                {
                  "ind": 0,
                  "ty": "sh",
                  "ix": 1,
                  "ks": {
                    "a": 0,
                    "k": {
                      "i": [
                        [
                          0,
                          0
                        ],
                        [
                          0,
                          0
                        ],
                        [
                          0,
                          0
                        ]
                      ],
                      "o": [
                        [
                          0,
                          0
                        ],
                        [
                          0,
                          0
                        ],
                        [
                          0,
                          0
                        ]
                      ],
                      "v": [
                        [
                          -36.85,
                          42.551
                        ],
                        [
                          36.85,
                          0
                        ],
                        [
                          -36.85,
                          -42.551
                        ]
                      ],
                      "c": true
                    },
                    "ix": 2
                  },
                  "nm": "Path 1",
                  "mn": "ADBE Vector Shape - Group",
                  "hd": false
                },
                {
                  "ty": "fl",
                  "c": {
                    "a": 1,
                    "k": [
                      {
                        "i": {
                          "x": [
                            0.833
                          ],
                          "y": [
                            0.833
                          ]
                        },
                        "o": {
                          "x": [
                            0.167
                          ],
                          "y": [
                            0.167
                          ]
                        },
                        "t": 30,
                        "s": [
                          0.631372570992,
                          0.137254908681,
                          0,
                          1
                        ]
                      },
                      {
                        "t": 40,
                        "s": [
                          0.937254905701,
                          0.305882364511,
                          0.133333340287,
                          1
                        ]
                      }
                    ],
                    "ix": 4
                  },
                  "o": {
                    "a": 0,
                    "k": 100,
                    "ix": 5
                  },
                  "r": 1,
                  "bm": 0,
                  "nm": "Fill 1",
                  "mn": "ADBE Vector Graphic - Fill",
                  "hd": false
                },
                {
                  "ty": "tr",
                  "p": {
                    "a": 0,
                    "k": [
                      113.8,
                      44.4
                    ],
                    "ix": 2
                  },
                  "a": {
                    "a": 0,
                    "k": [
                      0,
                      0
                    ],
                    "ix": 1
                  },
                  "s": {
                    "a": 0,
                    "k": [
                      100,
                      100
                    ],
                    "ix": 3
                  },
                  "r": {
                    "a": 0,
                    "k": 0,
                    "ix": 6
                  },
                  "o": {
                    "a": 0,
                    "k": 100,
                    "ix": 7
                  },
                  "sk": {
                    "a": 0,
                    "k": 0,
                    "ix": 4
                  },
                  "sa": {
                    "a": 0,
                    "k": 0,
                    "ix": 5
                  },
                  "nm": "Transform"
                }
              ],
              "nm": "Group 1",
              "np": 2,
              "cix": 2,
              "bm": 0,
              "ix": 1,
              "mn": "ADBE Vector Group",
              "hd": false
            }
          ],
          "ip": 0,
          "op": 120,
          "st": 0,
          "bm": 0
        },
        {
          "ddd": 0,
          "ind": 4,
          "ty": 4,
          "nm": "Actual Outlines 3",
          "sr": 1,
          "ks": {
            "o": {
              "a": 1,
              "k": [
                {
                  "i": {
                    "x": [
                      0.833
                    ],
                    "y": [
                      0.833
                    ]
                  },
                  "o": {
                    "x": [
                      0.167
                    ],
                    "y": [
                      0.167
                    ]
                  },
                  "t": 20,
                  "s": [
                    0
                  ]
                },
                {
                  "t": 21,
                  "s": [
                    100
                  ]
                }
              ],
              "ix": 11
            },
            "r": {
              "a": 0,
              "k": 120,
              "ix": 10
            },
            "p": {
              "a": 0,
              "k": [
                113,
                109,
                0
              ],
              "ix": 2
            },
            "a": {
              "a": 0,
              "k": [
                77,
                45,
                0
              ],
              "ix": 1
            },
            "s": {
              "a": 1,
              "k": [
                {
                  "i": {
                    "x": [
                      0.833,
                      0.833,
                      0.833
                    ],
                    "y": [
                      0.833,
                      0.833,
                      0.833
                    ]
                  },
                  "o": {
                    "x": [
                      0.167,
                      0.167,
                      0.167
                    ],
                    "y": [
                      0.167,
                      0.167,
                      0.167
                    ]
                  },
                  "t": 20,
                  "s": [
                    0,
                    100,
                    100
                  ]
                },
                {
                  "t": 30,
                  "s": [
                    100,
                    100,
                    100
                  ]
                }
              ],
              "ix": 6
            }
          },
          "ao": 0,
          "shapes": [
            {
              "ty": "gr",
              "it": [
                {
                  "ind": 0,
                  "ty": "sh",
                  "ix": 1,
                  "ks": {
                    "a": 0,
                    "k": {
                      "i": [
                        [
                          0,
                          0
                        ],
                        [
                          0,
                          0
                        ],
                        [
                          0,
                          0
                        ]
                      ],
                      "o": [
                        [
                          0,
                          0
                        ],
                        [
                          0,
                          0
                        ],
                        [
                          0,
                          0
                        ]
                      ],
                      "v": [
                        [
                          -36.85,
                          42.551
                        ],
                        [
                          36.85,
                          0
                        ],
                        [
                          -36.85,
                          -42.551
                        ]
                      ],
                      "c": true
                    },
                    "ix": 2
                  },
                  "nm": "Path 1",
                  "mn": "ADBE Vector Shape - Group",
                  "hd": false
                },
                {
                  "ty": "fl",
                  "c": {
                    "a": 1,
                    "k": [
                      {
                        "i": {
                          "x": [
                            0.833
                          ],
                          "y": [
                            0.833
                          ]
                        },
                        "o": {
                          "x": [
                            0.167
                          ],
                          "y": [
                            0.167
                          ]
                        },
                        "t": 20,
                        "s": [
                          0.631372570992,
                          0.137254908681,
                          0,
                          1
                        ]
                      },
                      {
                        "t": 30,
                        "s": [
                          0.937254905701,
                          0.305882364511,
                          0.133333340287,
                          1
                        ]
                      }
                    ],
                    "ix": 4
                  },
                  "o": {
                    "a": 0,
                    "k": 100,
                    "ix": 5
                  },
                  "r": 1,
                  "bm": 0,
                  "nm": "Fill 1",
                  "mn": "ADBE Vector Graphic - Fill",
                  "hd": false
                },
                {
                  "ty": "tr",
                  "p": {
                    "a": 0,
                    "k": [
                      113.8,
                      44.4
                    ],
                    "ix": 2
                  },
                  "a": {
                    "a": 0,
                    "k": [
                      0,
                      0
                    ],
                    "ix": 1
                  },
                  "s": {
                    "a": 0,
                    "k": [
                      100,
                      100
                    ],
                    "ix": 3
                  },
                  "r": {
                    "a": 0,
                    "k": 0,
                    "ix": 6
                  },
                  "o": {
                    "a": 0,
                    "k": 100,
                    "ix": 7
                  },
                  "sk": {
                    "a": 0,
                    "k": 0,
                    "ix": 4
                  },
                  "sa": {
                    "a": 0,
                    "k": 0,
                    "ix": 5
                  },
                  "nm": "Transform"
                }
              ],
              "nm": "Group 1",
              "np": 2,
              "cix": 2,
              "bm": 0,
              "ix": 1,
              "mn": "ADBE Vector Group",
              "hd": false
            }
          ],
          "ip": 0,
          "op": 120,
          "st": 0,
          "bm": 0
        },
        {
          "ddd": 0,
          "ind": 5,
          "ty": 4,
          "nm": "Actual Outlines 2",
          "sr": 1,
          "ks": {
            "o": {
              "a": 1,
              "k": [
                {
                  "i": {
                    "x": [
                      0.833
                    ],
                    "y": [
                      0.833
                    ]
                  },
                  "o": {
                    "x": [
                      0.167
                    ],
                    "y": [
                      0.167
                    ]
                  },
                  "t": 10,
                  "s": [
                    0
                  ]
                },
                {
                  "t": 11,
                  "s": [
                    100
                  ]
                }
              ],
              "ix": 11
            },
            "r": {
              "a": 0,
              "k": 60,
              "ix": 10
            },
            "p": {
              "a": 0,
              "k": [
                113,
                66,
                0
              ],
              "ix": 2
            },
            "a": {
              "a": 0,
              "k": [
                77,
                45,
                0
              ],
              "ix": 1
            },
            "s": {
              "a": 1,
              "k": [
                {
                  "i": {
                    "x": [
                      0.833,
                      0.833,
                      0.833
                    ],
                    "y": [
                      0.833,
                      0.833,
                      0.833
                    ]
                  },
                  "o": {
                    "x": [
                      0.167,
                      0.167,
                      0.167
                    ],
                    "y": [
                      0.167,
                      0.167,
                      0.167
                    ]
                  },
                  "t": 10,
                  "s": [
                    0,
                    100,
                    100
                  ]
                },
                {
                  "t": 20,
                  "s": [
                    100,
                    100,
                    100
                  ]
                }
              ],
              "ix": 6
            }
          },
          "ao": 0,
          "shapes": [
            {
              "ty": "gr",
              "it": [
                {
                  "ind": 0,
                  "ty": "sh",
                  "ix": 1,
                  "ks": {
                    "a": 0,
                    "k": {
                      "i": [
                        [
                          0,
                          0
                        ],
                        [
                          0,
                          0
                        ],
                        [
                          0,
                          0
                        ]
                      ],
                      "o": [
                        [
                          0,
                          0
                        ],
                        [
                          0,
                          0
                        ],
                        [
                          0,
                          0
                        ]
                      ],
                      "v": [
                        [
                          -36.85,
                          42.551
                        ],
                        [
                          36.85,
                          0
                        ],
                        [
                          -36.85,
                          -42.551
                        ]
                      ],
                      "c": true
                    },
                    "ix": 2
                  },
                  "nm": "Path 1",
                  "mn": "ADBE Vector Shape - Group",
                  "hd": false
                },
                {
                  "ty": "fl",
                  "c": {
                    "a": 1,
                    "k": [
                      {
                        "i": {
                          "x": [
                            0.833
                          ],
                          "y": [
                            0.833
                          ]
                        },
                        "o": {
                          "x": [
                            0.167
                          ],
                          "y": [
                            0.167
                          ]
                        },
                        "t": 10,
                        "s": [
                          0.631372570992,
                          0.137254908681,
                          0,
                          1
                        ]
                      },
                      {
                        "t": 20,
                        "s": [
                          0.937254905701,
                          0.305882364511,
                          0.133333340287,
                          1
                        ]
                      }
                    ],
                    "ix": 4
                  },
                  "o": {
                    "a": 0,
                    "k": 100,
                    "ix": 5
                  },
                  "r": 1,
                  "bm": 0,
                  "nm": "Fill 1",
                  "mn": "ADBE Vector Graphic - Fill",
                  "hd": false
                },
                {
                  "ty": "tr",
                  "p": {
                    "a": 0,
                    "k": [
                      113.8,
                      44.4
                    ],
                    "ix": 2
                  },
                  "a": {
                    "a": 0,
                    "k": [
                      0,
                      0
                    ],
                    "ix": 1
                  },
                  "s": {
                    "a": 0,
                    "k": [
                      100,
                      100
                    ],
                    "ix": 3
                  },
                  "r": {
                    "a": 0,
                    "k": 0,
                    "ix": 6
                  },
                  "o": {
                    "a": 0,
                    "k": 100,
                    "ix": 7
                  },
                  "sk": {
                    "a": 0,
                    "k": 0,
                    "ix": 4
                  },
                  "sa": {
                    "a": 0,
                    "k": 0,
                    "ix": 5
                  },
                  "nm": "Transform"
                }
              ],
              "nm": "Group 1",
              "np": 2,
              "cix": 2,
              "bm": 0,
              "ix": 1,
              "mn": "ADBE Vector Group",
              "hd": false
            }
          ],
          "ip": 0,
          "op": 120,
          "st": 0,
          "bm": 0
        },
        {
          "ddd": 0,
          "ind": 6,
          "ty": 4,
          "nm": "Actual Outlines",
          "sr": 1,
          "ks": {
            "o": {
              "a": 1,
              "k": [
                {
                  "i": {
                    "x": [
                      0.833
                    ],
                    "y": [
                      0.833
                    ]
                  },
                  "o": {
                    "x": [
                      0.167
                    ],
                    "y": [
                      0.167
                    ]
                  },
                  "t": 0,
                  "s": [
                    0
                  ]
                },
                {
                  "t": 1,
                  "s": [
                    100
                  ]
                }
              ],
              "ix": 11
            },
            "r": {
              "a": 0,
              "k": 0,
              "ix": 10
            },
            "p": {
              "a": 0,
              "k": [
                77,
                44,
                0
              ],
              "ix": 2
            },
            "a": {
              "a": 0,
              "k": [
                77,
                45,
                0
              ],
              "ix": 1
            },
            "s": {
              "a": 1,
              "k": [
                {
                  "i": {
                    "x": [
                      0.833,
                      0.833,
                      0.833
                    ],
                    "y": [
                      0.833,
                      0.833,
                      0.833
                    ]
                  },
                  "o": {
                    "x": [
                      0.167,
                      0.167,
                      0.167
                    ],
                    "y": [
                      0.167,
                      0.167,
                      0.167
                    ]
                  },
                  "t": 0,
                  "s": [
                    0,
                    100,
                    100
                  ]
                },
                {
                  "t": 10,
                  "s": [
                    100,
                    100,
                    100
                  ]
                }
              ],
              "ix": 6
            }
          },
          "ao": 0,
          "shapes": [
            {
              "ty": "gr",
              "it": [
                {
                  "ind": 0,
                  "ty": "sh",
                  "ix": 1,
                  "ks": {
                    "a": 0,
                    "k": {
                      "i": [
                        [
                          0,
                          0
                        ],
                        [
                          0,
                          0
                        ],
                        [
                          0,
                          0
                        ]
                      ],
                      "o": [
                        [
                          0,
                          0
                        ],
                        [
                          0,
                          0
                        ],
                        [
                          0,
                          0
                        ]
                      ],
                      "v": [
                        [
                          -36.85,
                          42.551
                        ],
                        [
                          36.85,
                          0
                        ],
                        [
                          -36.85,
                          -42.551
                        ]
                      ],
                      "c": true
                    },
                    "ix": 2
                  },
                  "nm": "Path 1",
                  "mn": "ADBE Vector Shape - Group",
                  "hd": false
                },
                {
                  "ty": "fl",
                  "c": {
                    "a": 1,
                    "k": [
                      {
                        "i": {
                          "x": [
                            0.833
                          ],
                          "y": [
                            0.833
                          ]
                        },
                        "o": {
                          "x": [
                            0.167
                          ],
                          "y": [
                            0.167
                          ]
                        },
                        "t": 0,
                        "s": [
                          0.631372570992,
                          0.137254908681,
                          0,
                          1
                        ]
                      },
                      {
                        "t": 10,
                        "s": [
                          0.937254905701,
                          0.305882364511,
                          0.133333340287,
                          1
                        ]
                      }
                    ],
                    "ix": 4
                  },
                  "o": {
                    "a": 0,
                    "k": 100,
                    "ix": 5
                  },
                  "r": 1,
                  "bm": 0,
                  "nm": "Fill 1",
                  "mn": "ADBE Vector Graphic - Fill",
                  "hd": false
                },
                {
                  "ty": "tr",
                  "p": {
                    "a": 0,
                    "k": [
                      113.8,
                      44.4
                    ],
                    "ix": 2
                  },
                  "a": {
                    "a": 0,
                    "k": [
                      0,
                      0
                    ],
                    "ix": 1
                  },
                  "s": {
                    "a": 0,
                    "k": [
                      100,
                      100
                    ],
                    "ix": 3
                  },
                  "r": {
                    "a": 0,
                    "k": 0,
                    "ix": 6
                  },
                  "o": {
                    "a": 0,
                    "k": 100,
                    "ix": 7
                  },
                  "sk": {
                    "a": 0,
                    "k": 0,
                    "ix": 4
                  },
                  "sa": {
                    "a": 0,
                    "k": 0,
                    "ix": 5
                  },
                  "nm": "Transform"
                }
              ],
              "nm": "Group 1",
              "np": 2,
              "cix": 2,
              "bm": 0,
              "ix": 1,
              "mn": "ADBE Vector Group",
              "hd": false
            }
          ],
          "ip": 0,
          "op": 120,
          "st": 0,
          "bm": 0
        }
      ]
    },
    {
      "id": "comp_1",
      "layers": [
        {
          "ddd": 0,
          "ind": 1,
          "ty": 4,
          "nm": "Actual Outlines 6",
          "sr": 1,
          "ks": {
            "o": {
              "a": 1,
              "k": [
                {
                  "i": {
                    "x": [
                      0.833
                    ],
                    "y": [
                      0.833
                    ]
                  },
                  "o": {
                    "x": [
                      0.167
                    ],
                    "y": [
                      0.167
                    ]
                  },
                  "t": 59,
                  "s": [
                    100
                  ]
                },
                {
                  "t": 60,
                  "s": [
                    0
                  ]
                }
              ],
              "ix": 11
            },
            "r": {
              "a": 0,
              "k": 180,
              "ix": 10
            },
            "p": {
              "a": 0,
              "k": [
                76,
                43,
                0
              ],
              "ix": 2
            },
            "a": {
              "a": 0,
              "k": [
                77,
                45,
                0
              ],
              "ix": 1
            },
            "s": {
              "a": 1,
              "k": [
                {
                  "i": {
                    "x": [
                      0.833,
                      0.833,
                      0.833
                    ],
                    "y": [
                      0.833,
                      0.833,
                      0.833
                    ]
                  },
                  "o": {
                    "x": [
                      0.167,
                      0.167,
                      0.167
                    ],
                    "y": [
                      0.167,
                      0.167,
                      0.167
                    ]
                  },
                  "t": 50,
                  "s": [
                    100,
                    100,
                    100
                  ]
                },
                {
                  "t": 60,
                  "s": [
                    0,
                    100,
                    100
                  ]
                }
              ],
              "ix": 6
            }
          },
          "ao": 0,
          "shapes": [
            {
              "ty": "gr",
              "it": [
                {
                  "ind": 0,
                  "ty": "sh",
                  "ix": 1,
                  "ks": {
                    "a": 0,
                    "k": {
                      "i": [
                        [
                          0,
                          0
                        ],
                        [
                          0,
                          0
                        ],
                        [
                          0,
                          0
                        ]
                      ],
                      "o": [
                        [
                          0,
                          0
                        ],
                        [
                          0,
                          0
                        ],
                        [
                          0,
                          0
                        ]
                      ],
                      "v": [
                        [
                          -36.85,
                          42.551
                        ],
                        [
                          36.85,
                          0
                        ],
                        [
                          -36.85,
                          -42.551
                        ]
                      ],
                      "c": true
                    },
                    "ix": 2
                  },
                  "nm": "Path 1",
                  "mn": "ADBE Vector Shape - Group",
                  "hd": false
                },
                {
                  "ty": "fl",
                  "c": {
                    "a": 1,
                    "k": [
                      {
                        "i": {
                          "x": [
                            0.833
                          ],
                          "y": [
                            0.833
                          ]
                        },
                        "o": {
                          "x": [
                            0.167
                          ],
                          "y": [
                            0.167
                          ]
                        },
                        "t": 50,
                        "s": [
                          0.936999990426,
                          0.305999995213,
                          0.13300000359,
                          1
                        ]
                      },
                      {
                        "t": 60,
                        "s": [
                          0.631372570992,
                          0.135855048895,
                          0,
                          1
                        ]
                      }
                    ],
                    "ix": 4
                  },
                  "o": {
                    "a": 0,
                    "k": 100,
                    "ix": 5
                  },
                  "r": 1,
                  "bm": 0,
                  "nm": "Fill 1",
                  "mn": "ADBE Vector Graphic - Fill",
                  "hd": false
                },
                {
                  "ty": "tr",
                  "p": {
                    "a": 0,
                    "k": [
                      113.8,
                      44.4
                    ],
                    "ix": 2
                  },
                  "a": {
                    "a": 0,
                    "k": [
                      0,
                      0
                    ],
                    "ix": 1
                  },
                  "s": {
                    "a": 0,
                    "k": [
                      100,
                      100
                    ],
                    "ix": 3
                  },
                  "r": {
                    "a": 0,
                    "k": 0,
                    "ix": 6
                  },
                  "o": {
                    "a": 0,
                    "k": 100,
                    "ix": 7
                  },
                  "sk": {
                    "a": 0,
                    "k": 0,
                    "ix": 4
                  },
                  "sa": {
                    "a": 0,
                    "k": 0,
                    "ix": 5
                  },
                  "nm": "Transform"
                }
              ],
              "nm": "Group 1",
              "np": 2,
              "cix": 2,
              "bm": 0,
              "ix": 1,
              "mn": "ADBE Vector Group",
              "hd": false
            }
          ],
          "ip": 0,
          "op": 120,
          "st": 0,
          "bm": 0
        },
        {
          "ddd": 0,
          "ind": 2,
          "ty": 4,
          "nm": "Actual Outlines 5",
          "sr": 1,
          "ks": {
            "o": {
              "a": 1,
              "k": [
                {
                  "i": {
                    "x": [
                      0.833
                    ],
                    "y": [
                      0.833
                    ]
                  },
                  "o": {
                    "x": [
                      0.167
                    ],
                    "y": [
                      0.167
                    ]
                  },
                  "t": 49,
                  "s": [
                    100
                  ]
                },
                {
                  "t": 50,
                  "s": [
                    0
                  ]
                }
              ],
              "ix": 11
            },
            "r": {
              "a": 0,
              "k": 120,
              "ix": 10
            },
            "p": {
              "a": 0,
              "k": [
                39,
                66,
                0
              ],
              "ix": 2
            },
            "a": {
              "a": 0,
              "k": [
                77,
                45,
                0
              ],
              "ix": 1
            },
            "s": {
              "a": 1,
              "k": [
                {
                  "i": {
                    "x": [
                      0.833,
                      0.833,
                      0.833
                    ],
                    "y": [
                      0.833,
                      0.833,
                      0.833
                    ]
                  },
                  "o": {
                    "x": [
                      0.167,
                      0.167,
                      0.167
                    ],
                    "y": [
                      0.167,
                      0.167,
                      0.167
                    ]
                  },
                  "t": 40,
                  "s": [
                    100,
                    100,
                    100
                  ]
                },
                {
                  "t": 50,
                  "s": [
                    0,
                    100,
                    100
                  ]
                }
              ],
              "ix": 6
            }
          },
          "ao": 0,
          "shapes": [
            {
              "ty": "gr",
              "it": [
                {
                  "ind": 0,
                  "ty": "sh",
                  "ix": 1,
                  "ks": {
                    "a": 0,
                    "k": {
                      "i": [
                        [
                          0,
                          0
                        ],
                        [
                          0,
                          0
                        ],
                        [
                          0,
                          0
                        ]
                      ],
                      "o": [
                        [
                          0,
                          0
                        ],
                        [
                          0,
                          0
                        ],
                        [
                          0,
                          0
                        ]
                      ],
                      "v": [
                        [
                          -36.85,
                          42.551
                        ],
                        [
                          36.85,
                          0
                        ],
                        [
                          -36.85,
                          -42.551
                        ]
                      ],
                      "c": true
                    },
                    "ix": 2
                  },
                  "nm": "Path 1",
                  "mn": "ADBE Vector Shape - Group",
                  "hd": false
                },
                {
                  "ty": "fl",
                  "c": {
                    "a": 1,
                    "k": [
                      {
                        "i": {
                          "x": [
                            0.833
                          ],
                          "y": [
                            0.833
                          ]
                        },
                        "o": {
                          "x": [
                            0.167
                          ],
                          "y": [
                            0.167
                          ]
                        },
                        "t": 40,
                        "s": [
                          0.936999990426,
                          0.305999995213,
                          0.13300000359,
                          1
                        ]
                      },
                      {
                        "t": 50,
                        "s": [
                          0.631372570992,
                          0.135855048895,
                          0,
                          1
                        ]
                      }
                    ],
                    "ix": 4
                  },
                  "o": {
                    "a": 0,
                    "k": 100,
                    "ix": 5
                  },
                  "r": 1,
                  "bm": 0,
                  "nm": "Fill 1",
                  "mn": "ADBE Vector Graphic - Fill",
                  "hd": false
                },
                {
                  "ty": "tr",
                  "p": {
                    "a": 0,
                    "k": [
                      113.8,
                      44.4
                    ],
                    "ix": 2
                  },
                  "a": {
                    "a": 0,
                    "k": [
                      0,
                      0
                    ],
                    "ix": 1
                  },
                  "s": {
                    "a": 0,
                    "k": [
                      100,
                      100
                    ],
                    "ix": 3
                  },
                  "r": {
                    "a": 0,
                    "k": 0,
                    "ix": 6
                  },
                  "o": {
                    "a": 0,
                    "k": 100,
                    "ix": 7
                  },
                  "sk": {
                    "a": 0,
                    "k": 0,
                    "ix": 4
                  },
                  "sa": {
                    "a": 0,
                    "k": 0,
                    "ix": 5
                  },
                  "nm": "Transform"
                }
              ],
              "nm": "Group 1",
              "np": 2,
              "cix": 2,
              "bm": 0,
              "ix": 1,
              "mn": "ADBE Vector Group",
              "hd": false
            }
          ],
          "ip": 0,
          "op": 120,
          "st": 0,
          "bm": 0
        },
        {
          "ddd": 0,
          "ind": 3,
          "ty": 4,
          "nm": "Actual Outlines 4",
          "sr": 1,
          "ks": {
            "o": {
              "a": 1,
              "k": [
                {
                  "i": {
                    "x": [
                      0.833
                    ],
                    "y": [
                      0.833
                    ]
                  },
                  "o": {
                    "x": [
                      0.167
                    ],
                    "y": [
                      0.167
                    ]
                  },
                  "t": 39,
                  "s": [
                    100
                  ]
                },
                {
                  "t": 40,
                  "s": [
                    0
                  ]
                }
              ],
              "ix": 11
            },
            "r": {
              "a": 0,
              "k": 60,
              "ix": 10
            },
            "p": {
              "a": 0,
              "k": [
                39,
                110,
                0
              ],
              "ix": 2
            },
            "a": {
              "a": 0,
              "k": [
                77,
                45,
                0
              ],
              "ix": 1
            },
            "s": {
              "a": 1,
              "k": [
                {
                  "i": {
                    "x": [
                      0.833,
                      0.833,
                      0.833
                    ],
                    "y": [
                      0.833,
                      0.833,
                      0.833
                    ]
                  },
                  "o": {
                    "x": [
                      0.167,
                      0.167,
                      0.167
                    ],
                    "y": [
                      0.167,
                      0.167,
                      0.167
                    ]
                  },
                  "t": 30,
                  "s": [
                    100,
                    100,
                    100
                  ]
                },
                {
                  "t": 40,
                  "s": [
                    0,
                    100,
                    100
                  ]
                }
              ],
              "ix": 6
            }
          },
          "ao": 0,
          "shapes": [
            {
              "ty": "gr",
              "it": [
                {
                  "ind": 0,
                  "ty": "sh",
                  "ix": 1,
                  "ks": {
                    "a": 0,
                    "k": {
                      "i": [
                        [
                          0,
                          0
                        ],
                        [
                          0,
                          0
                        ],
                        [
                          0,
                          0
                        ]
                      ],
                      "o": [
                        [
                          0,
                          0
                        ],
                        [
                          0,
                          0
                        ],
                        [
                          0,
                          0
                        ]
                      ],
                      "v": [
                        [
                          -36.85,
                          42.551
                        ],
                        [
                          36.85,
                          0
                        ],
                        [
                          -36.85,
                          -42.551
                        ]
                      ],
                      "c": true
                    },
                    "ix": 2
                  },
                  "nm": "Path 1",
                  "mn": "ADBE Vector Shape - Group",
                  "hd": false
                },
                {
                  "ty": "fl",
                  "c": {
                    "a": 1,
                    "k": [
                      {
                        "i": {
                          "x": [
                            0.833
                          ],
                          "y": [
                            0.833
                          ]
                        },
                        "o": {
                          "x": [
                            0.167
                          ],
                          "y": [
                            0.167
                          ]
                        },
                        "t": 30,
                        "s": [
                          0.936999990426,
                          0.305999995213,
                          0.13300000359,
                          1
                        ]
                      },
                      {
                        "t": 40,
                        "s": [
                          0.631372570992,
                          0.135855048895,
                          0,
                          1
                        ]
                      }
                    ],
                    "ix": 4
                  },
                  "o": {
                    "a": 0,
                    "k": 100,
                    "ix": 5
                  },
                  "r": 1,
                  "bm": 0,
                  "nm": "Fill 1",
                  "mn": "ADBE Vector Graphic - Fill",
                  "hd": false
                },
                {
                  "ty": "tr",
                  "p": {
                    "a": 0,
                    "k": [
                      113.8,
                      44.4
                    ],
                    "ix": 2
                  },
                  "a": {
                    "a": 0,
                    "k": [
                      0,
                      0
                    ],
                    "ix": 1
                  },
                  "s": {
                    "a": 0,
                    "k": [
                      100,
                      100
                    ],
                    "ix": 3
                  },
                  "r": {
                    "a": 0,
                    "k": 0,
                    "ix": 6
                  },
                  "o": {
                    "a": 0,
                    "k": 100,
                    "ix": 7
                  },
                  "sk": {
                    "a": 0,
                    "k": 0,
                    "ix": 4
                  },
                  "sa": {
                    "a": 0,
                    "k": 0,
                    "ix": 5
                  },
                  "nm": "Transform"
                }
              ],
              "nm": "Group 1",
              "np": 2,
              "cix": 2,
              "bm": 0,
              "ix": 1,
              "mn": "ADBE Vector Group",
              "hd": false
            }
          ],
          "ip": 0,
          "op": 120,
          "st": 0,
          "bm": 0
        },
        {
          "ddd": 0,
          "ind": 4,
          "ty": 4,
          "nm": "Actual Outlines 3",
          "sr": 1,
          "ks": {
            "o": {
              "a": 1,
              "k": [
                {
                  "i": {
                    "x": [
                      0.833
                    ],
                    "y": [
                      0.833
                    ]
                  },
                  "o": {
                    "x": [
                      0.167
                    ],
                    "y": [
                      0.167
                    ]
                  },
                  "t": 29,
                  "s": [
                    100
                  ]
                },
                {
                  "t": 30,
                  "s": [
                    0
                  ]
                }
              ],
              "ix": 11
            },
            "r": {
              "a": 0,
              "k": 0,
              "ix": 10
            },
            "p": {
              "a": 0,
              "k": [
                77,
                131.5,
                0
              ],
              "ix": 2
            },
            "a": {
              "a": 0,
              "k": [
                77,
                45,
                0
              ],
              "ix": 1
            },
            "s": {
              "a": 1,
              "k": [
                {
                  "i": {
                    "x": [
                      0.833,
                      0.833,
                      0.833
                    ],
                    "y": [
                      0.833,
                      0.833,
                      0.833
                    ]
                  },
                  "o": {
                    "x": [
                      0.167,
                      0.167,
                      0.167
                    ],
                    "y": [
                      0.167,
                      0.167,
                      0.167
                    ]
                  },
                  "t": 20,
                  "s": [
                    100,
                    100,
                    100
                  ]
                },
                {
                  "t": 30,
                  "s": [
                    0,
                    100,
                    100
                  ]
                }
              ],
              "ix": 6
            }
          },
          "ao": 0,
          "shapes": [
            {
              "ty": "gr",
              "it": [
                {
                  "ind": 0,
                  "ty": "sh",
                  "ix": 1,
                  "ks": {
                    "a": 0,
                    "k": {
                      "i": [
                        [
                          0,
                          0
                        ],
                        [
                          0,
                          0
                        ],
                        [
                          0,
                          0
                        ]
                      ],
                      "o": [
                        [
                          0,
                          0
                        ],
                        [
                          0,
                          0
                        ],
                        [
                          0,
                          0
                        ]
                      ],
                      "v": [
                        [
                          -36.85,
                          42.551
                        ],
                        [
                          36.85,
                          0
                        ],
                        [
                          -36.85,
                          -42.551
                        ]
                      ],
                      "c": true
                    },
                    "ix": 2
                  },
                  "nm": "Path 1",
                  "mn": "ADBE Vector Shape - Group",
                  "hd": false
                },
                {
                  "ty": "fl",
                  "c": {
                    "a": 1,
                    "k": [
                      {
                        "i": {
                          "x": [
                            0.833
                          ],
                          "y": [
                            0.833
                          ]
                        },
                        "o": {
                          "x": [
                            0.167
                          ],
                          "y": [
                            0.167
                          ]
                        },
                        "t": 20,
                        "s": [
                          0.936999990426,
                          0.305999995213,
                          0.13300000359,
                          1
                        ]
                      },
                      {
                        "t": 30,
                        "s": [
                          0.631372570992,
                          0.135855048895,
                          0,
                          1
                        ]
                      }
                    ],
                    "ix": 4
                  },
                  "o": {
                    "a": 0,
                    "k": 100,
                    "ix": 5
                  },
                  "r": 1,
                  "bm": 0,
                  "nm": "Fill 1",
                  "mn": "ADBE Vector Graphic - Fill",
                  "hd": false
                },
                {
                  "ty": "tr",
                  "p": {
                    "a": 0,
                    "k": [
                      113.8,
                      44.4
                    ],
                    "ix": 2
                  },
                  "a": {
                    "a": 0,
                    "k": [
                      0,
                      0
                    ],
                    "ix": 1
                  },
                  "s": {
                    "a": 0,
                    "k": [
                      100,
                      100
                    ],
                    "ix": 3
                  },
                  "r": {
                    "a": 0,
                    "k": 0,
                    "ix": 6
                  },
                  "o": {
                    "a": 0,
                    "k": 100,
                    "ix": 7
                  },
                  "sk": {
                    "a": 0,
                    "k": 0,
                    "ix": 4
                  },
                  "sa": {
                    "a": 0,
                    "k": 0,
                    "ix": 5
                  },
                  "nm": "Transform"
                }
              ],
              "nm": "Group 1",
              "np": 2,
              "cix": 2,
              "bm": 0,
              "ix": 1,
              "mn": "ADBE Vector Group",
              "hd": false
            }
          ],
          "ip": 0,
          "op": 120,
          "st": 0,
          "bm": 0
        },
        {
          "ddd": 0,
          "ind": 5,
          "ty": 4,
          "nm": "Actual Outlines 2",
          "sr": 1,
          "ks": {
            "o": {
              "a": 1,
              "k": [
                {
                  "i": {
                    "x": [
                      0.833
                    ],
                    "y": [
                      0.833
                    ]
                  },
                  "o": {
                    "x": [
                      0.167
                    ],
                    "y": [
                      0.167
                    ]
                  },
                  "t": 19,
                  "s": [
                    100
                  ]
                },
                {
                  "t": 20,
                  "s": [
                    0
                  ]
                }
              ],
              "ix": 11
            },
            "r": {
              "a": 0,
              "k": -60,
              "ix": 10
            },
            "p": {
              "a": 0,
              "k": [
                114,
                109,
                0
              ],
              "ix": 2
            },
            "a": {
              "a": 0,
              "k": [
                77,
                45,
                0
              ],
              "ix": 1
            },
            "s": {
              "a": 1,
              "k": [
                {
                  "i": {
                    "x": [
                      0.833,
                      0.833,
                      0.833
                    ],
                    "y": [
                      0.833,
                      0.833,
                      0.833
                    ]
                  },
                  "o": {
                    "x": [
                      0.167,
                      0.167,
                      0.167
                    ],
                    "y": [
                      0.167,
                      0.167,
                      0.167
                    ]
                  },
                  "t": 10,
                  "s": [
                    100,
                    100,
                    100
                  ]
                },
                {
                  "t": 20,
                  "s": [
                    0,
                    100,
                    100
                  ]
                }
              ],
              "ix": 6
            }
          },
          "ao": 0,
          "shapes": [
            {
              "ty": "gr",
              "it": [
                {
                  "ind": 0,
                  "ty": "sh",
                  "ix": 1,
                  "ks": {
                    "a": 0,
                    "k": {
                      "i": [
                        [
                          0,
                          0
                        ],
                        [
                          0,
                          0
                        ],
                        [
                          0,
                          0
                        ]
                      ],
                      "o": [
                        [
                          0,
                          0
                        ],
                        [
                          0,
                          0
                        ],
                        [
                          0,
                          0
                        ]
                      ],
                      "v": [
                        [
                          -36.85,
                          42.551
                        ],
                        [
                          36.85,
                          0
                        ],
                        [
                          -36.85,
                          -42.551
                        ]
                      ],
                      "c": true
                    },
                    "ix": 2
                  },
                  "nm": "Path 1",
                  "mn": "ADBE Vector Shape - Group",
                  "hd": false
                },
                {
                  "ty": "fl",
                  "c": {
                    "a": 1,
                    "k": [
                      {
                        "i": {
                          "x": [
                            0.833
                          ],
                          "y": [
                            0.833
                          ]
                        },
                        "o": {
                          "x": [
                            0.167
                          ],
                          "y": [
                            0.167
                          ]
                        },
                        "t": 10,
                        "s": [
                          0.936999990426,
                          0.305999995213,
                          0.13300000359,
                          1
                        ]
                      },
                      {
                        "t": 20,
                        "s": [
                          0.631372570992,
                          0.135855048895,
                          0,
                          1
                        ]
                      }
                    ],
                    "ix": 4
                  },
                  "o": {
                    "a": 0,
                    "k": 100,
                    "ix": 5
                  },
                  "r": 1,
                  "bm": 0,
                  "nm": "Fill 1",
                  "mn": "ADBE Vector Graphic - Fill",
                  "hd": false
                },
                {
                  "ty": "tr",
                  "p": {
                    "a": 0,
                    "k": [
                      113.8,
                      44.4
                    ],
                    "ix": 2
                  },
                  "a": {
                    "a": 0,
                    "k": [
                      0,
                      0
                    ],
                    "ix": 1
                  },
                  "s": {
                    "a": 0,
                    "k": [
                      100,
                      100
                    ],
                    "ix": 3
                  },
                  "r": {
                    "a": 0,
                    "k": 0,
                    "ix": 6
                  },
                  "o": {
                    "a": 0,
                    "k": 100,
                    "ix": 7
                  },
                  "sk": {
                    "a": 0,
                    "k": 0,
                    "ix": 4
                  },
                  "sa": {
                    "a": 0,
                    "k": 0,
                    "ix": 5
                  },
                  "nm": "Transform"
                }
              ],
              "nm": "Group 1",
              "np": 2,
              "cix": 2,
              "bm": 0,
              "ix": 1,
              "mn": "ADBE Vector Group",
              "hd": false
            }
          ],
          "ip": 0,
          "op": 120,
          "st": 0,
          "bm": 0
        },
        {
          "ddd": 0,
          "ind": 6,
          "ty": 4,
          "nm": "Actual Outlines",
          "sr": 1,
          "ks": {
            "o": {
              "a": 1,
              "k": [
                {
                  "i": {
                    "x": [
                      0.833
                    ],
                    "y": [
                      0.833
                    ]
                  },
                  "o": {
                    "x": [
                      0.167
                    ],
                    "y": [
                      0.167
                    ]
                  },
                  "t": 9,
                  "s": [
                    100
                  ]
                },
                {
                  "t": 10,
                  "s": [
                    0
                  ]
                }
              ],
              "ix": 11
            },
            "r": {
              "a": 0,
              "k": -120,
              "ix": 10
            },
            "p": {
              "a": 0,
              "k": [
                114,
                65,
                0
              ],
              "ix": 2
            },
            "a": {
              "a": 0,
              "k": [
                77,
                45,
                0
              ],
              "ix": 1
            },
            "s": {
              "a": 1,
              "k": [
                {
                  "i": {
                    "x": [
                      0.833,
                      0.833,
                      0.833
                    ],
                    "y": [
                      0.833,
                      0.833,
                      0.833
                    ]
                  },
                  "o": {
                    "x": [
                      0.167,
                      0.167,
                      0.167
                    ],
                    "y": [
                      0.167,
                      0.167,
                      0.167
                    ]
                  },
                  "t": 0,
                  "s": [
                    100,
                    100,
                    100
                  ]
                },
                {
                  "t": 10,
                  "s": [
                    0,
                    100,
                    100
                  ]
                }
              ],
              "ix": 6
            }
          },
          "ao": 0,
          "shapes": [
            {
              "ty": "gr",
              "it": [
                {
                  "ind": 0,
                  "ty": "sh",
                  "ix": 1,
                  "ks": {
                    "a": 0,
                    "k": {
                      "i": [
                        [
                          0,
                          0
                        ],
                        [
                          0,
                          0
                        ],
                        [
                          0,
                          0
                        ]
                      ],
                      "o": [
                        [
                          0,
                          0
                        ],
                        [
                          0,
                          0
                        ],
                        [
                          0,
                          0
                        ]
                      ],
                      "v": [
                        [
                          -36.85,
                          42.551
                        ],
                        [
                          36.85,
                          0
                        ],
                        [
                          -36.85,
                          -42.551
                        ]
                      ],
                      "c": true
                    },
                    "ix": 2
                  },
                  "nm": "Path 1",
                  "mn": "ADBE Vector Shape - Group",
                  "hd": false
                },
                {
                  "ty": "fl",
                  "c": {
                    "a": 1,
                    "k": [
                      {
                        "i": {
                          "x": [
                            0.833
                          ],
                          "y": [
                            0.833
                          ]
                        },
                        "o": {
                          "x": [
                            0.167
                          ],
                          "y": [
                            0.167
                          ]
                        },
                        "t": 0,
                        "s": [
                          0.936999990426,
                          0.305999995213,
                          0.13300000359,
                          1
                        ]
                      },
                      {
                        "t": 10,
                        "s": [
                          0.631372570992,
                          0.135855048895,
                          0,
                          1
                        ]
                      }
                    ],
                    "ix": 4
                  },
                  "o": {
                    "a": 0,
                    "k": 100,
                    "ix": 5
                  },
                  "r": 1,
                  "bm": 0,
                  "nm": "Fill 1",
                  "mn": "ADBE Vector Graphic - Fill",
                  "hd": false
                },
                {
                  "ty": "tr",
                  "p": {
                    "a": 0,
                    "k": [
                      113.8,
                      44.4
                    ],
                    "ix": 2
                  },
                  "a": {
                    "a": 0,
                    "k": [
                      0,
                      0
                    ],
                    "ix": 1
                  },
                  "s": {
                    "a": 0,
                    "k": [
                      100,
                      100
                    ],
                    "ix": 3
                  },
                  "r": {
                    "a": 0,
                    "k": 0,
                    "ix": 6
                  },
                  "o": {
                    "a": 0,
                    "k": 100,
                    "ix": 7
                  },
                  "sk": {
                    "a": 0,
                    "k": 0,
                    "ix": 4
                  },
                  "sa": {
                    "a": 0,
                    "k": 0,
                    "ix": 5
                  },
                  "nm": "Transform"
                }
              ],
              "nm": "Group 1",
              "np": 2,
              "cix": 2,
              "bm": 0,
              "ix": 1,
              "mn": "ADBE Vector Group",
              "hd": false
            }
          ],
          "ip": 0,
          "op": 120,
          "st": 0,
          "bm": 0
        }
      ]
    }
  ],
  "layers": [
    {
      "ddd": 0,
      "ind": 1,
      "ty": 0,
      "nm": "Starting",
      "refId": "comp_0",
      "sr": 1,
      "ks": {
        "o": {
          "a": 0,
          "k": 100,
          "ix": 11
        },
        "r": {
          "a": 0,
          "k": 0,
          "ix": 10
        },
        "p": {
          "a": 0,
          "k": [
            77,
            87,
            0
          ],
          "ix": 2
        },
        "a": {
          "a": 0,
          "k": [
            77,
            87,
            0
          ],
          "ix": 1
        },
        "s": {
          "a": 0,
          "k": [
            100,
            100,
            100
          ],
          "ix": 6
        }
      },
      "ao": 0,
      "w": 154,
      "h": 174,
      "ip": 60,
      "op": 120,
      "st": 60,
      "bm": 0
    },
    {
      "ddd": 0,
      "ind": 2,
      "ty": 0,
      "nm": "Ending",
      "refId": "comp_1",
      "sr": 1,
      "ks": {
        "o": {
          "a": 0,
          "k": 100,
          "ix": 11
        },
        "r": {
          "a": 0,
          "k": 0,
          "ix": 10
        },
        "p": {
          "a": 0,
          "k": [
            77,
            87,
            0
          ],
          "ix": 2
        },
        "a": {
          "a": 0,
          "k": [
            77,
            87,
            0
          ],
          "ix": 1
        },
        "s": {
          "a": 0,
          "k": [
            100,
            100,
            100
          ],
          "ix": 6
        }
      },
      "ao": 0,
      "w": 154,
      "h": 174,
      "ip": 0,
      "op": 60,
      "st": 0,
      "bm": 0
    }
  ],
  "markers": []
}