{"v":"5.5.9","fr":60,"ip":0,"op":120,"w":612,"h":792,"nm":"zap","ddd":0,"assets":[],"layers":[{"ddd":0,"ind":1,"ty":4,"nm":"zap Outlines","sr":1,"ks":{"o":{"a":0,"k":100,"ix":11},"r":{"a":0,"k":0,"ix":10},"p":{"a":0,"k":[306,396,0],"ix":2},"a":{"a":0,"k":[306,396,0],"ix":1},"s":{"a":0,"k":[100,100,100],"ix":6}},"ao":0,"shapes":[{"ty":"gr","it":[{"ind":0,"ty":"sh","ix":1,"ks":{"a":0,"k":{"i":[[1.894,3.342],[3.842,0],[0,0],[0,0],[5.893,0.618],[2.197,-3.378],[0,0],[-5.019,-3.086],[-1.972,0],[0,0],[0,0],[-5.909,-0.453],[-2.124,3.352],[0,0]],"o":[[-1.895,-3.342],[0,0],[0,0],[0.618,-5.893],[-4.008,-0.421],[0,0],[-3.086,5.019],[1.68,1.033],[0,0],[0,0],[-0.451,5.909],[3.956,0.301],[0,0],[1.973,-3.296]],"v":[[158.186,-58.532],[148.905,-63.94],[9.171,-63.94],[32.599,-242.933],[23.049,-254.722],[12.938,-249.904],[-156.993,47.806],[-153.493,62.48],[-147.908,64.06],[-10.262,64.06],[-28.828,243.324],[-18.947,254.842],[-9.065,249.886],[158.057,-47.793]],"c":true},"ix":2},"nm":"Path 1","mn":"ADBE Vector Shape - Group","hd":false},{"ty":"st","c":{"a":0,"k":[0.9686274509803922,0.5803921568627451,0.11372549019607843,1],"ix":3},"o":{"a":0,"k":100,"ix":4},"w":{"a":0,"k":10,"ix":5},"lc":2,"lj":2,"bm":0,"nm":"Stroke 1","mn":"ADBE Vector Graphic - Stroke","hd":false},{"ty":"tr","p":{"a":0,"k":[306,396.5],"ix":2},"a":{"a":0,"k":[0,0],"ix":1},"s":{"a":0,"k":[100,100],"ix":3},"r":{"a":0,"k":0,"ix":6},"o":{"a":0,"k":100,"ix":7},"sk":{"a":0,"k":0,"ix":4},"sa":{"a":0,"k":0,"ix":5},"nm":"Transform"}],"nm":"Group 1","np":2,"cix":2,"bm":0,"ix":1,"mn":"ADBE Vector Group","hd":false},{"ty":"tm","s":{"a":1,"k":[{"i":{"x":[0.667],"y":[1]},"o":{"x":[0.333],"y":[0]},"t":0,"s":[0]},{"i":{"x":[0.667],"y":[1]},"o":{"x":[0.333],"y":[0]},"t":45,"s":[0]},{"t":90,"s":[100]}],"ix":1},"e":{"a":1,"k":[{"i":{"x":[0.667],"y":[1]},"o":{"x":[0.333],"y":[0]},"t":0,"s":[0]},{"i":{"x":[0.667],"y":[1]},"o":{"x":[0.333],"y":[0]},"t":45,"s":[100]},{"t":90,"s":[100]}],"ix":2},"o":{"a":0,"k":0,"ix":3},"m":1,"ix":2,"nm":"Trim Paths 1","mn":"ADBE Vector Filter - Trim","hd":false}],"ip":0,"op":300,"st":0,"bm":0}],"markers":[]}