{"v":"5.7.4","fr":24,"ip":0,"op":72,"w":100,"h":100,"nm":"circle","ddd":0,"assets":[],"layers":[{"ddd":0,"ind":1,"ty":4,"nm":"Shape Layer 5","sr":1,"ks":{"o":{"a":0,"k":100},"r":{"a":0,"k":90},"p":{"a":0,"k":[50,50,0]},"a":{"a":0,"k":[82.266,134.266,0]},"s":{"a":0,"k":[100,100,100]}},"ao":0,"shapes":[{"ty":"gr","it":[{"d":1,"ty":"el","s":{"a":0,"k":[76.531,76.531]},"p":{"a":0,"k":[0,0]},"nm":"Ellipse Path 1","hd":false},{"ty":"st","c":{"a":0,"k":[1,0.295496353449,0,1]},"o":{"a":0,"k":100},"w":{"a":0,"k":20},"lc":1,"lj":2,"bm":0,"nm":"Stroke 1","hd":false},{"ty":"tr","p":{"a":0,"k":[82.266,134.266]},"a":{"a":0,"k":[0,0]},"s":{"a":0,"k":[100,100]},"r":{"a":0,"k":0},"o":{"a":0,"k":100},"sk":{"a":0,"k":0},"sa":{"a":0,"k":0},"nm":"Transform"}],"nm":"Ellipse 1","bm":0,"hd":false},{"ty":"tm","s":{"a":0,"k":0},"e":{"a":1,"k":[{"i":{"x":[0.381],"y":[1]},"o":{"x":[0.759],"y":[0]},"t":0,"s":[0]},{"t":32,"s":[100]}]},"o":{"a":1,"k":[{"i":{"x":[0.156],"y":[1]},"o":{"x":[0.423],"y":[0]},"t":0,"s":[-180]},{"i":{"x":[0.59],"y":[1]},"o":{"x":[0.891],"y":[0]},"t":48,"s":[45]},{"t":71.2001953125,"s":[180]}]},"m":1,"nm":"Trim Paths 1","hd":false},{"ty":"tm","s":{"a":1,"k":[{"i":{"x":[0.582],"y":[1]},"o":{"x":[0.865],"y":[0]},"t":48,"s":[0]},{"t":72.2724609375,"s":[100]}]},"e":{"a":0,"k":100},"o":{"a":0,"k":0},"m":1,"nm":"Trim Paths 2","hd":false}],"ip":0,"op":72.0720720720721,"st":0,"bm":0}],"markers":[]}