{
  "project_info": {
    "project_number": "275387693579",
    "project_id": "rain-blast",
    "storage_bucket": "rain-blast.appspot.com"
  },
  "client": [
    {
      "client_info": {
        "mobilesdk_app_id": "1:275387693579:android:cba82d0a6cd67d725e250e",
        "android_client_info": {
          "package_name": "com.YovoGames.magicBo"
        }
      },
      "oauth_client": [],
      "api_key": [
        {
          "current_key": "AIzaSyB6dnYrWzjbGbGhe7qjRDGI9FK8g7JdTZU"
        }
      ],
      "services": {
        "appinvite_service": {
          "other_platform_oauth_client": []
        }
      }
    }
  ],
  "configuration_version": "1"
}