{
  "project_info": {
    "project_number": "1018074900735",
    "project_id": "small-balls-bd7d9",
    "storage_bucket": "small-balls-bd7d9.appspot.com"
  },
  "client": [
    {
      "client_info": {
        "mobilesdk_app_id": "1:1018074900735:android:a12c9b155081e84a5404ca",
        "android_client_info": {
          "package_name": "com.educational.baby.gam"
        }
      },
      "oauth_client": [],
      "api_key": [
        {
          "current_key": "AIzaSyADt2gbVFYpCV8gtCytx-eo_gGajZMkwTs"
        }
      ],
      "services": {
        "appinvite_service": {
          "other_platform_oauth_client": []
        }
      }
    }
  ],
  "configuration_version": "1"
}