{
  "rigidBodies": [
    {
      "name": "circle",
      "imagePath": "../../../../../../atlas/1/deff.png",
      "origin": {
        "x": 0.5,
        "y": 0.5
      },
      "polygons": [],
      "circles": [
        {
          "cx": 0,
          "cy": 0,
          "r": 0.5
        }
      ],
      "shapes": [
        {
          "type": "CIRCLE",
          "vertices": [
            {
              "x": 0,
              "y": 0
            },
            {
              "x": 0,
              "y": 0.5
            }
          ]
        }
      ]
    },
    {
      "name": "tro",
      "imagePath": "Frame 8.png",
      "origin": {
        "x": 0.5087500214576721,
        "y": 0.4362500011920929
      },
      "polygons": [
        [
          {
            "x": 0.9587500095367432,
            "y": 0.07625001668930054
          },
          {
            "x": 0.5087500214576721,
            "y": 0.9587500095367432
          },
          {
            "x": 0.03125002980232239,
            "y": 0.08374997973442078
          }
        ]
      ],
      "circles": [],
      "shapes": [
        {
          "type": "POLYGON",
          "vertices": [
            {
              "x": 0.03125002980232239,
              "y": 0.08374997973442078
            },
            {
              "x": 0.5087500214576721,
              "y": 0.9587500095367432
            },
            {
              "x": 0.9587500095367432,
              "y": 0.07625001668930054
            }
          ]
        }
      ]
    }
  ],
  "dynamicObjects": []
}