{
  "rigidBodies": [
    {
      "name": "circle",
      "imagePath": "../../../../../../atlas/1/deff.png",
      "origin": {
        "x": 0.5,
        "y": 0.5
      },
      "polygons": [],
      "circles": [
        {
          "cx": 0,
          "cy": 0,
          "r": 0.5
        }
      ],
      "shapes": [
        {
          "type": "CIRCLE",
          "vertices": [
            {
              "x": 0,
              "y": 0
            },
            {
              "x": 0,
              "y": 0.5
            }
          ]
        }
      ]
    },
    {
      "name": "ee",
      "imagePath": "princess.png",
      "origin": {
        "x": 0,
        "y": 0
      },
      "polygons": [
        [
          {
            "x": 0.9512500166893005,
            "y": 0.03624999523162842
          },
          {
            "x": 0.6337499618530273,
            "y": 0.9387500286102295
          },
          {
            "x": 0.21375000476837158,
            "y": 0.9187500476837158
          },
          {
            "x": 0.041249990463256836,
            "y": 0.03374996781349182
          }
        ]
      ],
      "circles": [],
      "shapes": [
        {
          "type": "POLYGON",
          "vertices": [
            {
              "x": 0.041249990463256836,
              "y": 0.03374996781349182
            },
            {
              "x": 0.21375000476837158,
              "y": 0.9187500476837158
            },
            {
              "x": 0.6337499618530273,
              "y": 0.9387500286102295
            },
            {
              "x": 0.9512500166893005,
              "y": 0.03624999523162842
            }
          ]
        }
      ]
    }
  ],
  "dynamicObjects": []
}