{
  "rigidBodies": [
    {
      "name": "circle",
      "imagePath": "../../../../../../atlas/1/deff.png",
      "origin": {
        "x": 0.5,
        "y": 0.5
      },
      "polygons": [],
      "circles": [
        {
          "cx": 0,
          "cy": 0,
          "r": 0.5
        }
      ],
      "shapes": [
        {
          "type": "CIRCLE",
          "vertices": [
            {
              "x": 0,
              "y": 0
            },
            {
              "x": 0,
              "y": 0.5
            }
          ]
        }
      ]
    },
    {
      "name": "pash",
      "imagePath": "pharaon.png",
      "origin": {
        "x": 0,
        "y": 0
      },
      "polygons": [
        [
          {
            "x": 0.7712499499320984,
            "y": 0.021250009536743164
          },
          {
            "x": 0.5912500023841858,
            "y": 0.5612500309944153
          },
          {
            "x": 0.41624999046325684,
            "y": 0.5562499761581421
          },
          {
            "x": 0.2762500047683716,
            "y": 0.03374996781349182
          }
        ]
      ],
      "circles": [],
      "shapes": [
        {
          "type": "POLYGON",
          "vertices": [
            {
              "x": 0.2762500047683716,
              "y": 0.03374996781349182
            },
            {
              "x": 0.41624999046325684,
              "y": 0.5562499761581421
            },
            {
              "x": 0.5912500023841858,
              "y": 0.5612500309944153
            },
            {
              "x": 0.7712499499320984,
              "y": 0.021250009536743164
            }
          ]
        }
      ]
    }
  ],
  "dynamicObjects": []
}