{"nm":"v-3","ddd":0,"h":1000,"w":1000,"meta":{"g":"@lottiefiles/toolkit-js 0.25.4"},"layers":[{"ty":3,"nm":"Null 1","sr":1,"st":0,"op":70.0000028511585,"ip":0,"hd":false,"ddd":0,"bm":0,"hasMask":false,"ao":0,"ks":{"a":{"a":0,"k":[0,0,0],"ix":1},"s":{"a":0,"k":[14.000000000000002,18,100],"ix":6},"sk":{"a":0,"k":0},"p":{"a":0,"k":[500,500,0],"ix":2},"r":{"a":1,"k":[{"o":{"x":0.333,"y":0},"i":{"x":0.667,"y":1},"s":[720],"t":20},{"s":[450],"t":50.0000020365418}],"ix":10},"sa":{"a":0,"k":0},"o":{"a":0,"k":0,"ix":11}},"ef":[],"ind":1},{"ty":4,"nm":"Left","sr":1,"st":0,"op":70.0000028511585,"ip":0,"hd":false,"ddd":0,"bm":0,"hasMask":false,"ao":0,"ks":{"a":{"a":0,"k":[-83.299,-61.299,0],"ix":1},"s":{"a":0,"k":[2500.286,1944.667,100],"ix":6},"sk":{"a":0,"k":0},"p":{"a":1,"k":[{"o":{"x":0.333,"y":0},"i":{"x":0.667,"y":1},"s":[0,0,0],"t":0,"ti":[130.952,101.852,0],"to":[-130.952,-101.852,0]},{"o":{"x":0.333,"y":0.333},"i":{"x":0.667,"y":0.667},"s":[-785.714,-611.111,0],"t":20,"ti":[0,0,0],"to":[0,0,0]},{"o":{"x":0.333,"y":0},"i":{"x":0.667,"y":1},"s":[-785.714,-611.111,0],"t":50,"ti":[-130.952,-101.852,0],"to":[130.952,101.852,0]},{"s":[0,0,0],"t":69.0000028104276}],"ix":2},"r":{"a":0,"k":-360,"ix":10},"sa":{"a":0,"k":0},"o":{"a":0,"k":100,"ix":11}},"ef":[],"shapes":[{"ty":"gr","bm":0,"hd":false,"mn":"ADBE Vector Group","nm":"Ellipse 1","ix":1,"cix":2,"np":3,"it":[{"ty":"sh","bm":0,"hd":false,"mn":"ADBE Vector Shape - Group","nm":"Path 1","ix":1,"d":1,"ks":{"a":0,"k":{"c":true,"i":[[10.881,0],[0,-10.881],[-10.881,0],[0,10.881]],"o":[[-10.881,0],[0,10.881],[10.881,0],[0,-10.881]],"v":[[0,-19.701],[-19.701,0],[0,19.701],[19.701,0]]},"ix":2}},{"ty":"fl","bm":0,"hd":false,"mn":"ADBE Vector Graphic - Fill","nm":"Fill 1","c":{"a":0,"k":[0.9843,0.7529,0.1765],"ix":4},"r":1,"o":{"a":0,"k":100,"ix":5}},{"ty":"tr","a":{"a":0,"k":[0,0],"ix":1},"s":{"a":0,"k":[100,100],"ix":3},"sk":{"a":0,"k":0,"ix":4},"p":{"a":0,"k":[-83.299,-61.299],"ix":2},"r":{"a":0,"k":0,"ix":6},"sa":{"a":0,"k":0,"ix":5},"o":{"a":0,"k":100,"ix":7}}]}],"ind":2,"parent":1},{"ty":4,"nm":"Shape Layer 6","sr":1,"st":0,"op":70.0000028511585,"ip":0,"hd":false,"ddd":0,"bm":0,"hasMask":false,"ao":0,"ks":{"a":{"a":0,"k":[-83.299,-61.299,0],"ix":1},"s":{"a":0,"k":[2500.286,1944.667,100],"ix":6},"sk":{"a":0,"k":0},"p":{"a":1,"k":[{"o":{"x":0.333,"y":0},"i":{"x":0.667,"y":1},"s":[0,0,0],"t":0,"ti":[-130.952,101.852,0],"to":[130.952,-101.852,0]},{"o":{"x":0.333,"y":0.333},"i":{"x":0.667,"y":0.667},"s":[785.714,-611.111,0],"t":20,"ti":[0,0,0],"to":[0,0,0]},{"o":{"x":0.333,"y":0},"i":{"x":0.667,"y":1},"s":[785.714,-611.111,0],"t":50,"ti":[130.952,-101.852,0],"to":[-130.952,101.852,0]},{"s":[0,0,0],"t":69.0000028104276}],"ix":2},"r":{"a":0,"k":-360,"ix":10},"sa":{"a":0,"k":0},"o":{"a":0,"k":100,"ix":11}},"ef":[],"shapes":[{"ty":"gr","bm":0,"hd":false,"mn":"ADBE Vector Group","nm":"Ellipse 1","ix":1,"cix":2,"np":3,"it":[{"ty":"sh","bm":0,"hd":false,"mn":"ADBE Vector Shape - Group","nm":"Path 1","ix":1,"d":1,"ks":{"a":0,"k":{"c":true,"i":[[10.881,0],[0,-10.881],[-10.881,0],[0,10.881]],"o":[[-10.881,0],[0,10.881],[10.881,0],[0,-10.881]],"v":[[0,-19.701],[-19.701,0],[0,19.701],[19.701,0]]},"ix":2}},{"ty":"fl","bm":0,"hd":false,"mn":"ADBE Vector Graphic - Fill","nm":"Fill 1","c":{"a":0,"k":[0.9843,0.7529,0.1765],"ix":4},"r":1,"o":{"a":0,"k":100,"ix":5}},{"ty":"tr","a":{"a":0,"k":[0,0],"ix":1},"s":{"a":0,"k":[100,100],"ix":3},"sk":{"a":0,"k":0,"ix":4},"p":{"a":0,"k":[-83.299,-61.299],"ix":2},"r":{"a":0,"k":0,"ix":6},"sa":{"a":0,"k":0,"ix":5},"o":{"a":0,"k":100,"ix":7}}]}],"ind":3,"parent":1},{"ty":4,"nm":"Shape Layer 5","sr":1,"st":0,"op":70.0000028511585,"ip":0,"hd":false,"ddd":0,"bm":0,"hasMask":false,"ao":0,"ks":{"a":{"a":0,"k":[-83.299,-61.299,0],"ix":1},"s":{"a":0,"k":[2500.286,1944.667,100],"ix":6},"sk":{"a":0,"k":0},"p":{"a":1,"k":[{"o":{"x":0.333,"y":0},"i":{"x":0.667,"y":1},"s":[0,0,0],"t":0,"ti":[130.952,-101.852,0],"to":[-130.952,101.852,0]},{"o":{"x":0.333,"y":0.333},"i":{"x":0.667,"y":0.667},"s":[-785.714,611.111,0],"t":20,"ti":[0,0,0],"to":[0,0,0]},{"o":{"x":0.333,"y":0},"i":{"x":0.667,"y":1},"s":[-785.714,611.111,0],"t":50,"ti":[-130.952,101.852,0],"to":[130.952,-101.852,0]},{"s":[0,0,0],"t":69.0000028104276}],"ix":2},"r":{"a":0,"k":-360,"ix":10},"sa":{"a":0,"k":0},"o":{"a":0,"k":100,"ix":11}},"ef":[],"shapes":[{"ty":"gr","bm":0,"hd":false,"mn":"ADBE Vector Group","nm":"Ellipse 1","ix":1,"cix":2,"np":3,"it":[{"ty":"sh","bm":0,"hd":false,"mn":"ADBE Vector Shape - Group","nm":"Path 1","ix":1,"d":1,"ks":{"a":0,"k":{"c":true,"i":[[10.881,0],[0,-10.881],[-10.881,0],[0,10.881]],"o":[[-10.881,0],[0,10.881],[10.881,0],[0,-10.881]],"v":[[0,-19.701],[-19.701,0],[0,19.701],[19.701,0]]},"ix":2}},{"ty":"fl","bm":0,"hd":false,"mn":"ADBE Vector Graphic - Fill","nm":"Fill 1","c":{"a":0,"k":[0.9843,0.7529,0.1765],"ix":4},"r":1,"o":{"a":0,"k":100,"ix":5}},{"ty":"tr","a":{"a":0,"k":[0,0],"ix":1},"s":{"a":0,"k":[100,100],"ix":3},"sk":{"a":0,"k":0,"ix":4},"p":{"a":0,"k":[-83.299,-61.299],"ix":2},"r":{"a":0,"k":0,"ix":6},"sa":{"a":0,"k":0,"ix":5},"o":{"a":0,"k":100,"ix":7}}]}],"ind":4,"parent":1},{"ty":4,"nm":"Shape Layer 4","sr":1,"st":0,"op":70.0000028511585,"ip":0,"hd":false,"ddd":0,"bm":0,"hasMask":false,"ao":0,"ks":{"a":{"a":0,"k":[-83.299,-61.299,0],"ix":1},"s":{"a":0,"k":[2500.286,1944.667,100],"ix":6},"sk":{"a":0,"k":0},"p":{"a":1,"k":[{"o":{"x":0.333,"y":0},"i":{"x":0.667,"y":1},"s":[0,0,0],"t":0,"ti":[-130.952,-101.852,0],"to":[130.952,101.852,0]},{"o":{"x":0.333,"y":0.333},"i":{"x":0.667,"y":0.667},"s":[785.714,611.111,0],"t":20,"ti":[0,0,0],"to":[0,0,0]},{"o":{"x":0.333,"y":0},"i":{"x":0.667,"y":1},"s":[785.714,611.111,0],"t":50,"ti":[130.952,101.852,0],"to":[-130.952,-101.852,0]},{"s":[0,0,0],"t":69.0000028104276}],"ix":2},"r":{"a":0,"k":-360,"ix":10},"sa":{"a":0,"k":0},"o":{"a":0,"k":100,"ix":11}},"ef":[],"shapes":[{"ty":"gr","bm":0,"hd":false,"mn":"ADBE Vector Group","nm":"Ellipse 1","ix":1,"cix":2,"np":3,"it":[{"ty":"sh","bm":0,"hd":false,"mn":"ADBE Vector Shape - Group","nm":"Path 1","ix":1,"d":1,"ks":{"a":0,"k":{"c":true,"i":[[10.881,0],[0,-10.881],[-10.881,0],[0,10.881]],"o":[[-10.881,0],[0,10.881],[10.881,0],[0,-10.881]],"v":[[0,-19.701],[-19.701,0],[0,19.701],[19.701,0]]},"ix":2}},{"ty":"fl","bm":0,"hd":false,"mn":"ADBE Vector Graphic - Fill","nm":"Fill 1","c":{"a":0,"k":[0.9843,0.7529,0.1765],"ix":4},"r":1,"o":{"a":0,"k":100,"ix":5}},{"ty":"tr","a":{"a":0,"k":[0,0],"ix":1},"s":{"a":0,"k":[100,100],"ix":3},"sk":{"a":0,"k":0,"ix":4},"p":{"a":0,"k":[-83.299,-61.299],"ix":2},"r":{"a":0,"k":0,"ix":6},"sa":{"a":0,"k":0,"ix":5},"o":{"a":0,"k":100,"ix":7}}]}],"ind":5,"parent":1}],"v":"5.7.11","fr":30,"op":69,"ip":0,"assets":[]}