{"nm":"Loader_v4","ddd":0,"h":800,"w":800,"meta":{"g":"LottieFiles AE 1.1.0"},"layers":[{"ty":3,"nm":"Adjustment Layer 1","sr":1,"st":0,"op":150.000006109625,"ip":0,"hd":false,"ddd":0,"bm":0,"hasMask":false,"ao":0,"ks":{"a":{"a":0,"k":[400,400,0],"ix":1},"s":{"a":0,"k":[100,100,100],"ix":6},"sk":{"a":0,"k":0},"p":{"a":0,"k":[400,400,0],"ix":2},"r":{"a":0,"k":0,"ix":10},"sa":{"a":0,"k":0},"o":{"a":0,"k":100,"ix":11}},"ef":[{"ty":0,"mn":"ADBE Box Blur2","nm":"Fast Box Blur","ix":1,"en":1,"ef":[{"ty":0,"mn":"ADBE Box Blur2-0001","nm":"Blur Radius","ix":1,"v":{"a":0,"k":2,"ix":1}},{"ty":0,"mn":"ADBE Box Blur2-0002","nm":"Iterations","ix":2,"v":{"a":0,"k":6,"ix":2}},{"ty":7,"mn":"ADBE Box Blur2-0003","nm":"Blur Dimensions","ix":3,"v":{"a":0,"k":1,"ix":3}},{"ty":7,"mn":"ADBE Box Blur2-0004","nm":"Repeat Edge Pixels","ix":4,"v":{"a":0,"k":1,"ix":4}}]},{"ty":0,"mn":"ADBE CurvesCustom","nm":"Curves","ix":2,"en":1,"ef":[{"ty":7,"mn":"ADBE CurvesCustom-0002","nm":"Channel:","ix":1,"v":{"a":0,"k":1,"ix":1}},{"ty":100,"nm":""}]},{"ty":0,"mn":"ADBE Simple Choker","nm":"Simple Choker","ix":3,"en":1,"ef":[{"ty":7,"mn":"ADBE Simple Choker-0001","nm":"View","ix":1,"v":{"a":0,"k":1,"ix":1}},{"ty":0,"mn":"ADBE Simple Choker-0002","nm":"Choke Matte","ix":2,"v":{"a":0,"k":15,"ix":2}}]}],"ind":1},{"ty":4,"nm":"Shape Layer 4","sr":1,"st":0,"op":150.000006109625,"ip":0,"hd":false,"ddd":0,"bm":0,"hasMask":false,"ao":0,"ks":{"a":{"a":0,"k":[-163,-71,0],"ix":1},"s":{"a":0,"k":[50,50,100],"ix":6},"sk":{"a":0,"k":0},"p":{"a":1,"k":[{"o":{"x":0.167,"y":0.167},"i":{"x":0.833,"y":0.838},"s":[276.5,306.25,0],"t":0,"ti":[0,0,0],"to":[23.167,8.833,0]},{"o":{"x":0.167,"y":0.171},"i":{"x":0.833,"y":0.847},"s":[300,399.75,0],"t":5,"ti":[-58.185,0.522,0],"to":[0,0,0]},{"o":{"x":0.167,"y":0.18},"i":{"x":0.833,"y":0.828},"s":[350,485.75,0],"t":11,"ti":[0,0,0],"to":[57.938,-0.52,0]},{"o":{"x":0.167,"y":0.162},"i":{"x":0.833,"y":0.822},"s":[400.125,399.938,0],"t":18,"ti":[-54.882,0.672,0],"to":[0,0,0]},{"o":{"x":0.167,"y":0.155},"i":{"x":0.833,"y":0.851},"s":[453.531,306.438,0],"t":25,"ti":[0,0,0],"to":[54.1,-0.662,0]},{"o":{"x":0.167,"y":0.189},"i":{"x":0.833,"y":0.833},"s":[500.031,399.875,0],"t":31,"ti":[-22.379,-9.214,0],"to":[0,0,0]},{"o":{"x":0.167,"y":0.167},"i":{"x":0.833,"y":0.833},"s":[522.969,485.875,0],"t":37,"ti":[0.699,0.229,0],"to":[5.845,2.407,0]},{"o":{"x":0.333,"y":0},"i":{"x":0.833,"y":0.806},"s":[524.969,493.625,0],"t":40,"ti":[0,0,0],"to":[-24.982,-8.19,0]},{"o":{"x":0.167,"y":0.143},"i":{"x":0.833,"y":0.831},"s":[500.031,399.875,0],"t":47,"ti":[54.368,0.922,0],"to":[0,0,0]},{"o":{"x":0.167,"y":0.165},"i":{"x":0.833,"y":0.823},"s":[453.531,306.438,0],"t":53,"ti":[0,0,0],"to":[-54.096,-0.917,0]},{"o":{"x":0.167,"y":0.156},"i":{"x":0.833,"y":0.861},"s":[400.125,399.938,0],"t":59,"ti":[57.157,2.02,0],"to":[0,0,0]},{"o":{"x":0.167,"y":0.195},"i":{"x":0.833,"y":0.841},"s":[350,485.75,0],"t":64,"ti":[0,0,0],"to":[-59.568,-2.106,0]},{"o":{"x":0.167,"y":0.176},"i":{"x":0.833,"y":0.833},"s":[300,399.75,0],"t":71,"ti":[20.746,16.782,0],"to":[0,0,0]},{"o":{"x":0.167,"y":0.167},"i":{"x":0.833,"y":0.833},"s":[280.188,316.875,0],"t":77,"ti":[-4.139,-1.85,0],"to":[-12.03,-9.731,0]},{"s":[276.5,306.25,0],"t":80.0000032584668}],"ix":2},"r":{"a":0,"k":0,"ix":10},"sa":{"a":0,"k":0},"o":{"a":0,"k":100,"ix":11}},"ef":[],"shapes":[{"ty":"gr","bm":0,"hd":false,"mn":"ADBE Vector Group","nm":"Ellipse 1","ix":1,"cix":2,"np":3,"it":[{"ty":"el","bm":0,"hd":false,"mn":"ADBE Vector Shape - Ellipse","nm":"Ellipse Path 1","d":1,"p":{"a":0,"k":[0,0],"ix":3},"s":{"a":0,"k":[92,92],"ix":2}},{"ty":"st","bm":0,"hd":false,"mn":"ADBE Vector Graphic - Stroke","nm":"Stroke 1","lc":1,"lj":1,"ml":4,"o":{"a":0,"k":100,"ix":4},"w":{"a":0,"k":0,"ix":5},"c":{"a":0,"k":[0.4,0.0627,0.949],"ix":3}},{"ty":"fl","bm":0,"hd":false,"mn":"ADBE Vector Graphic - Fill","nm":"Fill 1","c":{"a":1,"k":[{"o":{"x":0.167,"y":0.167},"i":{"x":0.833,"y":0.833},"s":[1,0,0.6627],"t":5},{"o":{"x":0.167,"y":0.167},"i":{"x":0.833,"y":0.833},"s":[0.4,0.0627,0.949],"t":9},{"o":{"x":0.167,"y":0.167},"i":{"x":0.833,"y":0.833},"s":[0.4,0.0627,0.949],"t":16},{"o":{"x":0.167,"y":0.167},"i":{"x":0.833,"y":0.833},"s":[0.4,0.0627,0.949],"t":22},{"o":{"x":0.167,"y":0.167},"i":{"x":0.833,"y":0.833},"s":[0.4,0.0627,0.949],"t":29},{"o":{"x":0.167,"y":0.167},"i":{"x":0.833,"y":0.833},"s":[0.4,0.0627,0.949],"t":35},{"o":{"x":0.167,"y":0.167},"i":{"x":0.833,"y":0.833},"s":[0.4,0.0627,0.949],"t":36},{"o":{"x":0.167,"y":0.167},"i":{"x":0.833,"y":0.833},"s":[0.4,0.0627,0.949],"t":43},{"o":{"x":0.167,"y":0.167},"i":{"x":0.833,"y":0.833},"s":[0.4,0.0627,0.949],"t":50},{"o":{"x":0.167,"y":0.167},"i":{"x":0.833,"y":0.833},"s":[0.4,0.0627,0.949],"t":56},{"o":{"x":0.167,"y":0.167},"i":{"x":0.833,"y":0.833},"s":[0.4,0.0627,0.949],"t":62},{"o":{"x":0.167,"y":0.167},"i":{"x":0.833,"y":0.833},"s":[0.4,0.0627,0.949],"t":68},{"s":[1,0,0.6627],"t":75.0000030548126}],"ix":4},"r":1,"o":{"a":0,"k":100,"ix":5}},{"ty":"tr","a":{"a":0,"k":[0,0],"ix":1},"s":{"a":0,"k":[100,100],"ix":3},"sk":{"a":0,"k":0,"ix":4},"p":{"a":0,"k":[-163,-71],"ix":2},"r":{"a":0,"k":0,"ix":6},"sa":{"a":0,"k":0,"ix":5},"o":{"a":0,"k":100,"ix":7}}]}],"ind":2},{"ty":4,"nm":"Shape Layer 5","sr":1,"st":0,"op":150.000006109625,"ip":0,"hd":false,"ddd":0,"bm":0,"hasMask":false,"ao":0,"ks":{"a":{"a":0,"k":[-163,-71,0],"ix":1},"s":{"a":0,"k":[85,85,100],"ix":6},"sk":{"a":0,"k":0},"p":{"a":1,"k":[{"o":{"x":0.333,"y":0},"i":{"x":0.667,"y":1},"s":[500,400,0],"t":28,"ti":[0,0,0],"to":[0.292,1.958,0]},{"o":{"x":0.333,"y":0},"i":{"x":0.667,"y":1},"s":[501.75,411.75,0],"t":36,"ti":[0.292,1.958,0],"to":[0,0,0]},{"o":{"x":0.333,"y":0.333},"i":{"x":0.667,"y":0.667},"s":[500,400,0],"t":39,"ti":[0,0,0],"to":[0,0,0]},{"o":{"x":0.333,"y":0},"i":{"x":0.667,"y":1},"s":[500,400,0],"t":44,"ti":[0,0,0],"to":[-0.333,-2.125,0]},{"o":{"x":0.333,"y":0},"i":{"x":0.667,"y":1},"s":[498,387.25,0],"t":51,"ti":[-0.333,-2.125,0],"to":[0,0,0]},{"s":[500,400,0],"t":54.0000021994651}],"ix":2},"r":{"a":0,"k":0,"ix":10},"sa":{"a":0,"k":0},"o":{"a":0,"k":100,"ix":11}},"ef":[],"shapes":[{"ty":"gr","bm":0,"hd":false,"mn":"ADBE Vector Group","nm":"Ellipse 1","ix":1,"cix":2,"np":3,"it":[{"ty":"sh","bm":0,"hd":false,"mn":"ADBE Vector Shape - Group","nm":"Path 1","ix":1,"d":1,"ks":{"a":1,"k":[{"o":{"x":0.167,"y":0.167},"i":{"x":0.833,"y":0.833},"s":[{"c":true,"i":[[-39.074,0.36],[-3.447,-12.797],[3.217,-3.201],[3.94,-4.116],[13.951,0],[3.476,3.01],[4.4,4.882],[-5.957,4.019]],"o":[[47.616,-0.439],[1.551,5.758],[-4.364,4.344],[-4.403,4.599],[-11.983,0],[-4.83,-4.183],[-3.68,-4.084],[9.038,-6.097]],"v":[[3.456,47.971],[26.667,27.204],[25.265,45.368],[14.961,55.129],[5.221,57.765],[-7.847,55.528],[-18.794,44.485],[-27.069,27.809]]}],"t":45},{"o":{"x":0.167,"y":0.167},"i":{"x":0.833,"y":0.833},"s":[{"c":true,"i":[[-39.074,0.36],[-8.064,-10.517],[3.217,-3.201],[3.94,-4.116],[13.951,0],[3.476,3.01],[4.4,4.882],[-3.49,6.282]],"o":[[47.616,-0.439],[4.097,5.342],[-4.364,4.344],[-4.403,4.599],[-11.983,0],[-4.83,-4.183],[-3.68,-4.084],[5.401,-9.722]],"v":[[-0.588,34.735],[38.873,17.719],[29.75,33.456],[10.917,41.894],[1.176,44.529],[-11.891,42.293],[-27.765,34.853],[-37.584,19.427]]}],"t":46},{"o":{"x":0.167,"y":0.167},"i":{"x":0.833,"y":0.833},"s":[{"c":true,"i":[[-39.074,0.36],[-8.064,-10.517],[2.132,-4.316],[3.94,-4.116],[13.951,0],[3.475,3.01],[3.508,5.558],[-3.49,6.282]],"o":[[47.616,-0.439],[4.097,5.342],[-2.727,5.521],[-4.403,4.599],[-11.983,0],[-4.83,-4.183],[-0.868,-1.375],[5.401,-9.722]],"v":[[-0.441,33.118],[43.726,3.528],[40.926,20.221],[31.432,33.144],[0,46],[-24.832,37.22],[-39.971,22.426],[-42.364,7.368]]}],"t":47},{"o":{"x":0.167,"y":0.167},"i":{"x":0.833,"y":0.833},"s":[{"c":true,"i":[[-37.967,-0.209],[-8.064,-10.517],[0.227,-4.517],[6.926,-8.052],[13.951,0],[8.186,7.507],[1.617,6.37],[-3.49,6.282]],"o":[[43.338,0.238],[4.097,5.342],[-0.309,6.15],[-8.436,9.807],[-11.983,0],[-9.169,-8.409],[-1.855,-7.309],[5.401,-9.722]],"v":[[1.324,14.147],[42.623,-10.737],[44.088,8.824],[34.888,29.982],[0,46],[-31.082,33.911],[-42.912,11.544],[-42.29,-9.764]]}],"t":48},{"o":{"x":0.167,"y":0.167},"i":{"x":0.833,"y":0.833},"s":[{"c":true,"i":[[-37.967,0.073],[-8.065,-10.516],[0.444,-7.391],[6.926,-8.052],[13.951,0],[8.186,7.507],[0.361,13.417],[-6.413,7.52]],"o":[[35.268,-0.067],[4.483,5.846],[-0.688,11.433],[-8.436,9.807],[-11.983,0],[-9.169,-8.409],[-0.203,-7.538],[7.216,-8.463]],"v":[[0.588,-5.265],[38.726,-22.207],[46,0],[34.888,29.982],[0,46],[-31.082,33.911],[-46,0],[-37.584,-23.294]]}],"t":49},{"o":{"x":0.167,"y":0.167},"i":{"x":0.833,"y":0.833},"s":[{"c":true,"i":[[-29.997,0.892],[-8.437,-10.22],[0,-11.117],[6.926,-8.052],[13.951,0],[8.186,7.507],[0,13.422],[-9.151,8.408]],"o":[[28.914,-0.86],[6.565,7.952],[0,11.454],[-8.436,9.807],[-11.983,0],[-9.169,-8.409],[0,-13.407],[8.19,-7.525]],"v":[[-3.309,-25.265],[35.491,-29.266],[46,0],[34.888,29.982],[0,46],[-31.082,33.911],[-46,0],[-34.349,-27.852]]}],"t":50},{"o":{"x":0.167,"y":0.167},"i":{"x":0.833,"y":0.833},"s":[{"c":true,"i":[[-12.014,0],[-8.438,-10.177],[0,-11.153],[6.956,-8.06],[13.923,0],[8.19,7.526],[0,13.406],[-9.132,8.407]],"o":[[14.252,0],[6.603,7.963],[0,11.482],[-8.435,9.773],[-11.999,0],[-9.15,-8.408],[0,-13.391],[8.193,-7.542]],"v":[[-3.088,-48.353],[35.428,-29.342],[46,0],[34.837,30.041],[0,46],[-31.115,33.88],[-46,0],[-31.146,-33.852]]}],"t":51},{"o":{"x":0.167,"y":0.167},"i":{"x":0.833,"y":0.833},"s":[{"c":true,"i":[[-11.891,1.716],[-8.875,-9.797],[0.155,-17.712],[6.956,-8.06],[13.923,0],[8.19,7.526],[0,13.406],[-6.409,10.63]],"o":[[14.243,-2.056],[12.932,14.276],[-0.1,11.482],[-8.435,9.773],[-11.999,0],[-9.15,-8.408],[0,-13.391],[9.065,-15.037]],"v":[[-15.294,-75.069],[26.899,-49.489],[46,0],[34.837,30.041],[0,46],[-31.115,33.88],[-46,0],[-28.205,-43.852]]}],"t":52},{"o":{"x":0.167,"y":0.167},"i":{"x":0.833,"y":0.833},"s":[{"c":true,"i":[[-14.537,-1.398],[-9.635,-11.769],[-0.096,-16.405],[6.956,-8.06],[13.923,0],[8.19,7.526],[0,13.406],[-7.215,14.873]],"o":[[17.206,1.257],[11.542,15.584],[0.067,11.482],[-8.435,9.773],[-11.999,0],[-9.15,-8.408],[0,-13.391],[7.491,-15.127]],"v":[[-11.618,-76.478],[29.656,-49.048],[46,0],[34.837,30.041],[0,46],[-31.115,33.88],[-46,0],[-27.763,-45.396]]}],"t":53},{"o":{"x":0.167,"y":0.167},"i":{"x":0.833,"y":0.833},"s":[{"c":true,"i":[[-11.972,0.522],[-7.739,-10.718],[0.471,-18.235],[6.956,-8.06],[13.923,0],[8.19,7.526],[0,13.406],[-6.207,11.352]],"o":[[21.471,-0.936],[8.763,12.136],[-0.296,11.478],[-8.435,9.773],[-11.999,0],[-9.15,-8.408],[0,-13.391],[8.205,-11.883]],"v":[[-3.824,-70.24],[33.296,-46.548],[46,0],[34.837,30.041],[0,46],[-31.115,33.88],[-46,0],[-27.322,-43.117]]}],"t":54},{"s":[{"c":true,"i":[[-12.014,0],[-8.438,-10.177],[0,-11.153],[6.956,-8.06],[13.923,0],[8.19,7.526],[0,13.406],[-9.132,8.407]],"o":[[14.252,0],[6.603,7.963],[0,11.482],[-8.435,9.773],[-11.999,0],[-9.15,-8.408],[0,-13.391],[8.193,-7.542]],"v":[[0,-46],[35.428,-29.342],[46,0],[34.837,30.041],[0,46],[-31.115,33.88],[-46,0],[-31.146,-33.852]]}],"t":55.0000022401959}],"ix":2}},{"ty":"st","bm":0,"hd":false,"mn":"ADBE Vector Graphic - Stroke","nm":"Stroke 1","lc":1,"lj":1,"ml":4,"o":{"a":0,"k":100,"ix":4},"w":{"a":0,"k":0,"ix":5},"c":{"a":0,"k":[0.4,0.0627,0.949],"ix":3}},{"ty":"fl","bm":0,"hd":false,"mn":"ADBE Vector Graphic - Fill","nm":"Fill 1","c":{"a":0,"k":[0.4,0.0627,0.949],"ix":4},"r":1,"o":{"a":0,"k":100,"ix":5}},{"ty":"tr","a":{"a":0,"k":[0,0],"ix":1},"s":{"a":0,"k":[100,100],"ix":3},"sk":{"a":0,"k":0,"ix":4},"p":{"a":0,"k":[-163,-71],"ix":2},"r":{"a":0,"k":0,"ix":6},"sa":{"a":0,"k":0,"ix":5},"o":{"a":1,"k":[{"o":{"x":0.167,"y":0.167},"i":{"x":0.833,"y":0.833},"s":[0],"t":44},{"s":[100],"t":45.0000018328876}],"ix":7}}]}],"ind":3},{"ty":4,"nm":"Shape Layer 3","sr":1,"st":0,"op":150.000006109625,"ip":0,"hd":false,"ddd":0,"bm":0,"hasMask":false,"ao":0,"ks":{"a":{"a":0,"k":[-163,-71,0],"ix":1},"s":{"a":0,"k":[85,85,100],"ix":6},"sk":{"a":0,"k":0},"p":{"a":1,"k":[{"o":{"x":0.333,"y":0},"i":{"x":0.667,"y":1},"s":[500,400,0],"t":28,"ti":[0,0,0],"to":[0.292,1.958,0]},{"o":{"x":0.333,"y":0},"i":{"x":0.667,"y":1},"s":[501.75,411.75,0],"t":36,"ti":[0.292,1.958,0],"to":[0,0,0]},{"o":{"x":0.333,"y":0.333},"i":{"x":0.667,"y":0.667},"s":[500,400,0],"t":39,"ti":[0,0,0],"to":[0,0,0]},{"o":{"x":0.333,"y":0},"i":{"x":0.667,"y":1},"s":[500,400,0],"t":44,"ti":[0,0,0],"to":[-0.333,-2.125,0]},{"o":{"x":0.333,"y":0},"i":{"x":0.667,"y":1},"s":[498,387.25,0],"t":51,"ti":[-0.333,-2.125,0],"to":[0,0,0]},{"s":[500,400,0],"t":54.0000021994651}],"ix":2},"r":{"a":0,"k":0,"ix":10},"sa":{"a":0,"k":0},"o":{"a":0,"k":100,"ix":11}},"ef":[],"shapes":[{"ty":"gr","bm":0,"hd":false,"mn":"ADBE Vector Group","nm":"Ellipse 2","ix":1,"cix":2,"np":3,"it":[{"ty":"sh","bm":0,"hd":false,"mn":"ADBE Vector Shape - Group","nm":"Path 1","ix":1,"d":1,"ks":{"a":1,"k":[{"o":{"x":0.167,"y":0.167},"i":{"x":0.833,"y":0.833},"s":[{"c":true,"i":[[-12.569,0],[-6.112,-4.043],[-2.173,-3.429],[11.266,-6.121],[38.829,-2.575],[19.814,15.908],[-3.907,5.915],[-5.238,2.711]],"o":[[12.877,0],[8.244,5.454],[3.937,6.214],[-12.645,6.87],[-33.172,2.199],[-6.658,-5.345],[2.884,-4.367],[7.456,-3.858]],"v":[[0.882,-65.412],[10.663,-67.328],[26,-37.353],[29.468,-20.403],[-3.088,-50.324],[-31.373,-22.236],[-26,-38.529],[-19.764,-60.876]]}],"t":29},{"o":{"x":0.167,"y":0.167},"i":{"x":0.833,"y":0.833},"s":[{"c":true,"i":[[-12.569,0],[-6.112,-4.043],[-2.173,-3.429],[6.693,-7.989],[38.829,-2.575],[9.021,20.709],[-3.907,5.915],[-5.238,2.711]],"o":[[12.877,0],[8.244,5.454],[3.937,6.214],[-8.438,10.072],[-33.172,2.199],[-2.661,-6.11],[2.884,-4.367],[7.456,-3.858]],"v":[[0.588,-44.824],[24.192,-38.211],[37.324,-25.147],[38.586,-8.197],[-3.382,-29.735],[-41.226,-9.588],[-35.118,-27.794],[-20.058,-40.288]]}],"t":30},{"o":{"x":0.167,"y":0.167},"i":{"x":0.833,"y":0.833},"s":[{"c":true,"i":[[-12.569,0],[-6.112,-4.043],[-2.173,-3.429],[6.693,-7.989],[38.829,-2.575],[9.021,20.709],[-3.478,6.177],[-5.006,3.119]],"o":[[12.877,0],[8.244,5.454],[3.937,6.214],[-8.438,10.072],[-33.172,2.199],[-2.661,-6.11],[1.966,-3.492],[9.886,-6.161]],"v":[[0,-46],[24.339,-38.211],[38.5,-24.559],[41.895,1.288],[-3.382,-29.735],[-44.02,0.412],[-40.853,-21.765],[-28.881,-35.435]]}],"t":31},{"o":{"x":0.167,"y":0.167},"i":{"x":0.833,"y":0.833},"s":[{"c":true,"i":[[-12.569,0],[-8.35,-8.527],[-0.87,-7.007],[6.693,-7.989],[38.829,-2.575],[12.82,18.598],[-0.617,7.062],[-8.479,8.344]],"o":[[12.877,0],[8.123,8.296],[1.059,8.533],[-8.438,10.072],[-33.172,2.199],[-3.627,-5.261],[0.907,-10.373],[8.303,-8.171]],"v":[[0,-46],[32.869,-32.181],[44.382,-8.235],[40.865,15.847],[-3.088,-14.735],[-42.402,13.5],[-44.382,-8.088],[-32.264,-32.788]]}],"t":32},{"o":{"x":0.167,"y":0.167},"i":{"x":0.833,"y":0.833},"s":[{"c":true,"i":[[-12.569,0],[-8.35,-8.527],[0,-12.528],[6.693,-7.989],[38.829,-2.575],[14.828,17.04],[0,11.035],[-8.479,8.344]],"o":[[12.877,0],[8.123,8.296],[0,11.238],[-8.438,10.072],[-33.172,2.199],[-4.74,-5.447],[0,-12.836],[8.303,-8.171]],"v":[[0,-46],[32.869,-32.181],[46,0],[38.218,23.347],[-1.324,-0.471],[-38.431,21.882],[-46,0],[-32.264,-32.788]]}],"t":33},{"o":{"x":0.167,"y":0.167},"i":{"x":0.833,"y":0.833},"s":[{"c":true,"i":[[-12.569,0],[-8.35,-8.527],[0,-12.528],[6.693,-7.989],[28.117,-2.067],[13.079,18.417],[0,11.035],[-8.479,8.344]],"o":[[12.877,0],[8.123,8.296],[0,11.238],[-8.438,10.072],[-23.336,1.716],[-5.927,-8.346],[0,-12.836],[8.303,-8.171]],"v":[[0,-46],[32.869,-32.181],[46,0],[37.042,26.141],[-0.882,14.529],[-35.784,26.735],[-46,0],[-32.264,-32.788]]}],"t":34},{"o":{"x":0.167,"y":0.167},"i":{"x":0.833,"y":0.833},"s":[{"c":true,"i":[[-12.569,0],[-8.35,-8.527],[0,-12.528],[6.693,-7.989],[14.065,-1.701],[13.079,18.417],[0,11.035],[-8.479,8.344]],"o":[[12.877,0],[8.123,8.296],[0,11.238],[-8.438,10.072],[-16.088,1.946],[-5.927,-8.346],[0,-12.836],[8.303,-8.171]],"v":[[0,-46],[32.869,-32.181],[46,0],[35.277,29.523],[3.088,31.588],[-35.637,29.088],[-46,0],[-32.264,-32.788]]}],"t":35},{"o":{"x":0.167,"y":0.167},"i":{"x":0.833,"y":0.833},"s":[{"c":true,"i":[[-12.569,0],[-8.35,-8.527],[0,-12.528],[6.693,-7.989],[14.167,0],[10.637,13.265],[0,11.035],[-8.479,8.344]],"o":[[12.877,0],[8.123,8.296],[0,11.238],[-8.438,10.072],[-14.37,0],[-6.404,-7.986],[0,-12.836],[8.303,-8.171]],"v":[[0,-46],[32.869,-32.181],[46,0],[35.571,33.347],[5,51.294],[-34.167,31.441],[-46,0],[-32.264,-32.788]]}],"t":36},{"o":{"x":0.167,"y":0.167},"i":{"x":0.833,"y":0.833},"s":[{"c":true,"i":[[-12.569,0],[-8.35,-8.527],[0,-12.528],[4.092,-9.585],[14.167,0],[8.435,10.322],[0,11.035],[-8.479,8.344]],"o":[[12.877,0],[8.123,8.296],[0,11.238],[-5.626,13.178],[-14.37,0],[-6.477,-7.926],[0,-12.836],[8.303,-8.171]],"v":[[0,-46],[32.869,-32.181],[46,0],[38.218,37.17],[15.588,71.294],[-32.108,38.5],[-46,0],[-32.264,-32.788]]}],"t":37},{"o":{"x":0.167,"y":0.167},"i":{"x":0.833,"y":0.833},"s":[{"c":true,"i":[[-12.569,0],[-8.35,-8.527],[0,-12.528],[5.513,-15.901],[16.231,6.151],[8.435,10.322],[0,11.035],[-8.479,8.344]],"o":[[12.877,0],[8.123,8.296],[0,11.238],[-3.311,14.393],[-13.438,-5.093],[-6.477,-7.926],[0,-12.836],[8.303,-8.171]],"v":[[0,-46],[32.869,-32.181],[46,0],[38.954,33.2],[16.618,74.088],[-30.784,40.411],[-46,0],[-32.264,-32.788]]}],"t":38},{"o":{"x":0.167,"y":0.167},"i":{"x":0.833,"y":0.833},"s":[{"c":true,"i":[[-12.569,0],[-8.35,-8.527],[0,-12.528],[4.649,-13.42],[10.221,2.015],[8.435,10.322],[0,11.035],[-8.479,8.344]],"o":[[12.877,0],[8.123,8.296],[0,11.238],[-4.468,13.638],[-14.097,-2.779],[-6.477,-7.926],[0,-12.836],[8.303,-8.171]],"v":[[0,-46],[32.869,-32.181],[46,0],[37.115,31.362],[10.368,64.75],[-33.211,34.75],[-46,0],[-32.264,-32.788]]}],"t":39},{"s":[{"c":true,"i":[[-12.569,0],[-8.35,-8.527],[0,-12.528],[6.693,-7.989],[14.167,0],[8.435,10.322],[0,11.035],[-8.479,8.344]],"o":[[12.877,0],[8.123,8.296],[0,11.238],[-8.438,10.072],[-14.37,0],[-6.477,-7.926],[0,-12.836],[8.303,-8.171]],"v":[[0,-46],[32.869,-32.181],[46,0],[35.277,29.523],[0,46],[-35.637,29.088],[-46,0],[-32.264,-32.788]]}],"t":40.0000016292334}],"ix":2}},{"ty":"st","bm":0,"hd":false,"mn":"ADBE Vector Graphic - Stroke","nm":"Stroke 1","lc":1,"lj":1,"ml":4,"o":{"a":0,"k":100,"ix":4},"w":{"a":0,"k":0,"ix":5},"c":{"a":0,"k":[0.4,0.0627,0.949],"ix":3}},{"ty":"fl","bm":0,"hd":false,"mn":"ADBE Vector Graphic - Fill","nm":"Fill 1","c":{"a":0,"k":[1,0,0.6627],"ix":4},"r":1,"o":{"a":0,"k":100,"ix":5}},{"ty":"tr","a":{"a":0,"k":[0,0],"ix":1},"s":{"a":0,"k":[100,100],"ix":3},"sk":{"a":0,"k":0,"ix":4},"p":{"a":0,"k":[-163,-71],"ix":2},"r":{"a":0,"k":0,"ix":6},"sa":{"a":0,"k":0,"ix":5},"o":{"a":1,"k":[{"o":{"x":0.167,"y":0.167},"i":{"x":0.833,"y":0.833},"s":[0],"t":28},{"s":[100],"t":29.0000011811942}],"ix":7}}]},{"ty":"gr","bm":0,"hd":false,"mn":"ADBE Vector Group","nm":"Ellipse 1","ix":2,"cix":2,"np":3,"it":[{"ty":"el","bm":0,"hd":false,"mn":"ADBE Vector Shape - Ellipse","nm":"Ellipse Path 1","d":1,"p":{"a":0,"k":[0,0],"ix":3},"s":{"a":0,"k":[92,92],"ix":2}},{"ty":"st","bm":0,"hd":false,"mn":"ADBE Vector Graphic - Stroke","nm":"Stroke 1","lc":1,"lj":1,"ml":4,"o":{"a":0,"k":100,"ix":4},"w":{"a":0,"k":0,"ix":5},"c":{"a":0,"k":[0.4,0.0627,0.949],"ix":3}},{"ty":"fl","bm":0,"hd":false,"mn":"ADBE Vector Graphic - Fill","nm":"Fill 1","c":{"a":0,"k":[0.4,0.0627,0.949],"ix":4},"r":1,"o":{"a":0,"k":100,"ix":5}},{"ty":"tr","a":{"a":0,"k":[0,0],"ix":1},"s":{"a":0,"k":[100,100],"ix":3},"sk":{"a":0,"k":0,"ix":4},"p":{"a":0,"k":[-163,-71],"ix":2},"r":{"a":0,"k":0,"ix":6},"sa":{"a":0,"k":0,"ix":5},"o":{"a":0,"k":100,"ix":7}}]}],"ind":4},{"ty":4,"nm":"Shape Layer 6","sr":1,"st":0,"op":150.000006109625,"ip":0,"hd":false,"ddd":0,"bm":0,"hasMask":false,"ao":0,"ks":{"a":{"a":0,"k":[-163,-71,0],"ix":1},"s":{"a":0,"k":[85,85,100],"ix":6},"sk":{"a":0,"k":0},"p":{"a":1,"k":[{"o":{"x":0.333,"y":0},"i":{"x":0.667,"y":1},"s":[400,400,0],"t":15,"ti":[0,0,0],"to":[0.25,-1.771,0]},{"o":{"x":0.333,"y":0},"i":{"x":0.667,"y":1},"s":[401.5,389.375,0],"t":23,"ti":[0.25,-1.771,0],"to":[0,0,0]},{"o":{"x":0.167,"y":0.167},"i":{"x":0.667,"y":0.667},"s":[400,400,0],"t":26,"ti":[0,0,0],"to":[0,0,0]},{"o":{"x":0.167,"y":0},"i":{"x":0.667,"y":1},"s":[400,400,0],"t":56,"ti":[0,0,0],"to":[-0.323,2,0]},{"o":{"x":0.167,"y":0},"i":{"x":0.667,"y":1},"s":[398.062,412,0],"t":62,"ti":[-0.323,2,0],"to":[0,0,0]},{"s":[400,400,0],"t":65.0000026475043}],"ix":2},"r":{"a":0,"k":0,"ix":10},"sa":{"a":0,"k":0},"o":{"a":0,"k":100,"ix":11}},"ef":[],"shapes":[{"ty":"gr","bm":0,"hd":false,"mn":"ADBE Vector Group","nm":"Ellipse 1","ix":1,"cix":2,"np":3,"it":[{"ty":"sh","bm":0,"hd":false,"mn":"ADBE Vector Shape - Group","nm":"Path 1","ix":1,"d":1,"ks":{"a":1,"k":[{"o":{"x":0.167,"y":0.167},"i":{"x":0.833,"y":0.833},"s":[{"c":true,"i":[[-12.418,0],[-5.582,-4.282],[-3.183,-3.456],[4.921,-3.294],[31.914,1.964],[7.296,8.21],[-4.566,2.823],[-2.645,2.333]],"o":[[13.609,0],[4.658,3.573],[5.554,6.03],[-16.746,11.208],[-38.239,-2.353],[-8.237,-9.27],[3.804,-2.352],[4.319,-3.808]],"v":[[7.5,-66.882],[19.555,-59.593],[24.015,-42.794],[31.918,-25.542],[11.323,-54.882],[-24.09,-28.299],[-13.941,-45.221],[-7.11,-60.728]]}],"t":57},{"o":{"x":0.167,"y":0.167},"i":{"x":0.833,"y":0.833},"s":[{"c":true,"i":[[-12.418,0],[-5.582,-4.282],[-3.183,-3.456],[4.63,-3.692],[31.914,1.964],[4.975,9.792],[-4.566,2.823],[-2.645,2.333]],"o":[[13.609,0],[4.658,3.573],[5.554,6.03],[-11.099,8.852],[-38.239,-2.353],[-3.797,-7.475],[3.804,-2.352],[4.319,-3.808]],"v":[[4.118,-51.588],[16.172,-44.299],[30.779,-33.676],[37.507,-16.277],[7.941,-39.588],[-34.678,-20.799],[-24.529,-37.721],[-10.493,-45.434]]}],"t":58},{"o":{"x":0.167,"y":0.167},"i":{"x":0.833,"y":0.833},"s":[{"c":true,"i":[[-12.418,0],[-5.582,-4.282],[-2.762,-3.801],[4.278,-4.095],[31.914,1.964],[4.975,9.792],[-3.227,4.29],[-2.645,2.333]],"o":[[13.609,0],[4.658,3.573],[4.231,5.822],[-5.813,5.564],[-38.239,-2.353],[-3.797,-7.475],[2.914,-3.875],[4.319,-3.808]],"v":[[0,-46],[28.231,-35.476],[39.824,-23.235],[43.315,-2.601],[3.823,-34],[-43.355,-4.034],[-38.059,-25.074],[-28.728,-35.581]]}],"t":59},{"o":{"x":0.167,"y":0.167},"i":{"x":0.833,"y":0.833},"s":[{"c":true,"i":[[-12.418,0],[-8.422,-9.394],[-1.064,-5.195],[4.128,-4.245],[37.517,2.374],[6.313,11.673],[-1.347,5.197],[-8.655,8.364]],"o":[[13.609,0],[7.3,8.142],[1.444,7.051],[-8.722,8.969],[-39.424,-2.495],[-3.988,-7.374],[1.164,-4.493],[8.276,-7.998]],"v":[[0,-46],[34.261,-30.696],[42.912,-11.765],[42.065,13.208],[3.971,-10.471],[-43.208,9.274],[-43.206,-11.985],[-31.963,-33.081]]}],"t":60},{"o":{"x":0.167,"y":0.167},"i":{"x":0.833,"y":0.833},"s":[{"c":true,"i":[[-12.418,0],[-8.422,-9.394],[0,-11.796],[7.424,-8.169],[31.027,2.525],[8.144,12.921],[0,9.003],[-8.655,8.364]],"o":[[13.609,0],[7.3,8.142],[0,11.908],[-8.415,9.259],[-35.223,-2.867],[-4.471,-7.092],[0,-12.987],[8.276,-7.998]],"v":[[0,-46],[34.261,-30.696],[46,0],[35.962,25.782],[-0.735,13.647],[-40.119,18.76],[-46,0],[-31.963,-33.081]]}],"t":61},{"o":{"x":0.167,"y":0.167},"i":{"x":0.833,"y":0.833},"s":[{"c":true,"i":[[-12.418,0],[-8.422,-9.394],[0,-11.796],[7.424,-8.169],[22.5,4.294],[8.144,12.921],[0,9.003],[-8.655,8.364]],"o":[[13.609,0],[7.3,8.142],[0,11.908],[-8.415,9.259],[-21.991,-4.197],[-4.471,-7.093],[0,-12.987],[8.276,-7.998]],"v":[[0,-46],[34.261,-30.696],[46,0],[34.051,30.929],[-7.353,36.735],[-38.943,24.495],[-46,0],[-31.963,-33.081]]}],"t":62},{"o":{"x":0.167,"y":0.167},"i":{"x":0.833,"y":0.833},"s":[{"c":true,"i":[[-12.425,0],[-8.421,-9.369],[0,-11.816],[10.119,-14.279],[13.479,0],[6.022,17.75],[0,9.081],[-8.648,8.364]],"o":[[13.589,0],[7.322,8.147],[0,11.926],[-15.94,22.492],[-16.324,0],[-2.716,-8.006],[0,-12.98],[8.277,-8.005]],"v":[[0,-46],[34.223,-30.738],[46,0],[30.929,41.995],[-19.412,75.853],[-37.944,33.355],[-46,0],[-31.976,-33.069]]}],"t":63},{"o":{"x":0.167,"y":0.167},"i":{"x":0.833,"y":0.833},"s":[{"c":true,"i":[[-12.425,0],[-8.421,-9.369],[0,-11.816],[8.153,-11.802],[2.215,15.469],[5.941,16.459],[0.321,16.922],[-8.648,8.364]],"o":[[13.589,0],[7.322,8.147],[0,11.926],[-13.765,19.927],[-2.591,-18.098],[-2.441,-9.129],[-0.246,-12.978],[8.277,-8.005]],"v":[[0,-46],[34.223,-30.738],[46,0],[29.85,44.348],[-26.618,80.902],[-35.738,37.963],[-46,0],[-31.976,-33.069]]}],"t":64},{"o":{"x":0.167,"y":0.167},"i":{"x":0.833,"y":0.833},"s":[{"c":true,"i":[[-12.425,0],[-8.421,-9.369],[-0.832,-11.787],[6.963,-11.701],[13.971,7.505],[7.45,14.462],[0,9.081],[-8.648,8.364]],"o":[[13.589,0],[7.322,8.147],[1.059,15],[-8.919,15.652],[-14.118,-11.76],[-3.933,-7.423],[0,-12.98],[8.277,-8.005]],"v":[[0,-46],[34.223,-30.738],[46,0],[33.331,37.877],[-10.294,69.407],[-38.018,29.262],[-46,0],[-31.976,-33.069]]}],"t":65},{"s":[{"c":true,"i":[[-12.425,0],[-8.421,-9.369],[0,-11.816],[7.444,-8.173],[13.479,0],[8.165,12.818],[0,9.081],[-8.648,8.364]],"o":[[13.589,0],[7.322,8.147],[0,11.926],[-8.413,9.237],[-16.324,0],[-4.542,-7.131],[0,-12.98],[8.277,-8.005]],"v":[[0,-46],[34.223,-30.738],[46,0],[34.017,30.966],[0,46],[-38.827,24.679],[-46,0],[-31.976,-33.069]]}],"t":66.0000026882351}],"ix":2}},{"ty":"st","bm":0,"hd":false,"mn":"ADBE Vector Graphic - Stroke","nm":"Stroke 1","lc":1,"lj":1,"ml":4,"o":{"a":0,"k":100,"ix":4},"w":{"a":0,"k":0,"ix":5},"c":{"a":0,"k":[0.4,0.0627,0.949],"ix":3}},{"ty":"fl","bm":0,"hd":false,"mn":"ADBE Vector Graphic - Fill","nm":"Fill 1","c":{"a":0,"k":[0.4,0.0627,0.949],"ix":4},"r":1,"o":{"a":0,"k":100,"ix":5}},{"ty":"tr","a":{"a":0,"k":[0,0],"ix":1},"s":{"a":0,"k":[100,100],"ix":3},"sk":{"a":0,"k":0,"ix":4},"p":{"a":0,"k":[-163,-71],"ix":2},"r":{"a":0,"k":0,"ix":6},"sa":{"a":0,"k":0,"ix":5},"o":{"a":1,"k":[{"o":{"x":0.167,"y":0.167},"i":{"x":0.833,"y":0.833},"s":[0],"t":56},{"s":[100],"t":57.0000023216576}],"ix":7}}]}],"ind":5},{"ty":4,"nm":"Shape Layer 2","sr":1,"st":0,"op":150.000006109625,"ip":0,"hd":false,"ddd":0,"bm":0,"hasMask":false,"ao":0,"ks":{"a":{"a":0,"k":[-163,-71,0],"ix":1},"s":{"a":0,"k":[85,85,100],"ix":6},"sk":{"a":0,"k":0},"p":{"a":1,"k":[{"o":{"x":0.333,"y":0},"i":{"x":0.667,"y":1},"s":[400,400,0],"t":15,"ti":[0,0,0],"to":[0.25,-1.771,0]},{"o":{"x":0.333,"y":0},"i":{"x":0.667,"y":1},"s":[401.5,389.375,0],"t":23,"ti":[0.25,-1.771,0],"to":[0,0,0]},{"o":{"x":0.167,"y":0.167},"i":{"x":0.667,"y":0.667},"s":[400,400,0],"t":26,"ti":[0,0,0],"to":[0,0,0]},{"o":{"x":0.167,"y":0},"i":{"x":0.667,"y":1},"s":[400,400,0],"t":56,"ti":[0,0,0],"to":[-0.323,2,0]},{"o":{"x":0.167,"y":0},"i":{"x":0.667,"y":1},"s":[398.062,412,0],"t":62,"ti":[-0.323,2,0],"to":[0,0,0]},{"s":[400,400,0],"t":65.0000026475043}],"ix":2},"r":{"a":0,"k":0,"ix":10},"sa":{"a":0,"k":0},"o":{"a":0,"k":100,"ix":11}},"ef":[],"shapes":[{"ty":"gr","bm":0,"hd":false,"mn":"ADBE Vector Group","nm":"Ellipse 2","ix":1,"cix":2,"np":3,"it":[{"ty":"sh","bm":0,"hd":false,"mn":"ADBE Vector Shape - Group","nm":"Path 1","ix":1,"d":1,"ks":{"a":1,"k":[{"o":{"x":0.167,"y":0.167},"i":{"x":0.833,"y":0.833},"s":[{"c":true,"i":[[-40.099,-3.26],[-2.924,4.459],[10.618,-4.338],[6.917,-8.049],[13.96,0],[8.94,7.744],[5.856,6.1],[3.989,-8.402]],"o":[[43.015,3.497],[7.296,-11.128],[-7.006,2.862],[-8.436,9.818],[-12.762,0],[-5.279,-4.573],[-11.647,-12.132],[-2.717,5.723]],"v":[[-5.221,62.015],[10.351,37.598],[26.294,36.544],[8.58,52.317],[-2.059,64.676],[-10.879,46.821],[-32.765,30.368],[-16.195,37.961]]}],"t":15},{"o":{"x":0.167,"y":0.167},"i":{"x":0.833,"y":0.833},"s":[{"c":true,"i":[[-40.099,-3.26],[-5.279,-0.748],[1.302,-8.724],[6.917,-8.049],[13.96,0],[8.94,7.744],[-4.095,0.442],[5.194,-4.883]],"o":[[43.015,3.497],[5.162,0.731],[-1.117,7.485],[-8.436,9.818],[-12.762,0],[-5.279,-4.573],[13.424,-1.45],[-4.616,4.339]],"v":[[-3.162,43.338],[18.586,25.981],[36.735,24.485],[16.815,45.699],[0,46],[-21.173,41.527],[-39.824,18.603],[-16.048,28.549]]}],"t":16},{"o":{"x":0.167,"y":0.167},"i":{"x":0.833,"y":0.833},"s":[{"c":true,"i":[[-40.099,-3.26],[-7.097,2.297],[1.302,-8.724],[7.772,-7.227],[13.96,0],[8.94,7.744],[1.606,3.792],[-4.913,5.166]],"o":[[43.015,3.497],[8.001,-2.59],[-1.117,7.485],[-8.782,8.167],[-12.762,0],[-5.279,-4.573],[-3.129,-7.387],[10.258,-10.786]],"v":[[-3.015,40.397],[35.351,10.098],[43.059,16.471],[30.418,35.552],[0,46],[-31.762,32.703],[-41.882,18.529],[-38.328,5.241]]}],"t":17},{"o":{"x":0.167,"y":0.167},"i":{"x":0.833,"y":0.833},"s":[{"c":true,"i":[[-40.196,-1.675],[-5.332,0.071],[1.302,-8.724],[6.917,-8.049],[13.96,0],[8.333,8.393],[4.559,13.956],[-6.937,1.95]],"o":[[43.044,1.794],[8.503,-0.113],[-1.117,7.485],[-8.436,9.818],[-12.762,0],[-8.256,-8.315],[-2.491,-7.625],[11.153,-3.136]],"v":[[-2.574,25.691],[39.321,-4.166],[45.118,9.853],[34.903,29.964],[0,46],[-32.644,32.409],[-43.647,13.676],[-41.416,-3.583]]}],"t":18},{"o":{"x":0.167,"y":0.167},"i":{"x":0.833,"y":0.833},"s":[{"c":true,"i":[[-40.099,-3.26],[-9.843,-13.954],[0.441,-8.81],[6.917,-8.049],[13.96,0],[8.333,8.393],[-0.418,12.636],[-3.143,4.536]],"o":[[43.015,3.497],[2.885,4.09],[-0.572,11.431],[-8.436,9.818],[-12.762,0],[-8.256,-8.315],[0.265,-8.018],[7.748,-11.183]],"v":[[-3.015,10.103],[42.998,-15.343],[45.265,7.5],[34.903,29.964],[0,46],[-32.644,32.409],[-45.853,3.676],[-43.18,-14.171]]}],"t":19},{"o":{"x":0.167,"y":0.167},"i":{"x":0.833,"y":0.833},"s":[{"c":true,"i":[[-36.28,-3.325],[-1.884,-4.057],[0.441,-8.81],[6.917,-8.049],[13.96,0],[8.333,8.393],[-0.726,12.622],[-6.114,8.008]],"o":[[41.987,3.848],[5.355,11.533],[-0.572,11.431],[-8.436,9.818],[-12.762,0],[-8.256,-8.315],[0.676,-11.751],[11.511,-15.078]],"v":[[-1.544,-6.368],[39.174,-23.431],[46,0],[34.903,29.964],[0,46],[-32.644,32.409],[-46,0],[-38.328,-24.612]]}],"t":20},{"o":{"x":0.167,"y":0.167},"i":{"x":0.833,"y":0.833},"s":[{"c":true,"i":[[-29.209,-4.343],[-2.814,-3.477],[0,-12.27],[6.917,-8.049],[13.96,0],[8.333,8.393],[0,12.643],[-7.828,7.927]],"o":[[31.53,4.688],[7.5,9.265],[0,11.445],[-8.436,9.818],[-12.762,0],[-8.256,-8.315],[0,-12.019],[13.33,-13.498]],"v":[[1.397,-21.368],[36.086,-28.137],[46,0],[34.903,29.964],[0,46],[-32.644,32.409],[-46,0],[-33.695,-31.009]]}],"t":21},{"o":{"x":0.167,"y":0.167},"i":{"x":0.833,"y":0.833},"s":[{"c":true,"i":[[-13.233,-3.213],[-3.657,-4.605],[0,-12.27],[6.917,-8.049],[13.96,0],[8.333,8.393],[0,12.643],[-7.828,7.927]],"o":[[25.59,6.213],[7.073,8.906],[0,11.445],[-8.436,9.818],[-12.762,0],[-8.256,-8.315],[0,-12.019],[13.33,-13.498]],"v":[[8.162,-41.515],[33.365,-31.666],[46,0],[34.903,29.964],[0,46],[-32.644,32.409],[-46,0],[-33.842,-31.156]]}],"t":22},{"o":{"x":0.167,"y":0.167},"i":{"x":0.833,"y":0.833},"s":[{"c":true,"i":[[-12.941,6.147],[-7.189,-9.804],[0,-12.27],[6.917,-8.049],[13.96,0],[8.333,8.393],[0,12.643],[-7.548,8.194]],"o":[[11.864,-5.635],[6.725,9.171],[0,11.446],[-8.436,9.818],[-12.762,0],[-8.256,-8.315],[0,-12.019],[8.406,-9.126]],"v":[[13.529,-60.706],[33.512,-35.196],[46,0],[34.903,29.964],[0,46],[-32.644,32.409],[-46,0],[-33.842,-31.156]]}],"t":23},{"o":{"x":0.167,"y":0.167},"i":{"x":0.833,"y":0.833},"s":[{"c":true,"i":[[-15.621,2.759],[-4.378,-14.221],[0,-12.27],[6.917,-8.049],[13.96,0],[8.333,8.393],[0,12.643],[-17.171,19.975]],"o":[[16.291,-4.005],[3.346,10.869],[0,11.445],[-8.436,9.818],[-12.762,0],[-8.256,-8.315],[0,-12.019],[15.874,-18.466]],"v":[[27.843,-77.471],[37.336,-38.578],[46,0],[34.903,29.964],[0,46],[-32.644,32.409],[-46,0],[-27.372,-45.421]]}],"t":24},{"o":{"x":0.167,"y":0.167},"i":{"x":0.833,"y":0.833},"s":[{"c":true,"i":[[-14.306,5.123],[-7.646,-10.093],[0,-12.27],[6.917,-8.049],[13.96,0],[8.333,8.393],[0,12.643],[-7.619,8.128]],"o":[[17.312,-4.877],[6.868,9.065],[0,11.446],[-8.436,9.818],[-12.762,0],[-8.256,-8.315],[0,-12.019],[13.385,-14.279]],"v":[[22.23,-71],[36.159,-34.461],[46,0],[34.903,29.964],[0,46],[-32.644,32.409],[-46,0],[-30.607,-38.509]]}],"t":25},{"o":{"x":0.167,"y":0.167},"i":{"x":0.833,"y":0.833},"s":[{"c":true,"i":[[-17.586,2.324],[-6.233,-10.025],[0,-12.27],[6.917,-8.049],[13.96,0],[8.333,8.393],[0,12.643],[-7.548,8.194]],"o":[[20.208,-1.5],[5.996,9.643],[0,11.445],[-8.436,9.818],[-12.762,0],[-8.256,-8.315],[0,-12.019],[8.406,-9.126]],"v":[[11.115,-58.5],[34.762,-33.064],[46,0],[34.903,29.964],[0,46],[-32.644,32.409],[-46,0],[-33.18,-32.774]]}],"t":26},{"s":[{"c":true,"i":[[-13.386,0],[-8.382,-8.829],[0,-12.27],[6.917,-8.049],[13.96,0],[8.333,8.393],[0,12.643],[-7.548,8.194]],"o":[[13.135,0],[7.83,8.248],[0,11.445],[-8.436,9.818],[-12.762,0],[-8.256,-8.315],[0,-12.019],[8.406,-9.126]],"v":[[0,-46],[33.365,-31.666],[46,0],[34.903,29.964],[0,46],[-32.644,32.409],[-46,0],[-33.842,-31.156]]}],"t":27.0000010997325}],"ix":2}},{"ty":"st","bm":0,"hd":false,"mn":"ADBE Vector Graphic - Stroke","nm":"Stroke 1","lc":1,"lj":1,"ml":4,"o":{"a":0,"k":100,"ix":4},"w":{"a":0,"k":0,"ix":5},"c":{"a":0,"k":[0.4,0.0627,0.949],"ix":3}},{"ty":"fl","bm":0,"hd":false,"mn":"ADBE Vector Graphic - Fill","nm":"Fill 1","c":{"a":0,"k":[1,0,0.6627],"ix":4},"r":1,"o":{"a":0,"k":100,"ix":5}},{"ty":"tr","a":{"a":0,"k":[0,0],"ix":1},"s":{"a":0,"k":[100,100],"ix":3},"sk":{"a":0,"k":0,"ix":4},"p":{"a":0,"k":[-163,-71],"ix":2},"r":{"a":0,"k":0,"ix":6},"sa":{"a":0,"k":0,"ix":5},"o":{"a":1,"k":[{"o":{"x":0.167,"y":0.167},"i":{"x":0.833,"y":0.833},"s":[0],"t":14},{"s":[100],"t":15.0000006109625}],"ix":7}}]},{"ty":"gr","bm":0,"hd":false,"mn":"ADBE Vector Group","nm":"Ellipse 1","ix":2,"cix":2,"np":3,"it":[{"ty":"el","bm":0,"hd":false,"mn":"ADBE Vector Shape - Ellipse","nm":"Ellipse Path 1","d":1,"p":{"a":0,"k":[0,0],"ix":3},"s":{"a":0,"k":[92,92],"ix":2}},{"ty":"st","bm":0,"hd":false,"mn":"ADBE Vector Graphic - Stroke","nm":"Stroke 1","lc":1,"lj":1,"ml":4,"o":{"a":0,"k":100,"ix":4},"w":{"a":0,"k":0,"ix":5},"c":{"a":0,"k":[0.4,0.0627,0.949],"ix":3}},{"ty":"fl","bm":0,"hd":false,"mn":"ADBE Vector Graphic - Fill","nm":"Fill 1","c":{"a":0,"k":[0.4,0.0627,0.949],"ix":4},"r":1,"o":{"a":0,"k":100,"ix":5}},{"ty":"tr","a":{"a":0,"k":[0,0],"ix":1},"s":{"a":0,"k":[100,100],"ix":3},"sk":{"a":0,"k":0,"ix":4},"p":{"a":0,"k":[-163,-71],"ix":2},"r":{"a":0,"k":0,"ix":6},"sa":{"a":0,"k":0,"ix":5},"o":{"a":0,"k":100,"ix":7}}]}],"ind":6},{"ty":4,"nm":"Shape Layer 7","sr":1,"st":0,"op":150.000006109625,"ip":0,"hd":false,"ddd":0,"bm":0,"hasMask":false,"ao":0,"ks":{"a":{"a":0,"k":[-163,-71,0],"ix":1},"s":{"a":0,"k":[85,85,100],"ix":6},"sk":{"a":0,"k":0},"p":{"a":1,"k":[{"o":{"x":0.333,"y":0},"i":{"x":0.667,"y":1},"s":[300,400,0],"t":3,"ti":[0,0,0],"to":[0.229,1.229,0]},{"o":{"x":0.333,"y":0},"i":{"x":0.667,"y":1},"s":[301.375,407.375,0],"t":9,"ti":[0.229,1.229,0],"to":[0,0,0]},{"o":{"x":0.333,"y":0.333},"i":{"x":0.667,"y":0.667},"s":[300,400,0],"t":12,"ti":[0,0,0],"to":[0,0,0]},{"o":{"x":0.333,"y":0},"i":{"x":0.667,"y":1},"s":[300,400,0],"t":67,"ti":[0,0,0],"to":[-0.292,-1.521,0]},{"o":{"x":0.333,"y":0},"i":{"x":0.667,"y":1},"s":[298.25,390.875,0],"t":75,"ti":[-0.292,-1.521,0],"to":[0,0,0]},{"s":[300,400,0],"t":78.0000031770051}],"ix":2},"r":{"a":0,"k":0,"ix":10},"sa":{"a":0,"k":0},"o":{"a":0,"k":100,"ix":11}},"ef":[],"shapes":[{"ty":"gr","bm":0,"hd":false,"mn":"ADBE Vector Group","nm":"Ellipse 1","ix":1,"cix":2,"np":3,"it":[{"ty":"sh","bm":0,"hd":false,"mn":"ADBE Vector Shape - Group","nm":"Path 1","ix":1,"d":1,"ks":{"a":1,"k":[{"o":{"x":0.167,"y":0.167},"i":{"x":0.833,"y":0.833},"s":[{"c":true,"i":[[-27.817,-0.587],[-15.62,-0.666],[6.122,-3.073],[3.712,-1.567],[9.455,0],[5.382,3.173],[7.303,1.617],[-6.104,1.375]],"o":[[29.853,0.63],[11.627,0.496],[-6.16,3.092],[-4.212,1.778],[-9.382,0],[-4.132,-2.436],[-9.231,-2.044],[27.918,-6.288]],"v":[[2.647,70.324],[22.473,29.067],[19.971,72.206],[10.111,63.991],[2.794,64.971],[-0.677,64.251],[-3.647,76.029],[-21.212,32.63]]}],"t":68},{"o":{"x":0.167,"y":0.167},"i":{"x":0.833,"y":0.833},"s":[{"c":true,"i":[[-27.817,-0.587],[-5.777,-0.986],[6.122,-3.073],[3.712,-1.567],[9.455,0],[5.382,3.173],[7.303,1.617],[-3.473,5.205]],"o":[[29.852,0.63],[19.614,3.347],[-6.16,3.092],[-4.212,1.778],[-9.382,0],[-4.132,-2.436],[-9.231,-2.044],[16.828,-25.217]],"v":[[0.588,53.118],[24.826,18.038],[20.706,43.235],[8.052,46.785],[0.735,47.765],[-2.736,47.045],[-5.706,58.824],[-32.829,24.395]]}],"t":69},{"o":{"x":0.167,"y":0.167},"i":{"x":0.833,"y":0.833},"s":[{"c":true,"i":[[-27.817,-0.587],[-11.968,-24.346],[6.122,-3.073],[3.712,-1.567],[9.455,0],[5.382,3.173],[7.303,1.617],[-1.965,5.941]],"o":[[29.853,0.63],[2.892,5.883],[-6.16,3.092],[-4.212,1.778],[-9.382,0],[-4.132,-2.436],[-9.231,-2.044],[11.128,-33.645]],"v":[[-0.147,38.706],[39.973,18.479],[19.824,40.588],[7.317,32.374],[0,33.353],[-8.765,32.487],[-11.735,44.265],[-38.418,18.807]]}],"t":70},{"o":{"x":0.167,"y":0.167},"i":{"x":0.833,"y":0.833},"s":[{"c":true,"i":[[-27.817,-0.587],[-6.885,-15.172],[4.147,-4.929],[3.712,-1.567],[9.455,0],[5.382,3.173],[4.529,5.953],[-0.533,5.592]],"o":[[29.853,0.63],[2.28,5.025],[-4.437,5.274],[-4.212,1.778],[-9.382,0],[-4.132,-2.436],[-3.138,-4.125],[2.388,-25.059]],"v":[[0,29.735],[41.149,12.302],[36,28.088],[19.817,41.197],[0,46],[-18.618,41.31],[-35.265,28.088],[-42.535,10.866]]}],"t":71},{"o":{"x":0.167,"y":0.167},"i":{"x":0.833,"y":0.833},"s":[{"c":true,"i":[[-27.822,0.232],[-5.865,-15.085],[3.348,-5.604],[4.039,-2.583],[9.455,0],[4.731,3.38],[2.589,6.257],[-2.087,6.471]],"o":[[29.089,-0.243],[2.758,7.093],[-3.535,5.917],[-3.851,2.463],[-9.382,0],[-3.903,-2.788],[-1.981,-4.789],[5.19,-16.092]],"v":[[0.441,17.382],[43.502,4.655],[39.529,22.941],[25.552,38.256],[0,46],[-25.383,38.369],[-39.824,21.912],[-43.124,3.66]]}],"t":72},{"o":{"x":0.167,"y":0.167},"i":{"x":0.833,"y":0.833},"s":[{"c":true,"i":[[-27.822,0.232],[-7.842,-14.158],[2.206,-5.654],[12.33,-8.252],[9.455,0],[7.275,4.822],[2.589,6.257],[-3.065,6.162]],"o":[[29.089,-0.243],[3.653,6.595],[-2.506,6.421],[-7.309,4.891],[-9.382,0],[-12.425,-8.236],[-1.981,-4.789],[7.53,-15.139]],"v":[[-0.147,2.235],[43.061,-10.345],[42.471,14.559],[25.552,38.256],[0,46],[-25.383,38.369],[-41.441,17.353],[-43.418,-6.929]]}],"t":73},{"o":{"x":0.167,"y":0.167},"i":{"x":0.833,"y":0.833},"s":[{"c":true,"i":[[-22.735,0.539],[-7.842,-14.158],[0.038,-4.432],[12.33,-8.252],[9.455,0],[7.275,4.822],[0.657,8.24],[-3.065,6.162]],"o":[[25.95,-0.616],[3.653,6.595],[-0.059,6.892],[-7.309,4.891],[-9.382,0],[-12.425,-8.236],[-0.412,-5.167],[7.53,-15.139]],"v":[[-0.441,-13.941],[40.855,-17.403],[45.706,2.941],[25.552,38.256],[0,46],[-25.383,38.369],[-45.118,3.971],[-42.388,-15.164]]}],"t":74},{"o":{"x":0.167,"y":0.167},"i":{"x":0.833,"y":0.833},"s":[{"c":true,"i":[[-18.056,0],[-7.842,-14.158],[0,-8.073],[12.33,-8.252],[9.455,0],[7.275,4.822],[0,16.023],[-3.065,6.162]],"o":[[17.332,0],[3.653,6.595],[0,15.95],[-7.309,4.891],[-9.382,0],[-12.425,-8.236],[0,-7.349],[7.53,-15.139]],"v":[[-3.824,-28.794],[40.267,-22.256],[46,0],[25.552,38.256],[0,46],[-25.383,38.369],[-46,0],[-41.212,-20.458]]}],"t":75},{"o":{"x":0.167,"y":0.167},"i":{"x":0.833,"y":0.833},"s":[{"c":true,"i":[[-17.953,0],[-7.878,-14.033],[0,-8.167],[12.239,-8.266],[9.524,0],[7.308,4.89],[0,15.952],[-3.146,6.226]],"o":[[17.238,0],[3.732,6.648],[0,15.881],[-7.34,4.957],[-9.453,0],[-12.332,-8.251],[0,-7.453],[7.579,-14.998]],"v":[[-6.176,-60.118],[40.14,-22.484],[46,0],[25.713,38.148],[0,46],[-25.548,38.259],[-46,0],[-41.082,-20.717]]}],"t":76},{"o":{"x":0.167,"y":0.167},"i":{"x":0.833,"y":0.833},"s":[{"c":true,"i":[[-15.129,-9.664],[-11.077,-11.791],[-0.172,-18.099],[12.239,-8.266],[9.524,0],[7.308,4.89],[0,15.952],[-2.376,6.559]],"o":[[14.21,9.077],[9.936,10.577],[0.151,15.88],[-7.34,4.957],[-9.453,0],[-12.332,-8.251],[0,-7.453],[6.615,-18.264]],"v":[[-9.559,-73.059],[26.022,-44.837],[46,0],[25.713,38.148],[0,46],[-25.548,38.259],[-46,0],[-35.493,-37.188]]}],"t":77},{"o":{"x":0.167,"y":0.167},"i":{"x":0.833,"y":0.833},"s":[{"c":true,"i":[[-15.515,-11.647],[-9.699,-12.81],[-0.086,-13.133],[12.239,-8.266],[9.524,0],[7.308,4.89],[0,15.952],[-4.948,9.1]],"o":[[16.25,11.294],[6.328,9.046],[0.076,15.88],[-7.34,4.957],[-9.453,0],[-12.332,-8.251],[0,-7.453],[9.758,-16.341]],"v":[[-4.485,-65.412],[35.875,-29.543],[46,0],[25.713,38.148],[0,46],[-25.548,38.259],[-46,0],[-36.67,-27.923]]}],"t":78},{"s":[{"c":true,"i":[[-17.953,0],[-7.878,-14.033],[0,-8.167],[12.239,-8.266],[9.524,0],[7.308,4.89],[0,15.952],[-3.146,6.226]],"o":[[17.238,0],[3.732,6.648],[0,15.881],[-7.34,4.957],[-9.453,0],[-12.332,-8.251],[0,-7.453],[7.579,-14.998]],"v":[[0,-46],[40.14,-22.484],[46,0],[25.713,38.148],[0,46],[-25.548,38.259],[-46,0],[-41.082,-20.717]]}],"t":79.000003217736}],"ix":2}},{"ty":"st","bm":0,"hd":false,"mn":"ADBE Vector Graphic - Stroke","nm":"Stroke 1","lc":1,"lj":1,"ml":4,"o":{"a":0,"k":100,"ix":4},"w":{"a":0,"k":0,"ix":5},"c":{"a":0,"k":[0.4,0.0627,0.949],"ix":3}},{"ty":"fl","bm":0,"hd":false,"mn":"ADBE Vector Graphic - Fill","nm":"Fill 1","c":{"a":0,"k":[0.4,0.0627,0.949],"ix":4},"r":1,"o":{"a":0,"k":100,"ix":5}},{"ty":"tr","a":{"a":0,"k":[0,0],"ix":1},"s":{"a":0,"k":[100,100],"ix":3},"sk":{"a":0,"k":0,"ix":4},"p":{"a":0,"k":[-163,-71],"ix":2},"r":{"a":0,"k":0,"ix":6},"sa":{"a":0,"k":0,"ix":5},"o":{"a":1,"k":[{"o":{"x":0.167,"y":0.167},"i":{"x":0.833,"y":0.833},"s":[0],"t":67},{"s":[100],"t":68.0000027696968}],"ix":7}}]}],"ind":7},{"ty":4,"nm":"Shape Layer 1","sr":1,"st":0,"op":150.000006109625,"ip":0,"hd":false,"ddd":0,"bm":0,"hasMask":false,"ao":0,"ks":{"a":{"a":0,"k":[-163,-71,0],"ix":1},"s":{"a":0,"k":[85,85,100],"ix":6},"sk":{"a":0,"k":0},"p":{"a":1,"k":[{"o":{"x":0.333,"y":0},"i":{"x":0.667,"y":1},"s":[300,400,0],"t":3,"ti":[0,0,0],"to":[0.229,1.229,0]},{"o":{"x":0.333,"y":0},"i":{"x":0.667,"y":1},"s":[301.375,407.375,0],"t":9,"ti":[0.229,1.229,0],"to":[0,0,0]},{"o":{"x":0.333,"y":0.333},"i":{"x":0.667,"y":0.667},"s":[300,400,0],"t":12,"ti":[0,0,0],"to":[0,0,0]},{"o":{"x":0.333,"y":0},"i":{"x":0.667,"y":1},"s":[300,400,0],"t":67,"ti":[0,0,0],"to":[-0.292,-1.521,0]},{"o":{"x":0.333,"y":0},"i":{"x":0.667,"y":1},"s":[298.25,390.875,0],"t":75,"ti":[-0.292,-1.521,0],"to":[0,0,0]},{"s":[300,400,0],"t":78.0000031770051}],"ix":2},"r":{"a":0,"k":0,"ix":10},"sa":{"a":0,"k":0},"o":{"a":0,"k":100,"ix":11}},"ef":[],"shapes":[{"ty":"gr","bm":0,"hd":false,"mn":"ADBE Vector Group","nm":"Ellipse 2","ix":1,"cix":2,"np":3,"it":[{"ty":"sh","bm":0,"hd":false,"mn":"ADBE Vector Shape - Group","nm":"Path 1","ix":1,"d":1,"ks":{"a":1,"k":[{"o":{"x":0.167,"y":0.167},"i":{"x":0.833,"y":0.833},"s":[{"c":true,"i":[[-12.911,0],[-10.2,-6.587],[-6.718,-4.368],[17.467,9.876],[41.492,-2.514],[13.247,0.16],[-10.176,9.412],[-8.084,8.29]],"o":[[12.212,0],[10.272,6.634],[10.176,6.618],[-5.105,-2.886],[-37.931,2.298],[-6.893,-0.083],[9.331,-8.63],[8.355,-8.567]],"v":[[-4.412,-54.529],[11.402,-52.447],[23.353,-40.147],[23.415,-26.347],[-6.471,-37.088],[-27.806,-21.042],[-29.382,-34.559],[-20.435,-47.114]]}],"t":3},{"o":{"x":0.167,"y":0.167},"i":{"x":0.833,"y":0.833},"s":[{"c":true,"i":[[-12.911,0],[-10.2,-6.587],[-3.999,-6.943],[12.913,4.371],[41.487,-2.597],[10.478,0.39],[-3.533,7.142],[-8.084,8.29]],"o":[[12.212,0],[10.272,6.634],[6.231,10.818],[-7.507,-2.541],[-37.033,2.318],[-9.83,-0.365],[5.773,-11.669],[8.355,-8.567]],"v":[[0,-46],[21.99,-40.241],[37.176,-26.618],[33.121,-12.67],[-3.676,-41.206],[-35.453,-10.16],[-40.265,-19.853],[-27.788,-36.379]]}],"t":4},{"o":{"x":0.167,"y":0.167},"i":{"x":0.833,"y":0.833},"s":[{"c":true,"i":[[-12.911,0],[-8.236,-7.764],[-2.743,-5.779],[10.943,5.001],[35.306,-0.833],[7.322,0.721],[-4.284,11.234],[-8.084,8.29]],"o":[[12.212,0],[8.897,8.388],[5.184,10.922],[-6.481,-2.962],[-30.566,0.721],[-6.29,-0.619],[4.11,-10.779],[8.355,-8.567]],"v":[[0,-46],[31.549,-33.477],[42.176,-19.412],[36.062,3.653],[-1.618,-29.147],[-40.453,5.429],[-43.794,-12.5],[-32.935,-32.114]]}],"t":5},{"o":{"x":0.167,"y":0.167},"i":{"x":0.833,"y":0.833},"s":[{"c":true,"i":[[-12.911,0],[-8.236,-7.764],[0.043,-8.16],[7.835,-8.725],[38.309,-1.513],[3.771,6.318],[-0.25,5.517],[-8.084,8.29]],"o":[[12.212,0],[8.897,8.388],[-0.044,8.311],[-3.918,4.363],[-32.259,1.274],[-6.091,-10.206],[0.565,-12.481],[8.355,-8.567]],"v":[[0,-46],[31.549,-33.477],[45.118,-3.676],[39.297,19.536],[-3.088,-8.265],[-39.571,19.399],[-45.412,-2.059],[-32.935,-32.114]]}],"t":6},{"o":{"x":0.167,"y":0.167},"i":{"x":0.833,"y":0.833},"s":[{"c":true,"i":[[-12.911,0],[-8.236,-7.764],[0,-13.193],[7.469,-8.354],[36.596,-0.295],[11.902,16.38],[0,12.023],[-8.084,8.29]],"o":[[12.212,0],[8.897,8.388],[0,12.09],[-7.554,8.449],[-32.081,0.258],[-6.551,-9.016],[0,-12.494],[8.355,-8.567]],"v":[[0,-46],[31.549,-33.477],[46,0],[37.68,24.168],[-0.147,11.662],[-37.88,24.473],[-46,0],[-32.935,-32.114]]}],"t":7},{"o":{"x":0.167,"y":0.167},"i":{"x":0.833,"y":0.833},"s":[{"c":true,"i":[[-12.911,0],[-8.236,-7.764],[0,-13.193],[6.999,-8.231],[29.725,-1.283],[13.955,20.215],[0,12.023],[-8.084,8.29]],"o":[[12.212,0],[8.897,8.388],[0,12.09],[-7.995,9.402],[-29.218,1.261],[-6.331,-9.171],[0,-12.494],[8.355,-8.567]],"v":[[0,-46],[31.549,-33.477],[46,0],[37.9,25.418],[5.441,32.471],[-37.806,25.061],[-46,0],[-32.935,-32.114]]}],"t":8},{"o":{"x":0.167,"y":0.167},"i":{"x":0.833,"y":0.833},"s":[{"c":true,"i":[[-12.911,0],[-8.236,-7.764],[0,-13.193],[7.627,-8.21],[8.529,0.324],[8.406,9.122],[0,12.023],[-8.084,8.29]],"o":[[12.212,0],[8.897,8.388],[0,12.09],[-8.4,9.042],[-6.543,-0.248],[-7.552,-8.195],[0,-12.494],[8.355,-8.567]],"v":[[0,-46],[31.549,-33.477],[46,0],[33.709,31.3],[3.824,54.676],[-33.835,31.164],[-46,0],[-32.935,-32.114]]}],"t":9},{"o":{"x":0.167,"y":0.167},"i":{"x":0.833,"y":0.833},"s":[{"c":true,"i":[[-12.911,0],[-8.236,-7.764],[0,-13.193],[6.219,-9.322],[16.372,-2.769],[19.514,19.661],[0,12.023],[-8.084,8.29]],"o":[[12.212,0],[8.897,8.388],[0,12.09],[-13.29,19.92],[-8.257,1.397],[-10.745,-10.826],[0,-12.494],[8.355,-8.567]],"v":[[0,-46],[31.549,-33.477],[46,0],[33.268,42.477],[18.529,71.441],[-24.277,45.282],[-46,0],[-32.935,-32.114]]}],"t":10},{"o":{"x":0.167,"y":0.167},"i":{"x":0.833,"y":0.833},"s":[{"c":true,"i":[[-12.911,0],[-8.236,-7.764],[0,-13.193],[6.181,-15.006],[16.198,2.633],[8.165,9.338],[0,12.023],[-8.084,8.29]],"o":[[12.212,0],[8.897,8.388],[0,12.09],[-4.717,11.45],[-18.137,-2.948],[-8.643,-9.884],[0,-12.494],[8.355,-8.567]],"v":[[0,-46],[31.549,-33.477],[46,0],[35.474,38.653],[20.294,72.471],[-30.012,38.517],[-46,0],[-32.935,-32.114]]}],"t":11},{"o":{"x":0.167,"y":0.167},"i":{"x":0.833,"y":0.833},"s":[{"c":true,"i":[[-12.911,0],[-8.236,-7.764],[0,-13.193],[7.627,-8.21],[14.984,-1.052],[8.406,9.122],[0,12.023],[-8.084,8.29]],"o":[[12.212,0],[8.897,8.388],[0,12.09],[-8.4,9.042],[-19.265,1.353],[-7.552,-8.195],[0,-12.494],[8.355,-8.567]],"v":[[0,-46],[31.549,-33.477],[46,0],[34.738,35.712],[11.324,58.647],[-31.924,34.914],[-46,0],[-32.935,-32.114]]}],"t":12},{"s":[{"c":true,"i":[[-12.911,0],[-8.236,-7.764],[0,-13.193],[7.627,-8.21],[13.315,0],[8.406,9.122],[0,12.023],[-8.084,8.29]],"o":[[12.212,0],[8.897,8.388],[0,12.09],[-8.4,9.042],[-13.382,0],[-7.552,-8.195],[0,-12.494],[8.355,-8.567]],"v":[[0,-46],[31.549,-33.477],[46,0],[33.709,31.3],[0,46],[-33.835,31.164],[-46,0],[-32.935,-32.114]]}],"t":13.0000005295009}],"ix":2}},{"ty":"st","bm":0,"hd":false,"mn":"ADBE Vector Graphic - Stroke","nm":"Stroke 1","lc":1,"lj":1,"ml":4,"o":{"a":0,"k":100,"ix":4},"w":{"a":0,"k":0,"ix":5},"c":{"a":0,"k":[0.4,0.0627,0.949],"ix":3}},{"ty":"fl","bm":0,"hd":false,"mn":"ADBE Vector Graphic - Fill","nm":"Fill 1","c":{"a":0,"k":[1,0,0.6627],"ix":4},"r":1,"o":{"a":0,"k":100,"ix":5}},{"ty":"tr","a":{"a":0,"k":[0,0],"ix":1},"s":{"a":0,"k":[100,100],"ix":3},"sk":{"a":0,"k":0,"ix":4},"p":{"a":0,"k":[-163,-71],"ix":2},"r":{"a":0,"k":0,"ix":6},"sa":{"a":0,"k":0,"ix":5},"o":{"a":1,"k":[{"o":{"x":0.167,"y":0.167},"i":{"x":0.833,"y":0.833},"s":[0],"t":2},{"s":[100],"t":3.00000012219251}],"ix":7}}]},{"ty":"gr","bm":0,"hd":false,"mn":"ADBE Vector Group","nm":"Ellipse 1","ix":2,"cix":2,"np":3,"it":[{"ty":"el","bm":0,"hd":false,"mn":"ADBE Vector Shape - Ellipse","nm":"Ellipse Path 1","d":1,"p":{"a":0,"k":[0,0],"ix":3},"s":{"a":0,"k":[92,92],"ix":2}},{"ty":"st","bm":0,"hd":false,"mn":"ADBE Vector Graphic - Stroke","nm":"Stroke 1","lc":1,"lj":1,"ml":4,"o":{"a":0,"k":100,"ix":4},"w":{"a":0,"k":0,"ix":5},"c":{"a":0,"k":[0.4,0.0627,0.949],"ix":3}},{"ty":"fl","bm":0,"hd":false,"mn":"ADBE Vector Graphic - Fill","nm":"Fill 1","c":{"a":0,"k":[0.4,0.0627,0.949],"ix":4},"r":1,"o":{"a":0,"k":100,"ix":5}},{"ty":"tr","a":{"a":0,"k":[0,0],"ix":1},"s":{"a":0,"k":[100,100],"ix":3},"sk":{"a":0,"k":0,"ix":4},"p":{"a":0,"k":[-163,-71],"ix":2},"r":{"a":0,"k":0,"ix":6},"sa":{"a":0,"k":0,"ix":5},"o":{"a":0,"k":100,"ix":7}}]}],"ind":8}],"v":"4.8.0","fr":29.9700012207031,"op":81.0000032991976,"ip":0,"assets":[]}