{
  "rigidBodies": [
    {
      "name": "circle",
      "imagePath": "../../../../../../atlas/1/deff.png",
      "origin": {
        "x": 0.5,
        "y": 0.5
      },
      "polygons": [],
      "circles": [
        {
          "cx": 0,
          "cy": 0,
          "r": 0.5
        }
      ],
      "shapes": [
        {
          "type": "CIRCLE",
          "vertices": [
            {
              "x": 0,
              "y": 0
            },
            {
              "x": 0,
              "y": 0.5
            }
          ]
        }
      ]
    },
    {
      "name": "prc",
      "imagePath": "element02.png",
      "origin": {
        "x": 0,
        "y": 0
      },
      "polygons": [
        [
          {
            "x": 0.9087499380111694,
            "y": 0.01124998927116394
          },
          {
            "x": 0.9362499713897705,
            "y": 0.5887500047683716
          },
          {
            "x": 0.78125,
            "y": 1.1087499856948853
          },
          {
            "x": 0.4312500059604645,
            "y": 1.1137499809265137
          },
          {
            "x": 0.13625001907348633,
            "y": 0.5637499690055847
          },
          {
            "x": 0.42124998569488525,
            "y": 0.018750011920928955
          }
        ]
      ],
      "circles": [],
      "shapes": [
        {
          "type": "POLYGON",
          "vertices": [
            {
              "x": 0.42124998569488525,
              "y": 0.018750011920928955
            },
            {
              "x": 0.13625001907348633,
              "y": 0.5637499690055847
            },
            {
              "x": 0.4312500059604645,
              "y": 1.1137499809265137
            },
            {
              "x": 0.78125,
              "y": 1.1087499856948853
            },
            {
              "x": 0.9362499713897705,
              "y": 0.5887500047683716
            },
            {
              "x": 0.9087499380111694,
              "y": 0.01124998927116394
            }
          ]
        }
      ]
    }
  ],
  "dynamicObjects": []
}