{
  "project_info": {
    "project_number": "831805476443",
    "project_id": "magic-wheel-64cf4",
    "storage_bucket": "magic-wheel-64cf4.appspot.com"
  },
  "client": [
    {
      "client_info": {
        "mobilesdk_app_id": "1:831805476443:android:fe297f0d2cfbda8224f97e",
        "android_client_info": {
          "package_name": "com.tapclap.designvil"
        }
      },
      "oauth_client": [],
      "api_key": [
        {
          "current_key": "AIzaSyCFX2UsXgzsStvy8EIJkS_yYkUKuJTRVz8"
        }
      ],
      "services": {
        "appinvite_service": {
          "other_platform_oauth_client": []
        }
      }
    }
  ],
  "configuration_version": "1"
}