{"v":"4.8.0","meta":{"g":"LottieFiles AE 1.0.0","a":"","k":"","d":"","tc":"#FFFFFF"},"fr":25,"ip":0,"op":120,"w":180,"h":150,"nm":"MAin","ddd":0,"assets":[],"layers":[{"ddd":0,"ind":1,"ty":4,"nm":"1_1","sr":1,"ks":{"o":{"a":0,"k":100,"ix":11},"r":{"a":0,"k":0,"ix":10},"p":{"a":1,"k":[{"i":{"x":0.833,"y":0.993},"o":{"x":0.167,"y":0.007},"t":0,"s":[60.552,92.002,0],"to":[0,0,0],"ti":[-8.823,-11.125,0]},{"i":{"x":0.4,"y":1},"o":{"x":0.167,"y":0.202},"t":5.989,"s":[61.927,124,0],"to":[13.448,0.875,0],"ti":[0,0,0]},{"i":{"x":0.4,"y":1},"o":{"x":0.167,"y":0},"t":20,"s":[90,109.004,0],"to":[0,0,0],"ti":[0,0,0]},{"i":{"x":0.833,"y":1},"o":{"x":0.167,"y":0},"t":40,"s":[90,40.996,0],"to":[0,0,0],"ti":[18.033,-2.434,0]},{"i":{"x":0.4,"y":1},"o":{"x":0.167,"y":0.007},"t":46.014,"s":[59.5,24.582,0],"to":[-9.292,19.265,0],"ti":[0,0,0]},{"i":{"x":0.4,"y":1},"o":{"x":0.167,"y":0.145},"t":60,"s":[60.552,58.603,0],"to":[0,0,0],"ti":[0,0,0]},{"i":{"x":0.833,"y":0.92},"o":{"x":0.167,"y":0.08},"t":80,"s":[119.448,92.002,0],"to":[0,0,0],"ti":[-0.521,11.03,0]},{"i":{"x":0.4,"y":1},"o":{"x":0.167,"y":0},"t":85.88,"s":[147.409,74.626,0],"to":[0.593,-12.542,0],"ti":[0,0,0]},{"i":{"x":0.4,"y":1},"o":{"x":0.167,"y":0},"t":100,"s":[119.073,58,0],"to":[0,0,0],"ti":[0,0,0]},{"t":120,"s":[60.552,92.002,0]}],"ix":2},"a":{"a":0,"k":[0.647,-33.353,0],"ix":1},"s":{"a":1,"k":[{"i":{"x":[0.833,0.833,0.833],"y":[0.833,0.833,1]},"o":{"x":[0.167,0.167,0.167],"y":[0.167,0.167,0]},"t":0,"s":[130,130,100]},{"i":{"x":[0.833,0.833,0.833],"y":[0.833,0.833,1]},"o":{"x":[0.167,0.167,0.167],"y":[0.167,0.167,0]},"t":6,"s":[100,100,100]},{"i":{"x":[0.833,0.833,0.833],"y":[0.833,0.833,1]},"o":{"x":[0.167,0.167,0.167],"y":[0.167,0.167,0]},"t":20,"s":[130,130,100]},{"i":{"x":[0.833,0.833,0.833],"y":[0.833,0.833,1]},"o":{"x":[0.167,0.167,0.167],"y":[0.167,0.167,0]},"t":30,"s":[100,100,100]},{"i":{"x":[0.833,0.833,0.833],"y":[0.833,0.833,1]},"o":{"x":[0.167,0.167,0.167],"y":[0.167,0.167,0]},"t":40,"s":[130,130,100]},{"i":{"x":[0.833,0.833,0.833],"y":[0.833,0.833,1]},"o":{"x":[0.167,0.167,0.167],"y":[0.167,0.167,0]},"t":46,"s":[100,100,100]},{"i":{"x":[0.833,0.833,0.833],"y":[0.833,0.833,1]},"o":{"x":[0.167,0.167,0.167],"y":[0.167,0.167,0]},"t":60,"s":[130,130,100]},{"i":{"x":[0.833,0.833,0.833],"y":[0.833,0.833,1]},"o":{"x":[0.167,0.167,0.167],"y":[0.167,0.167,0]},"t":70,"s":[100,100,100]},{"i":{"x":[0.833,0.833,0.833],"y":[0.833,0.833,1]},"o":{"x":[0.167,0.167,0.167],"y":[0.167,0.167,0]},"t":80,"s":[130,130,100]},{"i":{"x":[0.833,0.833,0.833],"y":[0.833,0.833,1]},"o":{"x":[0.167,0.167,0.167],"y":[0.167,0.167,0]},"t":86,"s":[100,100,100]},{"i":{"x":[0.833,0.833,0.833],"y":[0.833,0.833,1]},"o":{"x":[0.167,0.167,0.167],"y":[0.167,0.167,0]},"t":100,"s":[130,130,100]},{"i":{"x":[0.833,0.833,0.833],"y":[0.833,0.833,1]},"o":{"x":[0.167,0.167,0.167],"y":[0.167,0.167,0]},"t":110,"s":[100,100,100]},{"t":120,"s":[130,130,100]}],"ix":6}},"ao":0,"shapes":[{"ty":"gr","it":[{"ind":0,"ty":"sh","ix":1,"ks":{"a":0,"k":{"i":[[9.056,0],[0,-9.056],[-9.056,0],[0,9.056]],"o":[[-9.056,0],[0,9.056],[9.056,0],[0,-9.056]],"v":[[87.5,-28.647],[71.103,-12.25],[87.5,4.147],[103.897,-12.25]],"c":true},"ix":2},"nm":"Path 1","mn":"ADBE Vector Shape - Group","hd":false},{"ty":"gf","o":{"a":0,"k":100,"ix":10},"r":1,"bm":0,"g":{"p":5,"k":{"a":0,"k":[0,1,0.067,0.067,0,1,0.033,0.033,0,1,0,0,0.232,0.849,0.007,0.007,1,0.698,0.014,0.014],"ix":9}},"s":{"a":0,"k":[87.598,-12.402],"ix":5},"e":{"a":0,"k":[98.819,-1.181],"ix":6},"t":2,"h":{"a":0,"k":3.42,"ix":7},"a":{"a":0,"k":-223.152,"ix":8},"nm":"Gradient_1","mn":"ADBE Vector Graphic - G-Fill","hd":false},{"ty":"tr","p":{"a":0,"k":[-86.853,-21.103],"ix":2},"a":{"a":0,"k":[0,0],"ix":1},"s":{"a":0,"k":[100,100],"ix":3},"r":{"a":0,"k":0,"ix":6},"o":{"a":0,"k":100,"ix":7},"sk":{"a":0,"k":0,"ix":4},"sa":{"a":0,"k":0,"ix":5},"nm":"Transform"}],"nm":"3___2","np":2,"cix":2,"bm":0,"ix":1,"mn":"ADBE Vector Group","hd":false}],"ip":0,"op":120,"st":0,"bm":0},{"ddd":0,"ind":2,"ty":4,"nm":"2_2","sr":1,"ks":{"o":{"a":0,"k":100,"ix":11},"r":{"a":0,"k":0,"ix":10},"p":{"a":1,"k":[{"i":{"x":0.4,"y":1},"o":{"x":0.167,"y":0},"t":0,"s":[119.448,92.002,0],"to":[-10.779,-7.335,0],"ti":[0,0,0]},{"i":{"x":0.833,"y":1},"o":{"x":0.167,"y":0},"t":20,"s":[60.75,58.75,0],"to":[0,0,0],"ti":[14.75,-19.5,0]},{"i":{"x":0.4,"y":1},"o":{"x":0.167,"y":0.192},"t":25.849,"s":[31.5,73.5,0],"to":[14.25,19,0],"ti":[0,0,0]},{"i":{"x":0.4,"y":1},"o":{"x":0.167,"y":0.144},"t":40,"s":[61,91.25,0],"to":[0,0,0],"ti":[0,0,0]},{"i":{"x":0.833,"y":1},"o":{"x":0.167,"y":0},"t":60,"s":[118.25,57.25,0],"to":[0,0,0],"ti":[8.528,11.074,0]},{"i":{"x":0.4,"y":1},"o":{"x":0.167,"y":0},"t":65.921,"s":[117.919,24.657,0],"to":[-16.726,-0.906,0],"ti":[4.067,-6.356,0]},{"i":{"x":0.4,"y":1},"o":{"x":0.167,"y":0.001},"t":80,"s":[89.698,40.099,0],"to":[-0.25,9.5,0],"ti":[0,0,0]},{"i":{"x":0.833,"y":0.918},"o":{"x":0.167,"y":0.082},"t":100,"s":[89.948,108.349,0],"to":[0,0,0],"ti":[-17.115,2.475,0]},{"i":{"x":0.4,"y":1},"o":{"x":0.167,"y":0.004},"t":106.035,"s":[118.869,124.643,0],"to":[10.908,-13.125,0],"ti":[0,0,0]},{"t":120,"s":[119.397,92.599,0]}],"ix":2},"a":{"a":0,"k":[0.647,-33.353,0],"ix":1},"s":{"a":1,"k":[{"i":{"x":[0.833,0.833,0.833],"y":[0.833,0.833,1]},"o":{"x":[0.167,0.167,0.167],"y":[0.167,0.167,0]},"t":0,"s":[130,130,100]},{"i":{"x":[0.833,0.833,0.833],"y":[0.833,0.833,1]},"o":{"x":[0.167,0.167,0.167],"y":[0.167,0.167,0]},"t":10,"s":[100,100,100]},{"i":{"x":[0.833,0.833,0.833],"y":[0.833,0.833,1]},"o":{"x":[0.167,0.167,0.167],"y":[0.167,0.167,0]},"t":20,"s":[130,130,100]},{"i":{"x":[0.833,0.833,0.833],"y":[0.833,0.833,1]},"o":{"x":[0.167,0.167,0.167],"y":[0.167,0.167,0]},"t":26,"s":[100,100,100]},{"i":{"x":[0.833,0.833,0.833],"y":[0.833,0.833,1]},"o":{"x":[0.167,0.167,0.167],"y":[0.167,0.167,0]},"t":40,"s":[130,130,100]},{"i":{"x":[0.833,0.833,0.833],"y":[0.833,0.833,1]},"o":{"x":[0.167,0.167,0.167],"y":[0.167,0.167,0]},"t":50,"s":[100,100,100]},{"i":{"x":[0.833,0.833,0.833],"y":[0.833,0.833,1]},"o":{"x":[0.167,0.167,0.167],"y":[0.167,0.167,0]},"t":60,"s":[130,130,100]},{"i":{"x":[0.833,0.833,0.833],"y":[0.833,0.833,1]},"o":{"x":[0.167,0.167,0.167],"y":[0.167,0.167,0]},"t":66,"s":[100,100,100]},{"i":{"x":[0.833,0.833,0.833],"y":[0.833,0.833,1]},"o":{"x":[0.167,0.167,0.167],"y":[0.167,0.167,0]},"t":80,"s":[130,130,100]},{"i":{"x":[0.833,0.833,0.833],"y":[0.833,0.833,1]},"o":{"x":[0.167,0.167,0.167],"y":[0.167,0.167,0]},"t":90,"s":[100,100,100]},{"i":{"x":[0.833,0.833,0.833],"y":[0.833,0.833,1]},"o":{"x":[0.167,0.167,0.167],"y":[0.167,0.167,0]},"t":100,"s":[130,130,100]},{"i":{"x":[0.833,0.833,0.833],"y":[0.833,0.833,1]},"o":{"x":[0.167,0.167,0.167],"y":[0.167,0.167,0]},"t":106,"s":[100,100,100]},{"t":120,"s":[130,130,100]}],"ix":6}},"ao":0,"shapes":[{"ty":"gr","it":[{"ind":0,"ty":"sh","ix":1,"ks":{"a":0,"k":{"i":[[9.056,0],[0,-9.056],[-9.056,0],[0,9.056]],"o":[[-9.056,0],[0,9.056],[9.056,0],[0,-9.056]],"v":[[87.5,-28.647],[71.103,-12.25],[87.5,4.147],[103.897,-12.25]],"c":true},"ix":2},"nm":"Path 1","mn":"ADBE Vector Shape - Group","hd":false},{"ty":"gf","o":{"a":0,"k":100,"ix":10},"r":1,"bm":0,"g":{"p":3,"k":{"a":0,"k":[0,0.086,1,0.151,0.232,0.043,0.91,0.104,1,0,0.82,0.058],"ix":9}},"s":{"a":0,"k":[87.989,-12.011],"ix":5},"e":{"a":0,"k":[98.623,-0.203],"ix":6},"t":2,"h":{"a":0,"k":3.42,"ix":7},"a":{"a":0,"k":-223.152,"ix":8},"nm":"Gradient__1","mn":"ADBE Vector Graphic - G-Fill","hd":false},{"ty":"tr","p":{"a":0,"k":[-86.853,-21.103],"ix":2},"a":{"a":0,"k":[0,0],"ix":1},"s":{"a":0,"k":[100,100],"ix":3},"r":{"a":0,"k":0,"ix":6},"o":{"a":0,"k":100,"ix":7},"sk":{"a":0,"k":0,"ix":4},"sa":{"a":0,"k":0,"ix":5},"nm":"Transform"}],"nm":"1______6","np":2,"cix":2,"bm":0,"ix":1,"mn":"ADBE Vector Group","hd":false}],"ip":0,"op":120,"st":0,"bm":0},{"ddd":0,"ind":3,"ty":4,"nm":"3_3","sr":1,"ks":{"o":{"a":0,"k":100,"ix":11},"r":{"a":0,"k":0,"ix":10},"p":{"a":1,"k":[{"i":{"x":0.833,"y":0.863},"o":{"x":0.167,"y":0.137},"t":0,"s":[90.25,40.849,0],"to":[0,0,0],"ti":[-17.75,0,0]},{"i":{"x":0.4,"y":1},"o":{"x":0.167,"y":0.005},"t":5.787,"s":[117.25,24.5,0],"to":[9.5,13.25,0],"ti":[0,0,0]},{"i":{"x":0.833,"y":0.918},"o":{"x":0.167,"y":0.082},"t":20,"s":[118,57.75,0],"to":[0,0,0],"ti":[-7.625,-16,0]},{"i":{"x":0.4,"y":1},"o":{"x":0.167,"y":0},"t":26.085,"s":[147.875,74.5,0],"to":[-7.625,13.875,0],"ti":[0,0,0]},{"i":{"x":0.833,"y":0.999},"o":{"x":0.167,"y":0.001},"t":40,"s":[119.125,91,0],"to":[0,0,0],"ti":[9,-16.5,0]},{"i":{"x":0.4,"y":1},"o":{"x":0.167,"y":0},"t":45.874,"s":[119.625,124.25,0],"to":[-19.25,0.875,0],"ti":[0,0,0]},{"i":{"x":0.833,"y":1},"o":{"x":0.167,"y":0},"t":60,"s":[90,108,0],"to":[0,0,0],"ti":[17,0,0]},{"i":{"x":0.4,"y":1},"o":{"x":0.167,"y":0},"t":65.83,"s":[61.625,123.875,0],"to":[-10.625,-12.25,0],"ti":[0,0,0]},{"i":{"x":0.833,"y":1},"o":{"x":0.167,"y":0},"t":80,"s":[60.625,90.75,0],"to":[0,0,0],"ti":[7.25,16.125,0]},{"i":{"x":0.4,"y":1},"o":{"x":0.167,"y":0.196},"t":85.966,"s":[31.5,73.125,0],"to":[6.125,-16.25,0],"ti":[0,0,0]},{"i":{"x":0.833,"y":1},"o":{"x":0.167,"y":0},"t":100,"s":[61,58,0],"to":[0,0,0],"ti":[-9.625,15.5,0]},{"i":{"x":0.4,"y":1},"o":{"x":0.167,"y":0.195},"t":105.831,"s":[59.75,24.625,0],"to":[15.25,-3.375,0],"ti":[0,0,0]},{"t":120,"s":[90.25,41,0]}],"ix":2},"a":{"a":0,"k":[0.647,-33.353,0],"ix":1},"s":{"a":1,"k":[{"i":{"x":[0.833,0.833,0.833],"y":[0.833,0.833,1]},"o":{"x":[0.167,0.167,0.167],"y":[0.167,0.167,0]},"t":0,"s":[130,130,100]},{"i":{"x":[0.833,0.833,0.833],"y":[0.833,0.833,1]},"o":{"x":[0.167,0.167,0.167],"y":[0.167,0.167,0]},"t":6,"s":[100,100,100]},{"i":{"x":[0.833,0.833,0.833],"y":[0.833,0.833,1]},"o":{"x":[0.167,0.167,0.167],"y":[0.167,0.167,0]},"t":20,"s":[130,130,100]},{"i":{"x":[0.833,0.833,0.833],"y":[0.833,0.833,1]},"o":{"x":[0.167,0.167,0.167],"y":[0.167,0.167,0]},"t":26,"s":[100,100,100]},{"i":{"x":[0.833,0.833,0.833],"y":[0.833,0.833,1]},"o":{"x":[0.167,0.167,0.167],"y":[0.167,0.167,0]},"t":40,"s":[130,130,100]},{"i":{"x":[0.833,0.833,0.833],"y":[0.833,0.833,1]},"o":{"x":[0.167,0.167,0.167],"y":[0.167,0.167,0]},"t":46,"s":[100,100,100]},{"i":{"x":[0.833,0.833,0.833],"y":[0.833,0.833,1]},"o":{"x":[0.167,0.167,0.167],"y":[0.167,0.167,0]},"t":60,"s":[130,130,100]},{"i":{"x":[0.833,0.833,0.833],"y":[0.833,0.833,1]},"o":{"x":[0.167,0.167,0.167],"y":[0.167,0.167,0]},"t":66,"s":[100,100,100]},{"i":{"x":[0.833,0.833,0.833],"y":[0.833,0.833,1]},"o":{"x":[0.167,0.167,0.167],"y":[0.167,0.167,0]},"t":80,"s":[130,130,100]},{"i":{"x":[0.833,0.833,0.833],"y":[0.833,0.833,1]},"o":{"x":[0.167,0.167,0.167],"y":[0.167,0.167,0]},"t":86,"s":[100,100,100]},{"i":{"x":[0.833,0.833,0.833],"y":[0.833,0.833,1]},"o":{"x":[0.167,0.167,0.167],"y":[0.167,0.167,0]},"t":100,"s":[130,130,100]},{"i":{"x":[0.833,0.833,0.833],"y":[0.833,0.833,1]},"o":{"x":[0.167,0.167,0.167],"y":[0.167,0.167,0]},"t":106,"s":[100,100,100]},{"t":120,"s":[130,130,100]}],"ix":6}},"ao":0,"shapes":[{"ty":"gr","it":[{"ind":0,"ty":"sh","ix":1,"ks":{"a":0,"k":{"i":[[9.056,0],[0,-9.056],[-9.056,0],[0,9.056]],"o":[[-9.056,0],[0,9.056],[9.056,0],[0,-9.056]],"v":[[87.5,-28.647],[71.103,-12.25],[87.5,4.147],[103.897,-12.25]],"c":true},"ix":2},"nm":"Path 1","mn":"ADBE Vector Shape - Group","hd":false},{"ty":"gf","o":{"a":0,"k":100,"ix":10},"r":1,"bm":0,"g":{"p":5,"k":{"a":0,"k":[0,0.989,1,0.067,0,0.895,1,0.033,0,0.8,1,0,0.232,0.745,0.849,0.007,1,0.69,0.698,0.014],"ix":9}},"s":{"a":0,"k":[87.598,-11.732],"ix":5},"e":{"a":0,"k":[100,0],"ix":6},"t":2,"h":{"a":0,"k":0,"ix":7},"a":{"a":0,"k":0,"ix":8},"nm":"Gradient___3","mn":"ADBE Vector Graphic - G-Fill","hd":false},{"ty":"tr","p":{"a":0,"k":[-86.853,-21.103],"ix":2},"a":{"a":0,"k":[0,0],"ix":1},"s":{"a":0,"k":[100,100],"ix":3},"r":{"a":0,"k":0,"ix":6},"o":{"a":0,"k":100,"ix":7},"sk":{"a":0,"k":0,"ix":4},"sa":{"a":0,"k":0,"ix":5},"nm":"Transform"}],"nm":"2____4","np":2,"cix":2,"bm":0,"ix":1,"mn":"ADBE Vector Group","hd":false}],"ip":0,"op":120,"st":0,"bm":0}],"markers":[]}