{"v":"5.5.7","fr":60,"ip":0,"op":301,"w":500,"h":500,"nm":"Comp 1","ddd":0,"assets":[],"layers":[{"ddd":0,"ind":1,"ty":4,"nm":"Untitled-2 Outlines","sr":1,"ks":{"o":{"a":0,"k":100,"ix":11},"r":{"a":1,"k":[{"i":{"x":[0.833],"y":[0.833]},"o":{"x":[0.167],"y":[0.167]},"t":0,"s":[0]},{"t":301,"s":[1800]}],"ix":10},"p":{"a":0,"k":[249,244,0],"ix":2},"a":{"a":0,"k":[249,244,0],"ix":1},"s":{"a":0,"k":[100,100,100],"ix":6}},"ao":0,"shapes":[{"ty":"gr","it":[{"ind":0,"ty":"sh","ix":1,"ks":{"a":0,"k":{"i":[[7.19,-4.12],[4.12,7.181],[-7.18,4.121],[-4.12,-7.19]],"o":[[-7.19,4.13],[-4.13,-7.189],[7.19,-4.12],[4.12,7.19]],"v":[[7.465,13.005],[-13.005,7.465],[-7.465,-13.015],[13.015,-7.465]],"c":true},"ix":2},"nm":"Path 1","mn":"ADBE Vector Shape - Group","hd":false},{"ty":"fl","c":{"a":0,"k":[0.807843137254902,0.9176470588235294,0.9803921568627451,1],"ix":4},"o":{"a":0,"k":100,"ix":5},"r":1,"bm":0,"nm":"Fill 1","mn":"ADBE Vector Graphic - Fill","hd":false},{"ty":"tr","p":{"a":0,"k":[176.853,286.045],"ix":2},"a":{"a":0,"k":[0,0],"ix":1},"s":{"a":0,"k":[100,100],"ix":3},"r":{"a":0,"k":0,"ix":6},"o":{"a":0,"k":100,"ix":7},"sk":{"a":0,"k":0,"ix":4},"sa":{"a":0,"k":0,"ix":5},"nm":"Transform"}],"nm":"Group 1","np":2,"cix":2,"bm":0,"ix":1,"mn":"ADBE Vector Group","hd":false},{"ty":"gr","it":[{"ind":0,"ty":"sh","ix":1,"ks":{"a":0,"k":{"i":[[4.119,-7.189],[7.181,4.13],[-4.12,7.19],[-7.179,-4.121]],"o":[[-4.12,7.181],[-7.189,-4.12],[4.121,-7.19],[7.191,4.12]],"v":[[13.011,7.465],[-7.46,13.005],[-13.01,-7.465],[7.46,-13.014]],"c":true},"ix":2},"nm":"Path 1","mn":"ADBE Vector Shape - Group","hd":false},{"ty":"fl","c":{"a":0,"k":[0.8117647058823529,0.9294117647058824,0.9019607843137255,1],"ix":4},"o":{"a":0,"k":100,"ix":5},"r":1,"bm":0,"nm":"Fill 1","mn":"ADBE Vector Graphic - Fill","hd":false},{"ty":"tr","p":{"a":0,"k":[323.147,286.045],"ix":2},"a":{"a":0,"k":[0,0],"ix":1},"s":{"a":0,"k":[100,100],"ix":3},"r":{"a":0,"k":0,"ix":6},"o":{"a":0,"k":100,"ix":7},"sk":{"a":0,"k":0,"ix":4},"sa":{"a":0,"k":0,"ix":5},"nm":"Transform"}],"nm":"Group 2","np":2,"cix":2,"bm":0,"ix":2,"mn":"ADBE Vector Group","hd":false},{"ty":"gr","it":[{"ind":0,"ty":"sh","ix":1,"ks":{"a":0,"k":{"i":[[0,-8.28],[8.28,0],[0,8.28],[-8.28,0]],"o":[[0,8.28],[-8.28,0],[0,-8.28],[8.28,0]],"v":[[15,0],[0,15],[-15,0],[0,-15]],"c":true},"ix":2},"nm":"Path 1","mn":"ADBE Vector Shape - Group","hd":false},{"ty":"fl","c":{"a":0,"k":[0.9529411764705882,0.7137254901960784,0.6901960784313725,1],"ix":4},"o":{"a":0,"k":100,"ix":5},"r":1,"bm":0,"nm":"Fill 1","mn":"ADBE Vector Graphic - Fill","hd":false},{"ty":"tr","p":{"a":0,"k":[249.848,159.5],"ix":2},"a":{"a":0,"k":[0,0],"ix":1},"s":{"a":0,"k":[100,100],"ix":3},"r":{"a":0,"k":0,"ix":6},"o":{"a":0,"k":100,"ix":7},"sk":{"a":0,"k":0,"ix":4},"sa":{"a":0,"k":0,"ix":5},"nm":"Transform"}],"nm":"Group 3","np":2,"cix":2,"bm":0,"ix":3,"mn":"ADBE Vector Group","hd":false},{"ty":"gr","it":[{"ind":0,"ty":"sh","ix":1,"ks":{"a":0,"k":{"i":[[8.25,-14.37],[14.37,8.239],[-6.79,14.049],[-0.36,0.63],[-0.399,0.6],[-13.729,-7.88]],"o":[[-8.24,14.37],[-13.74,-7.891],[0.31,-0.641],[0.36,-0.639],[8.701,-12.94],[14.381,8.24]],"v":[[99.165,76.145],[58.215,87.246],[46.115,48.206],[47.125,46.294],[48.274,44.445],[88.064,35.195]],"c":true},"ix":2},"nm":"Path 1","mn":"ADBE Vector Shape - Group","hd":false},{"ind":1,"ty":"sh","ix":2,"ks":{"a":0,"k":{"i":[[1.85,0],[1.63,0.29],[0,14.87],[-17.45,-1.1],[-0.34,-15.42],[14.2,-2.58]],"o":[[-1.7,0],[-14.19,-2.37],[0,-17.21],[15.4,0.97],[0.33,15.02],[-1.76,0.33]],"v":[[-0.155,-35.326],[-5.155,-35.755],[-30.155,-65.326],[1.785,-95.266],[29.835,-66.005],[5.265,-35.826]],"c":true},"ix":2},"nm":"Path 2","mn":"ADBE Vector Shape - Group","hd":false},{"ind":2,"ty":"sh","ix":3,"ks":{"a":0,"k":{"i":[[14.38,-8.25],[8.25,14.37],[-14.37,8.24],[-8.24,-14.379]],"o":[[-14.37,8.239],[-8.24,-14.37],[14.37,-8.239],[8.24,14.371]],"v":[[-58.225,87.246],[-99.175,76.145],[-88.075,35.195],[-47.125,46.294]],"c":true},"ix":2},"nm":"Path 3","mn":"ADBE Vector Shape - Group","hd":false},{"ind":3,"ty":"sh","ix":4,"ks":{"a":0,"k":{"i":[[18.92,10.849],[12.32,-11.871],[2.99,1.73],[-0.49,2.46],[0,2.6],[19.129,2.74],[-1.011,1.33],[-1.691,0.51],[1.319,19.06],[19.479,1.35],[0,-22.75],[-16.71,-4.6],[0,-3.38],[6.19,-6.97],[0,-10.06],[-2.32,-5.03],[1.12,0],[1.23,1.351],[16.36,-9.391],[-10.85,-18.93],[-18.92,10.85],[3.15,16.141],[-3.13,1.809],[-5.12,-2.42],[-6.04,0],[-7.22,9.429],[0,-2.68],[0.16,-0.62],[-15.69,-9],[-10.85,18.92]],"o":[[-15.58,-8.951],[-2.49,2.389],[0.92,-2.279],[0.48,-2.46],[0,-19.89],[0,-1.77],[1.01,-1.33],[17.099,-5.14],[-1.351,-19.48],[-23.09,-1.609],[0,18.18],[3.26,0.9],[-9.73,1.22],[-6.19,6.97],[0,5.91],[-1.02,0.59],[-1.74,0],[-12.2,-13.37],[-18.92,10.849],[10.86,18.92],[15.06,-8.65],[-0.69,-3.54],[3.61,4.269],[5.12,2.42],[12.79,0],[2.4,1.389],[0,0.62],[-4.18,16.71],[18.92,10.85],[10.86,-18.93]],"v":[[92.795,26.956],[45.755,32.746],[36.505,33.895],[38.615,26.775],[39.345,19.174],[5.515,-19.915],[7.115,-24.655],[11.255,-27.505],[39.245,-68.135],[2.665,-104.725],[-39.655,-65.326],[-10.675,-27.245],[-5.155,-20.005],[-29.705,-7.046],[-39.655,19.174],[-36.035,35.715],[-39.315,36.595],[-43.995,34.555],[-92.805,26.956],[-107.415,80.875],[-53.495,95.484],[-34.375,53.645],[-30.285,44.706],[-17.035,54.895],[-0.155,58.674],[31.225,43.166],[35.035,49.775],[34.805,51.645],[53.495,95.484],[107.405,80.875]],"c":true},"ix":2},"nm":"Path 4","mn":"ADBE Vector Shape - Group","hd":false},{"ty":"mm","mm":1,"nm":"Merge Paths 1","mn":"ADBE Vector Filter - Merge","hd":false},{"ty":"fl","c":{"a":0,"k":[0.7058823529411765,0.5725490196078431,0.796078431372549,1],"ix":4},"o":{"a":0,"k":100,"ix":5},"r":1,"bm":0,"nm":"Fill 1","mn":"ADBE Vector Graphic - Fill","hd":false},{"ty":"tr","p":{"a":0,"k":[250.003,224.825],"ix":2},"a":{"a":0,"k":[0,0],"ix":1},"s":{"a":0,"k":[100,100],"ix":3},"r":{"a":0,"k":0,"ix":6},"o":{"a":0,"k":100,"ix":7},"sk":{"a":0,"k":0,"ix":4},"sa":{"a":0,"k":0,"ix":5},"nm":"Transform"}],"nm":"Group 4","np":6,"cix":2,"bm":0,"ix":4,"mn":"ADBE Vector Group","hd":false}],"ip":0,"op":3000,"st":0,"bm":0}],"markers":[]}