{
  "rigidBodies": [
    {
      "name": "circle",
      "imagePath": "../../../../../../atlas/1/deff.png",
      "origin": {
        "x": 0.5,
        "y": 0.5
      },
      "polygons": [],
      "circles": [
        {
          "cx": 0,
          "cy": 0,
          "r": 0.5
        }
      ],
      "shapes": [
        {
          "type": "CIRCLE",
          "vertices": [
            {
              "x": 0,
              "y": 0
            },
            {
              "x": 0,
              "y": 0.5
            }
          ]
        }
      ]
    },
    {
      "name": "aaa",
      "imagePath": "str.png",
      "origin": {
        "x": 0,
        "y": 0
      },
      "polygons": [
        [
          {
            "x": 0.043749988079071045,
            "y": 0.4412499964237213
          },
          {
            "x": 0.2212500274181366,
            "y": 0.023749977350234985
          },
          {
            "x": 0.783750057220459,
            "y": 0.026250004768371582
          },
          {
            "x": 0.966249942779541,
            "y": 0.44624999165534973
          }
        ]
      ],
      "circles": [],
      "shapes": [
        {
          "type": "POLYGON",
          "vertices": [
            {
              "x": 0.043749988079071045,
              "y": 0.4412499964237213
            },
            {
              "x": 0.2212500274181366,
              "y": 0.023749977350234985
            },
            {
              "x": 0.783750057220459,
              "y": 0.026250004768371582
            },
            {
              "x": 0.966249942779541,
              "y": 0.44624999165534973
            }
          ]
        }
      ]
    },
    {
      "name": "bbb",
      "imagePath": "tri.png",
      "origin": {
        "x": 0.5053770542144775,
        "y": 0.49967995285987854
      },
      "polygons": [
        [
          {
            "x": 0.9391477704048157,
            "y": 0.09924249351024628
          },
          {
            "x": 0.5037500262260437,
            "y": 0.926250159740448
          },
          {
            "x": 0.062031395733356476,
            "y": 0.10078123956918716
          }
        ]
      ],
      "circles": [],
      "shapes": [
        {
          "type": "POLYGON",
          "vertices": [
            {
              "x": 0.062031395733356476,
              "y": 0.10078123956918716
            },
            {
              "x": 0.5037500262260437,
              "y": 0.926250159740448
            },
            {
              "x": 0.9391477704048157,
              "y": 0.09924249351024628
            }
          ]
        }
      ]
    }
  ],
  "dynamicObjects": []
}