{"v":"5.6.6","fr":25,"ip":0,"op":75,"w":1080,"h":1080,"nm":"LOADER","ddd":0,"assets":[],"layers":[{"ddd":0,"ind":1,"ty":4,"nm":"STAR1","sr":1,"ks":{"o":{"a":0,"k":100,"ix":11},"r":{"a":1,"k":[{"i":{"x":[0.833],"y":[0.833]},"o":{"x":[0.167],"y":[0.167]},"t":0,"s":[-180]},{"t":75,"s":[0]}],"ix":10},"p":{"a":0,"k":[541,540,0],"ix":2},"a":{"a":0,"k":[0,0,0],"ix":1},"s":{"a":0,"k":[40,40,100],"ix":6}},"ao":0,"shapes":[{"ty":"gr","it":[{"ty":"sr","sy":1,"d":1,"pt":{"a":0,"k":4,"ix":3},"p":{"a":0,"k":[0,0],"ix":4},"r":{"a":0,"k":0,"ix":5},"ir":{"a":0,"k":30,"ix":6},"is":{"a":0,"k":0,"ix":8},"or":{"a":0,"k":56.613,"ix":7},"os":{"a":0,"k":0,"ix":9},"ix":1,"nm":"Polystar Path 1","mn":"ADBE Vector Shape - Star","hd":false},{"ty":"fl","c":{"a":0,"k":[1,1,1,1],"ix":4},"o":{"a":0,"k":100,"ix":5},"r":1,"bm":0,"nm":"Fill 1","mn":"ADBE Vector Graphic - Fill","hd":false},{"ty":"tr","p":{"a":0,"k":[-1,0],"ix":2},"a":{"a":0,"k":[0,0],"ix":1},"s":{"a":0,"k":[100,100],"ix":3},"r":{"a":0,"k":0,"ix":6},"o":{"a":0,"k":100,"ix":7},"sk":{"a":0,"k":0,"ix":4},"sa":{"a":0,"k":0,"ix":5},"nm":"Transform"}],"nm":"Polystar 1","np":4,"cix":2,"bm":0,"ix":1,"mn":"ADBE Vector Group","hd":false},{"ty":"rd","nm":"Round Corners 1","r":{"a":0,"k":10,"ix":1},"ix":2,"mn":"ADBE Vector Filter - RC","hd":false}],"ip":-2,"op":75,"st":-2,"bm":0},{"ddd":0,"ind":2,"ty":4,"nm":"STAR2","sr":1,"ks":{"o":{"a":0,"k":100,"ix":11},"r":{"a":1,"k":[{"i":{"x":[0.833],"y":[0.833]},"o":{"x":[0.167],"y":[0.167]},"t":0,"s":[-180]},{"t":75,"s":[0]}],"ix":10},"p":{"a":0,"k":[541,540,0],"ix":2},"a":{"a":0,"k":[0,0,0],"ix":1},"s":{"a":0,"k":[90,90,100],"ix":6}},"ao":0,"shapes":[{"ty":"gr","it":[{"ty":"sr","sy":1,"d":1,"pt":{"a":0,"k":4,"ix":3},"p":{"a":0,"k":[0,0],"ix":4},"r":{"a":0,"k":0,"ix":5},"ir":{"a":0,"k":28.306,"ix":6},"is":{"a":0,"k":0,"ix":8},"or":{"a":0,"k":56.613,"ix":7},"os":{"a":0,"k":0,"ix":9},"ix":1,"nm":"Polystar Path 1","mn":"ADBE Vector Shape - Star","hd":false},{"ty":"fl","c":{"a":0,"k":[0.980392216701,0.772549079446,0.333333333333,1],"ix":4},"o":{"a":0,"k":100,"ix":5},"r":1,"bm":0,"nm":"Fill 1","mn":"ADBE Vector Graphic - Fill","hd":false},{"ty":"tr","p":{"a":0,"k":[-1,0],"ix":2},"a":{"a":0,"k":[0,0],"ix":1},"s":{"a":0,"k":[100,100],"ix":3},"r":{"a":0,"k":0,"ix":6},"o":{"a":0,"k":100,"ix":7},"sk":{"a":0,"k":0,"ix":4},"sa":{"a":0,"k":0,"ix":5},"nm":"Transform"}],"nm":"Polystar 1","np":4,"cix":2,"bm":0,"ix":1,"mn":"ADBE Vector Group","hd":false},{"ty":"rd","nm":"Round Corners 1","r":{"a":0,"k":10,"ix":1},"ix":2,"mn":"ADBE Vector Filter - RC","hd":false}],"ip":0,"op":75,"st":0,"bm":0},{"ddd":0,"ind":4,"ty":3,"nm":"UP","sr":1,"ks":{"o":{"a":0,"k":0,"ix":11},"r":{"a":1,"k":[{"i":{"x":[0.833],"y":[0.833]},"o":{"x":[0.167],"y":[0.167]},"t":0,"s":[0]},{"t":75,"s":[-180]}],"ix":10},"p":{"a":0,"k":[540,540,0],"ix":2},"a":{"a":0,"k":[0,0,0],"ix":1},"s":{"a":0,"k":[100,100,100],"ix":6}},"ao":0,"ip":0,"op":75,"st":0,"bm":0},{"ddd":0,"ind":5,"ty":4,"nm":"Wing Outlines 8","parent":4,"sr":1,"ks":{"o":{"a":0,"k":100,"ix":11},"r":{"a":0,"k":360,"ix":10},"p":{"a":0,"k":[-0.725,-151.479,0],"ix":2},"a":{"a":0,"k":[247.787,250.906,0],"ix":1},"s":{"a":0,"k":[42.9,42.9,100],"ix":6}},"ao":0,"shapes":[{"ty":"gr","it":[{"ind":0,"ty":"sh","ix":1,"ks":{"a":0,"k":{"i":[[0,0],[0.812,16.202],[-82.511,84.927],[-116.504,-12.768],[-7.262,-1.003],[-7.745,-1.939],[2.502,-9.988],[6.466,-1.691],[7.19,-1.934],[6.401,-1.869],[58.657,-47.304],[37.583,-116.071],[1.734,-5.317],[0,0],[0.272,-0.593],[0,0],[3.605,17.35]],"o":[[-3.346,-15.923],[-5.221,-117.138],[81.735,-84.729],[7.327,0.568],[7.868,1.466],[9.987,2.501],[-1.736,6.931],[-7.319,2.23],[-6.614,1.861],[-72.129,19.681],[-96.529,76.273],[-1.822,5.361],[0,0],[-0.267,0.812],[0,0],[-7.393,15.95],[0,0]],"v":[[-241.372,235.471],[-247.346,187.013],[-128.809,-136.07],[186.47,-247.751],[210.249,-244.405],[233.669,-239.356],[247.224,-216.743],[233.669,-203.162],[211.897,-197.281],[190.547,-191.468],[-11.412,-96.475],[-198.453,215.208],[-203.518,230.948],[-204.359,233.534],[-205.181,235.901],[-206.827,239.494],[-241.372,235.471]],"c":true},"ix":2},"nm":"Path 1","mn":"ADBE Vector Shape - Group","hd":false},{"ty":"fl","c":{"a":0,"k":[0.980392216701,0.772549079446,0.333333333333,1],"ix":4},"o":{"a":0,"k":100,"ix":5},"r":1,"bm":0,"nm":"Fill 1","mn":"ADBE Vector Graphic - Fill","hd":false},{"ty":"tr","p":{"a":0,"k":[247.787,250.906],"ix":2},"a":{"a":0,"k":[0,0],"ix":1},"s":{"a":0,"k":[100,100],"ix":3},"r":{"a":0,"k":0,"ix":6},"o":{"a":0,"k":100,"ix":7},"sk":{"a":0,"k":0,"ix":4},"sa":{"a":0,"k":0,"ix":5},"nm":"Transform"}],"nm":"Group 1","np":4,"cix":2,"bm":0,"ix":1,"mn":"ADBE Vector Group","hd":false}],"ip":0,"op":75,"st":0,"bm":0},{"ddd":0,"ind":6,"ty":4,"nm":"Wing Outlines 7","parent":4,"sr":1,"ks":{"o":{"a":0,"k":100,"ix":11},"r":{"a":0,"k":315,"ix":10},"p":{"a":0,"k":[-107.316,-106.748,0],"ix":2},"a":{"a":0,"k":[247.787,250.906,0],"ix":1},"s":{"a":0,"k":[42.9,42.9,100],"ix":6}},"ao":0,"shapes":[{"ty":"gr","it":[{"ind":0,"ty":"sh","ix":1,"ks":{"a":0,"k":{"i":[[0,0],[0.812,16.202],[-82.511,84.927],[-116.504,-12.768],[-7.262,-1.003],[-7.745,-1.939],[2.502,-9.988],[6.466,-1.691],[7.19,-1.934],[6.401,-1.869],[58.657,-47.304],[37.583,-116.071],[1.734,-5.317],[0,0],[0.272,-0.593],[0,0],[3.605,17.35]],"o":[[-3.346,-15.923],[-5.221,-117.138],[81.735,-84.729],[7.327,0.568],[7.868,1.466],[9.987,2.501],[-1.736,6.931],[-7.319,2.23],[-6.614,1.861],[-72.129,19.681],[-96.529,76.273],[-1.822,5.361],[0,0],[-0.267,0.812],[0,0],[-7.393,15.95],[0,0]],"v":[[-241.372,235.471],[-247.346,187.013],[-128.809,-136.07],[186.47,-247.751],[210.249,-244.405],[233.669,-239.356],[247.224,-216.743],[233.669,-203.162],[211.897,-197.281],[190.547,-191.468],[-11.412,-96.475],[-198.453,215.208],[-203.518,230.948],[-204.359,233.534],[-205.181,235.901],[-206.827,239.494],[-241.372,235.471]],"c":true},"ix":2},"nm":"Path 1","mn":"ADBE Vector Shape - Group","hd":false},{"ty":"fl","c":{"a":0,"k":[0.980392216701,0.772549079446,0.333333333333,1],"ix":4},"o":{"a":0,"k":100,"ix":5},"r":1,"bm":0,"nm":"Fill 1","mn":"ADBE Vector Graphic - Fill","hd":false},{"ty":"tr","p":{"a":0,"k":[247.787,250.906],"ix":2},"a":{"a":0,"k":[0,0],"ix":1},"s":{"a":0,"k":[100,100],"ix":3},"r":{"a":0,"k":0,"ix":6},"o":{"a":0,"k":100,"ix":7},"sk":{"a":0,"k":0,"ix":4},"sa":{"a":0,"k":0,"ix":5},"nm":"Transform"}],"nm":"Group 1","np":4,"cix":2,"bm":0,"ix":1,"mn":"ADBE Vector Group","hd":false}],"ip":0,"op":75,"st":0,"bm":0},{"ddd":0,"ind":7,"ty":4,"nm":"Wing Outlines 6","parent":4,"sr":1,"ks":{"o":{"a":0,"k":100,"ix":11},"r":{"a":0,"k":270,"ix":10},"p":{"a":0,"k":[-151.057,0.253,0],"ix":2},"a":{"a":0,"k":[247.787,250.906,0],"ix":1},"s":{"a":0,"k":[42.9,42.9,100],"ix":6}},"ao":0,"shapes":[{"ty":"gr","it":[{"ind":0,"ty":"sh","ix":1,"ks":{"a":0,"k":{"i":[[0,0],[0.812,16.202],[-82.511,84.927],[-116.504,-12.768],[-7.262,-1.003],[-7.745,-1.939],[2.502,-9.988],[6.466,-1.691],[7.19,-1.934],[6.401,-1.869],[58.657,-47.304],[37.583,-116.071],[1.734,-5.317],[0,0],[0.272,-0.593],[0,0],[3.605,17.35]],"o":[[-3.346,-15.923],[-5.221,-117.138],[81.735,-84.729],[7.327,0.568],[7.868,1.466],[9.987,2.501],[-1.736,6.931],[-7.319,2.23],[-6.614,1.861],[-72.129,19.681],[-96.529,76.273],[-1.822,5.361],[0,0],[-0.267,0.812],[0,0],[-7.393,15.95],[0,0]],"v":[[-241.372,235.471],[-247.346,187.013],[-128.809,-136.07],[186.47,-247.751],[210.249,-244.405],[233.669,-239.356],[247.224,-216.743],[233.669,-203.162],[211.897,-197.281],[190.547,-191.468],[-11.412,-96.475],[-198.453,215.208],[-203.518,230.948],[-204.359,233.534],[-205.181,235.901],[-206.827,239.494],[-241.372,235.471]],"c":true},"ix":2},"nm":"Path 1","mn":"ADBE Vector Shape - Group","hd":false},{"ty":"fl","c":{"a":0,"k":[0.980392216701,0.772549079446,0.333333333333,1],"ix":4},"o":{"a":0,"k":100,"ix":5},"r":1,"bm":0,"nm":"Fill 1","mn":"ADBE Vector Graphic - Fill","hd":false},{"ty":"tr","p":{"a":0,"k":[247.787,250.906],"ix":2},"a":{"a":0,"k":[0,0],"ix":1},"s":{"a":0,"k":[100,100],"ix":3},"r":{"a":0,"k":0,"ix":6},"o":{"a":0,"k":100,"ix":7},"sk":{"a":0,"k":0,"ix":4},"sa":{"a":0,"k":0,"ix":5},"nm":"Transform"}],"nm":"Group 1","np":4,"cix":2,"bm":0,"ix":1,"mn":"ADBE Vector Group","hd":false}],"ip":0,"op":75,"st":0,"bm":0},{"ddd":0,"ind":8,"ty":4,"nm":"Wing Outlines 5","parent":4,"sr":1,"ks":{"o":{"a":0,"k":100,"ix":11},"r":{"a":0,"k":225,"ix":10},"p":{"a":0,"k":[-106.326,106.843,0],"ix":2},"a":{"a":0,"k":[247.787,250.906,0],"ix":1},"s":{"a":0,"k":[42.9,42.9,100],"ix":6}},"ao":0,"shapes":[{"ty":"gr","it":[{"ind":0,"ty":"sh","ix":1,"ks":{"a":0,"k":{"i":[[0,0],[0.812,16.202],[-82.511,84.927],[-116.504,-12.768],[-7.262,-1.003],[-7.745,-1.939],[2.502,-9.988],[6.466,-1.691],[7.19,-1.934],[6.401,-1.869],[58.657,-47.304],[37.583,-116.071],[1.734,-5.317],[0,0],[0.272,-0.593],[0,0],[3.605,17.35]],"o":[[-3.346,-15.923],[-5.221,-117.138],[81.735,-84.729],[7.327,0.568],[7.868,1.466],[9.987,2.501],[-1.736,6.931],[-7.319,2.23],[-6.614,1.861],[-72.129,19.681],[-96.529,76.273],[-1.822,5.361],[0,0],[-0.267,0.812],[0,0],[-7.393,15.95],[0,0]],"v":[[-241.372,235.471],[-247.346,187.013],[-128.809,-136.07],[186.47,-247.751],[210.249,-244.405],[233.669,-239.356],[247.224,-216.743],[233.669,-203.162],[211.897,-197.281],[190.547,-191.468],[-11.412,-96.475],[-198.453,215.208],[-203.518,230.948],[-204.359,233.534],[-205.181,235.901],[-206.827,239.494],[-241.372,235.471]],"c":true},"ix":2},"nm":"Path 1","mn":"ADBE Vector Shape - Group","hd":false},{"ty":"fl","c":{"a":0,"k":[0.980392216701,0.772549079446,0.333333333333,1],"ix":4},"o":{"a":0,"k":100,"ix":5},"r":1,"bm":0,"nm":"Fill 1","mn":"ADBE Vector Graphic - Fill","hd":false},{"ty":"tr","p":{"a":0,"k":[247.787,250.906],"ix":2},"a":{"a":0,"k":[0,0],"ix":1},"s":{"a":0,"k":[100,100],"ix":3},"r":{"a":0,"k":0,"ix":6},"o":{"a":0,"k":100,"ix":7},"sk":{"a":0,"k":0,"ix":4},"sa":{"a":0,"k":0,"ix":5},"nm":"Transform"}],"nm":"Group 1","np":4,"cix":2,"bm":0,"ix":1,"mn":"ADBE Vector Group","hd":false}],"ip":0,"op":75,"st":0,"bm":0},{"ddd":0,"ind":9,"ty":4,"nm":"Wing Outlines 4","parent":4,"sr":1,"ks":{"o":{"a":0,"k":100,"ix":11},"r":{"a":0,"k":180,"ix":10},"p":{"a":0,"k":[0.674,150.584,0],"ix":2},"a":{"a":0,"k":[247.787,250.906,0],"ix":1},"s":{"a":0,"k":[42.9,42.9,100],"ix":6}},"ao":0,"shapes":[{"ty":"gr","it":[{"ind":0,"ty":"sh","ix":1,"ks":{"a":0,"k":{"i":[[0,0],[0.812,16.202],[-82.511,84.927],[-116.504,-12.768],[-7.262,-1.003],[-7.745,-1.939],[2.502,-9.988],[6.466,-1.691],[7.19,-1.934],[6.401,-1.869],[58.657,-47.304],[37.583,-116.071],[1.734,-5.317],[0,0],[0.272,-0.593],[0,0],[3.605,17.35]],"o":[[-3.346,-15.923],[-5.221,-117.138],[81.735,-84.729],[7.327,0.568],[7.868,1.466],[9.987,2.501],[-1.736,6.931],[-7.319,2.23],[-6.614,1.861],[-72.129,19.681],[-96.529,76.273],[-1.822,5.361],[0,0],[-0.267,0.812],[0,0],[-7.393,15.95],[0,0]],"v":[[-241.372,235.471],[-247.346,187.013],[-128.809,-136.07],[186.47,-247.751],[210.249,-244.405],[233.669,-239.356],[247.224,-216.743],[233.669,-203.162],[211.897,-197.281],[190.547,-191.468],[-11.412,-96.475],[-198.453,215.208],[-203.518,230.948],[-204.359,233.534],[-205.181,235.901],[-206.827,239.494],[-241.372,235.471]],"c":true},"ix":2},"nm":"Path 1","mn":"ADBE Vector Shape - Group","hd":false},{"ty":"fl","c":{"a":0,"k":[0.980392216701,0.772549079446,0.333333333333,1],"ix":4},"o":{"a":0,"k":100,"ix":5},"r":1,"bm":0,"nm":"Fill 1","mn":"ADBE Vector Graphic - Fill","hd":false},{"ty":"tr","p":{"a":0,"k":[247.787,250.906],"ix":2},"a":{"a":0,"k":[0,0],"ix":1},"s":{"a":0,"k":[100,100],"ix":3},"r":{"a":0,"k":0,"ix":6},"o":{"a":0,"k":100,"ix":7},"sk":{"a":0,"k":0,"ix":4},"sa":{"a":0,"k":0,"ix":5},"nm":"Transform"}],"nm":"Group 1","np":4,"cix":2,"bm":0,"ix":1,"mn":"ADBE Vector Group","hd":false}],"ip":0,"op":75,"st":0,"bm":0},{"ddd":0,"ind":10,"ty":4,"nm":"Wing Outlines 3","parent":4,"sr":1,"ks":{"o":{"a":0,"k":100,"ix":11},"r":{"a":0,"k":135,"ix":10},"p":{"a":0,"k":[107.265,105.853,0],"ix":2},"a":{"a":0,"k":[247.787,250.906,0],"ix":1},"s":{"a":0,"k":[42.9,42.9,100],"ix":6}},"ao":0,"shapes":[{"ty":"gr","it":[{"ind":0,"ty":"sh","ix":1,"ks":{"a":0,"k":{"i":[[0,0],[0.812,16.202],[-82.511,84.927],[-116.504,-12.768],[-7.262,-1.003],[-7.745,-1.939],[2.502,-9.988],[6.466,-1.691],[7.19,-1.934],[6.401,-1.869],[58.657,-47.304],[37.583,-116.071],[1.734,-5.317],[0,0],[0.272,-0.593],[0,0],[3.605,17.35]],"o":[[-3.346,-15.923],[-5.221,-117.138],[81.735,-84.729],[7.327,0.568],[7.868,1.466],[9.987,2.501],[-1.736,6.931],[-7.319,2.23],[-6.614,1.861],[-72.129,19.681],[-96.529,76.273],[-1.822,5.361],[0,0],[-0.267,0.812],[0,0],[-7.393,15.95],[0,0]],"v":[[-241.372,235.471],[-247.346,187.013],[-128.809,-136.07],[186.47,-247.751],[210.249,-244.405],[233.669,-239.356],[247.224,-216.743],[233.669,-203.162],[211.897,-197.281],[190.547,-191.468],[-11.412,-96.475],[-198.453,215.208],[-203.518,230.948],[-204.359,233.534],[-205.181,235.901],[-206.827,239.494],[-241.372,235.471]],"c":true},"ix":2},"nm":"Path 1","mn":"ADBE Vector Shape - Group","hd":false},{"ty":"fl","c":{"a":0,"k":[0.980392216701,0.772549079446,0.333333333333,1],"ix":4},"o":{"a":0,"k":100,"ix":5},"r":1,"bm":0,"nm":"Fill 1","mn":"ADBE Vector Graphic - Fill","hd":false},{"ty":"tr","p":{"a":0,"k":[247.787,250.906],"ix":2},"a":{"a":0,"k":[0,0],"ix":1},"s":{"a":0,"k":[100,100],"ix":3},"r":{"a":0,"k":0,"ix":6},"o":{"a":0,"k":100,"ix":7},"sk":{"a":0,"k":0,"ix":4},"sa":{"a":0,"k":0,"ix":5},"nm":"Transform"}],"nm":"Group 1","np":4,"cix":2,"bm":0,"ix":1,"mn":"ADBE Vector Group","hd":false}],"ip":0,"op":75,"st":0,"bm":0},{"ddd":0,"ind":11,"ty":4,"nm":"Wing Outlines 2","parent":4,"sr":1,"ks":{"o":{"a":0,"k":100,"ix":11},"r":{"a":0,"k":90,"ix":10},"p":{"a":0,"k":[151.006,-1.147,0],"ix":2},"a":{"a":0,"k":[247.787,250.906,0],"ix":1},"s":{"a":0,"k":[42.9,42.9,100],"ix":6}},"ao":0,"shapes":[{"ty":"gr","it":[{"ind":0,"ty":"sh","ix":1,"ks":{"a":0,"k":{"i":[[0,0],[0.812,16.202],[-82.511,84.927],[-116.504,-12.768],[-7.262,-1.003],[-7.745,-1.939],[2.502,-9.988],[6.466,-1.691],[7.19,-1.934],[6.401,-1.869],[58.657,-47.304],[37.583,-116.071],[1.734,-5.317],[0,0],[0.272,-0.593],[0,0],[3.605,17.35]],"o":[[-3.346,-15.923],[-5.221,-117.138],[81.735,-84.729],[7.327,0.568],[7.868,1.466],[9.987,2.501],[-1.736,6.931],[-7.319,2.23],[-6.614,1.861],[-72.129,19.681],[-96.529,76.273],[-1.822,5.361],[0,0],[-0.267,0.812],[0,0],[-7.393,15.95],[0,0]],"v":[[-241.372,235.471],[-247.346,187.013],[-128.809,-136.07],[186.47,-247.751],[210.249,-244.405],[233.669,-239.356],[247.224,-216.743],[233.669,-203.162],[211.897,-197.281],[190.547,-191.468],[-11.412,-96.475],[-198.453,215.208],[-203.518,230.948],[-204.359,233.534],[-205.181,235.901],[-206.827,239.494],[-241.372,235.471]],"c":true},"ix":2},"nm":"Path 1","mn":"ADBE Vector Shape - Group","hd":false},{"ty":"fl","c":{"a":0,"k":[0.980392216701,0.772549079446,0.333333333333,1],"ix":4},"o":{"a":0,"k":100,"ix":5},"r":1,"bm":0,"nm":"Fill 1","mn":"ADBE Vector Graphic - Fill","hd":false},{"ty":"tr","p":{"a":0,"k":[247.787,250.906],"ix":2},"a":{"a":0,"k":[0,0],"ix":1},"s":{"a":0,"k":[100,100],"ix":3},"r":{"a":0,"k":0,"ix":6},"o":{"a":0,"k":100,"ix":7},"sk":{"a":0,"k":0,"ix":4},"sa":{"a":0,"k":0,"ix":5},"nm":"Transform"}],"nm":"Group 1","np":4,"cix":2,"bm":0,"ix":1,"mn":"ADBE Vector Group","hd":false}],"ip":0,"op":75,"st":0,"bm":0},{"ddd":0,"ind":12,"ty":4,"nm":"Wing Outlines","parent":4,"sr":1,"ks":{"o":{"a":0,"k":100,"ix":11},"r":{"a":0,"k":45,"ix":10},"p":{"a":0,"k":[106.275,-107.737,0],"ix":2},"a":{"a":0,"k":[247.787,250.906,0],"ix":1},"s":{"a":0,"k":[42.9,42.9,100],"ix":6}},"ao":0,"shapes":[{"ty":"gr","it":[{"ind":0,"ty":"sh","ix":1,"ks":{"a":0,"k":{"i":[[0,0],[0.812,16.202],[-82.511,84.927],[-116.504,-12.768],[-7.262,-1.003],[-7.745,-1.939],[2.502,-9.988],[6.466,-1.691],[7.19,-1.934],[6.401,-1.869],[58.657,-47.304],[37.583,-116.071],[1.734,-5.317],[0,0],[0.272,-0.593],[0,0],[3.605,17.35]],"o":[[-3.346,-15.923],[-5.221,-117.138],[81.735,-84.729],[7.327,0.568],[7.868,1.466],[9.987,2.501],[-1.736,6.931],[-7.319,2.23],[-6.614,1.861],[-72.129,19.681],[-96.529,76.273],[-1.822,5.361],[0,0],[-0.267,0.812],[0,0],[-7.393,15.95],[0,0]],"v":[[-241.372,235.471],[-247.346,187.013],[-128.809,-136.07],[186.47,-247.751],[210.249,-244.405],[233.669,-239.356],[247.224,-216.743],[233.669,-203.162],[211.897,-197.281],[190.547,-191.468],[-11.412,-96.475],[-198.453,215.208],[-203.518,230.948],[-204.359,233.534],[-205.181,235.901],[-206.827,239.494],[-241.372,235.471]],"c":true},"ix":2},"nm":"Path 1","mn":"ADBE Vector Shape - Group","hd":false},{"ty":"fl","c":{"a":0,"k":[0.980392216701,0.772549079446,0.333333333333,1],"ix":4},"o":{"a":0,"k":100,"ix":5},"r":1,"bm":0,"nm":"Fill 1","mn":"ADBE Vector Graphic - Fill","hd":false},{"ty":"tr","p":{"a":0,"k":[247.787,250.906],"ix":2},"a":{"a":0,"k":[0,0],"ix":1},"s":{"a":0,"k":[100,100],"ix":3},"r":{"a":0,"k":0,"ix":6},"o":{"a":0,"k":100,"ix":7},"sk":{"a":0,"k":0,"ix":4},"sa":{"a":0,"k":0,"ix":5},"nm":"Transform"}],"nm":"Group 1","np":4,"cix":2,"bm":0,"ix":1,"mn":"ADBE Vector Group","hd":false}],"ip":0,"op":75,"st":0,"bm":0}],"markers":[]}