{"v":"5.5.7","meta":{"g":"LottieFiles AE 0.1.21","a":"","k":"","d":"","tc":""},"fr":120,"ip":0,"op":539,"w":500,"h":500,"nm":"Comp 1","ddd":0,"assets":[{"id":"comp_0","layers":[{"ddd":0,"ind":1,"ty":4,"nm":"v7","sr":1,"ks":{"o":{"a":0,"k":100,"ix":11},"r":{"a":1,"k":[{"i":{"x":[0.409],"y":[0.747]},"o":{"x":[0.333],"y":[0.143]},"t":360,"s":[0]},{"t":540,"s":[360]}],"ix":10},"p":{"a":0,"k":[250,250,0],"ix":2},"a":{"a":0,"k":[-45,2,0],"ix":1},"s":{"a":0,"k":[227.083,227.083,100],"ix":6}},"ao":0,"shapes":[{"ty":"gr","it":[{"ind":0,"ty":"sh","ix":1,"ks":{"a":0,"k":{"i":[[26.51,0],[0,-26.51],[-26.51,0],[0,26.51]],"o":[[-26.51,0],[0,26.51],[26.51,0],[0,-26.51]],"v":[[0,-48],[-48,0],[0,48],[48,0]],"c":true},"ix":2},"nm":"Path 1","mn":"ADBE Vector Shape - Group","hd":false},{"ty":"tm","s":{"a":1,"k":[{"i":{"x":[0.169],"y":[1]},"o":{"x":[0.298],"y":[0]},"t":360,"s":[100]},{"t":540,"s":[0]}],"ix":1},"e":{"a":1,"k":[{"i":{"x":[0.743],"y":[1]},"o":{"x":[0.832],"y":[0]},"t":360,"s":[99.9]},{"t":540,"s":[0.9]}],"ix":2},"o":{"a":0,"k":0,"ix":3},"m":1,"ix":2,"nm":"Trim Paths 1","mn":"ADBE Vector Filter - Trim","hd":false},{"ty":"st","c":{"a":1,"k":[{"i":{"x":[0.667],"y":[1]},"o":{"x":[0.489],"y":[0]},"t":360,"s":[0.116801003849,0.831703993853,0.960784014534,1]},{"i":{"x":[0.529],"y":[1]},"o":{"x":[0.333],"y":[0]},"t":459,"s":[0.920276880264,0.247058808804,1,1]},{"t":540,"s":[0.116801003849,0.831703993853,0.960784014534,1]}],"ix":3},"o":{"a":0,"k":100,"ix":4},"w":{"a":1,"k":[{"i":{"x":[0.703],"y":[1]},"o":{"x":[0.541],"y":[0.232]},"t":360,"s":[18]},{"i":{"x":[0.534],"y":[0.825]},"o":{"x":[0.398],"y":[0]},"t":463,"s":[4]},{"t":540,"s":[18]}],"ix":5},"lc":2,"lj":2,"bm":0,"nm":"Stroke 1","mn":"ADBE Vector Graphic - Stroke","hd":false},{"ty":"tr","p":{"a":0,"k":[-45,2],"ix":2},"a":{"a":0,"k":[0,0],"ix":1},"s":{"a":0,"k":[100,100],"ix":3},"r":{"a":0,"k":0,"ix":6},"o":{"a":0,"k":100,"ix":7},"sk":{"a":0,"k":0,"ix":4},"sa":{"a":0,"k":0,"ix":5},"nm":"Transform"}],"nm":"Ellipse 1","np":3,"cix":2,"bm":0,"ix":1,"mn":"ADBE Vector Group","hd":false}],"ip":360,"op":540,"st":360,"bm":0},{"ddd":0,"ind":2,"ty":4,"nm":"v6","sr":1,"ks":{"o":{"a":0,"k":100,"ix":11},"r":{"a":1,"k":[{"i":{"x":[0.409],"y":[0.747]},"o":{"x":[0.333],"y":[0.143]},"t":180,"s":[0]},{"t":360,"s":[360]}],"ix":10},"p":{"a":0,"k":[250,250,0],"ix":2},"a":{"a":0,"k":[-45,2,0],"ix":1},"s":{"a":0,"k":[227.083,227.083,100],"ix":6}},"ao":0,"shapes":[{"ty":"gr","it":[{"ind":0,"ty":"sh","ix":1,"ks":{"a":0,"k":{"i":[[26.51,0],[0,-26.51],[-26.51,0],[0,26.51]],"o":[[-26.51,0],[0,26.51],[26.51,0],[0,-26.51]],"v":[[0,-48],[-48,0],[0,48],[48,0]],"c":true},"ix":2},"nm":"Path 1","mn":"ADBE Vector Shape - Group","hd":false},{"ty":"tm","s":{"a":1,"k":[{"i":{"x":[0.169],"y":[1]},"o":{"x":[0.298],"y":[0]},"t":180,"s":[100]},{"t":360,"s":[0]}],"ix":1},"e":{"a":1,"k":[{"i":{"x":[0.743],"y":[1]},"o":{"x":[0.832],"y":[0]},"t":180,"s":[99.9]},{"t":360,"s":[0.9]}],"ix":2},"o":{"a":0,"k":0,"ix":3},"m":1,"ix":2,"nm":"Trim Paths 1","mn":"ADBE Vector Filter - Trim","hd":false},{"ty":"st","c":{"a":1,"k":[{"i":{"x":[0.667],"y":[1]},"o":{"x":[0.489],"y":[0]},"t":180,"s":[0.116801003849,0.831703993853,0.960784014534,1]},{"i":{"x":[0.529],"y":[1]},"o":{"x":[0.333],"y":[0]},"t":279,"s":[0.920276880264,0.247058808804,1,1]},{"t":360,"s":[0.116801003849,0.831703993853,0.960784014534,1]}],"ix":3},"o":{"a":0,"k":100,"ix":4},"w":{"a":1,"k":[{"i":{"x":[0.703],"y":[1]},"o":{"x":[0.541],"y":[0.232]},"t":180,"s":[18]},{"i":{"x":[0.534],"y":[0.825]},"o":{"x":[0.398],"y":[0]},"t":283,"s":[4]},{"t":360,"s":[18]}],"ix":5},"lc":2,"lj":2,"bm":0,"nm":"Stroke 1","mn":"ADBE Vector Graphic - Stroke","hd":false},{"ty":"tr","p":{"a":0,"k":[-45,2],"ix":2},"a":{"a":0,"k":[0,0],"ix":1},"s":{"a":0,"k":[100,100],"ix":3},"r":{"a":0,"k":0,"ix":6},"o":{"a":0,"k":100,"ix":7},"sk":{"a":0,"k":0,"ix":4},"sa":{"a":0,"k":0,"ix":5},"nm":"Transform"}],"nm":"Ellipse 1","np":3,"cix":2,"bm":0,"ix":1,"mn":"ADBE Vector Group","hd":false}],"ip":180,"op":360,"st":180,"bm":0},{"ddd":0,"ind":3,"ty":4,"nm":"v5","sr":1,"ks":{"o":{"a":0,"k":100,"ix":11},"r":{"a":1,"k":[{"i":{"x":[0.409],"y":[0.747]},"o":{"x":[0.333],"y":[0.143]},"t":0,"s":[0]},{"t":180,"s":[360]}],"ix":10},"p":{"a":0,"k":[250,250,0],"ix":2},"a":{"a":0,"k":[-45,2,0],"ix":1},"s":{"a":0,"k":[227.083,227.083,100],"ix":6}},"ao":0,"shapes":[{"ty":"gr","it":[{"ind":0,"ty":"sh","ix":1,"ks":{"a":0,"k":{"i":[[26.51,0],[0,-26.51],[-26.51,0],[0,26.51]],"o":[[-26.51,0],[0,26.51],[26.51,0],[0,-26.51]],"v":[[0,-48],[-48,0],[0,48],[48,0]],"c":true},"ix":2},"nm":"Path 1","mn":"ADBE Vector Shape - Group","hd":false},{"ty":"tm","s":{"a":1,"k":[{"i":{"x":[0.169],"y":[1]},"o":{"x":[0.298],"y":[0]},"t":0,"s":[100]},{"t":180,"s":[0]}],"ix":1},"e":{"a":1,"k":[{"i":{"x":[0.743],"y":[1]},"o":{"x":[0.832],"y":[0]},"t":0,"s":[99.9]},{"t":180,"s":[0.9]}],"ix":2},"o":{"a":0,"k":0,"ix":3},"m":1,"ix":2,"nm":"Trim Paths 1","mn":"ADBE Vector Filter - Trim","hd":false},{"ty":"st","c":{"a":1,"k":[{"i":{"x":[0.667],"y":[1]},"o":{"x":[0.489],"y":[0]},"t":0,"s":[0.116801003849,0.831703993853,0.960784014534,1]},{"i":{"x":[0.529],"y":[1]},"o":{"x":[0.333],"y":[0]},"t":99,"s":[0.920276880264,0.247058808804,1,1]},{"t":180,"s":[0.116801003849,0.831703993853,0.960784014534,1]}],"ix":3},"o":{"a":0,"k":100,"ix":4},"w":{"a":1,"k":[{"i":{"x":[0.703],"y":[1]},"o":{"x":[0.541],"y":[0.232]},"t":0,"s":[18]},{"i":{"x":[0.534],"y":[0.825]},"o":{"x":[0.398],"y":[0]},"t":103,"s":[4]},{"t":180,"s":[18]}],"ix":5},"lc":2,"lj":2,"bm":0,"nm":"Stroke 1","mn":"ADBE Vector Graphic - Stroke","hd":false},{"ty":"tr","p":{"a":0,"k":[-45,2],"ix":2},"a":{"a":0,"k":[0,0],"ix":1},"s":{"a":0,"k":[100,100],"ix":3},"r":{"a":0,"k":0,"ix":6},"o":{"a":0,"k":100,"ix":7},"sk":{"a":0,"k":0,"ix":4},"sa":{"a":0,"k":0,"ix":5},"nm":"Transform"}],"nm":"Ellipse 1","np":3,"cix":2,"bm":0,"ix":1,"mn":"ADBE Vector Group","hd":false}],"ip":0,"op":180,"st":0,"bm":0}]}],"layers":[{"ddd":0,"ind":1,"ty":0,"nm":"v5 Comp 1","refId":"comp_0","sr":1,"ks":{"o":{"a":0,"k":100,"ix":11},"r":{"a":1,"k":[{"i":{"x":[0.833],"y":[0.833]},"o":{"x":[0.167],"y":[0.167]},"t":0,"s":[0]},{"i":{"x":[0.833],"y":[0.833]},"o":{"x":[0.167],"y":[0.167]},"t":180,"s":[120]},{"i":{"x":[0.833],"y":[0.833]},"o":{"x":[0.167],"y":[0.167]},"t":360,"s":[240]},{"t":539,"s":[360]}],"ix":10},"p":{"a":0,"k":[250,250,0],"ix":2},"a":{"a":0,"k":[250,250,0],"ix":1},"s":{"a":0,"k":[100,100,100],"ix":6}},"ao":0,"w":500,"h":500,"ip":0,"op":600,"st":0,"bm":0}],"markers":[]}