{
  "assets": [],
  "layers": [
    {
      "ddd": 0,
      "ind": 0,
      "ty": 3,
      "nm": "Null",
      "ks": {
        "o": {
          "k": 0
        },
        "r": {
          "k": 0
        },
        "p": {
          "k": [
            24,
            24,
            0
          ]
        },
        "a": {
          "k": [
            0,
            0,
            0
          ]
        },
        "s": {
          "k": [
            100,
            100,
            100
          ]
        }
      },
      "ao": 0,
      "ip": 0,
      "op": 126,
      "st": -1,
      "bm": 0,
      "sr": 1
    },
    {
      "ddd": 0,
      "ind": 1,
      "ty": 4,
      "nm": "Fill",
      "parent": 0,
      "ks": {
        "o": {
          "k": 100
        },
        "r": {
          "k": [
            {
              "i": {
                "x": [
                  0.833
                ],
                "y": [
                  0.833
                ]
              },
              "o": {
                "x": [
                  0.167
                ],
                "y": [
                  0.167
                ]
              },
              "n": [
                "0p833_0p833_0p167_0p167"
              ],
              "t": -1,
              "s": [
                0
              ],
              "e": [
                360
              ]
            },
            {
              "t": 125
            }
          ]
        },
        "p": {
          "s": true,
          "x": {
            "k": 0
          },
          "y": {
            "k": 0
          }
        },
        "a": {
          "k": [
            0,
            0,
            0
          ]
        },
        "s": {
          "k": [
            100,
            100,
            100
          ]
        }
      },
      "ao": 0,
      "shapes": [
        {
          "ty": "gr",
          "it": [
            {
              "d": 1,
              "ty": "el",
              "s": {
                "k": [
                  36,
                  36
                ]
              },
              "p": {
                "k": [
                  0,
                  0
                ]
              },
              "nm": "Ellipse Path 1",
              "mn": "ADBE Vector Shape - Ellipse"
            },
            {
              "ty": "st",
              "fillEnabled": true,
              "c": {
                "k": [
                  0.396078431372549,
                  0.3137254901960784,
                  0.6235294117647059,
                  1
                ]
              },
              "o": {
                "k": 100
              },
              "w": {
                "k": 5
              },
              "lc": 2,
              "lj": 1,
              "ml": 4,
              "nm": "Stroke 1",
              "mn": "ADBE Vector Graphic - Stroke"
            },
            {
              "ty": "tr",
              "p": {
                "k": [
                  0,
                  0
                ],
                "ix": 2
              },
              "a": {
                "k": [
                  0,
                  0
                ],
                "ix": 1
              },
              "s": {
                "k": [
                  100,
                  100
                ],
                "ix": 3
              },
              "r": {
                "k": 0,
                "ix": 6
              },
              "o": {
                "k": 100,
                "ix": 7
              },
              "sk": {
                "k": 0,
                "ix": 4
              },
              "sa": {
                "k": 0,
                "ix": 5
              },
              "nm": "Transform"
            }
          ],
          "nm": "Ellipse 1",
          "np": 3,
          "mn": "ADBE Vector Group"
        },
        {
          "ty": "tm",
          "s": {
            "k": 0,
            "ix": 1
          },
          "e": {
            "k": [
              {
                "i": {
                  "x": [
                    0.7
                  ],
                  "y": [
                    1
                  ]
                },
                "o": {
                  "x": [
                    0.643
                  ],
                  "y": [
                    0
                  ]
                },
                "n": [
                  "0p7_1_0p643_0"
                ],
                "t": -1,
                "s": [
                  10
                ],
                "e": [
                  90
                ]
              },
              {
                "i": {
                  "x": [
                    0.664
                  ],
                  "y": [
                    1
                  ]
                },
                "o": {
                  "x": [
                    0.258
                  ],
                  "y": [
                    0
                  ]
                },
                "n": [
                  "0p664_1_0p258_0"
                ],
                "t": 57.406,
                "s": [
                  90
                ],
                "e": [
                  10
                ]
              },
              {
                "i": {
                  "x": [
                    0.833
                  ],
                  "y": [
                    0.833
                  ]
                },
                "o": {
                  "x": [
                    0.405
                  ],
                  "y": [
                    0.405
                  ]
                },
                "n": [
                  "0p833_0p833_0p405_0p405"
                ],
                "t": 109,
                "s": [
                  10
                ],
                "e": [
                  10
                ]
              },
              {
                "t": 125
              }
            ],
            "ix": 2
          },
          "o": {
            "k": [
              {
                "i": {
                  "x": [
                    0.667
                  ],
                  "y": [
                    1
                  ]
                },
                "o": {
                  "x": [
                    0.407
                  ],
                  "y": [
                    0
                  ]
                },
                "n": [
                  "0p667_1_0p407_0"
                ],
                "t": 57,
                "s": [
                  0
                ],
                "e": [
                  360
                ]
              },
              {
                "t": 109
              }
            ],
            "ix": 3
          },
          "m": 1,
          "ix": 2,
          "nm": "Trim Paths 1",
          "mn": "ADBE Vector Filter - Trim"
        }
      ],
      "ip": 0,
      "op": 126,
      "st": -1,
      "bm": 0,
      "sr": 1
    },
    {
      "ddd": 0,
      "ind": 2,
      "ty": 4,
      "nm": "BG",
      "parent": 0,
      "ks": {
        "o": {
          "k": 25
        },
        "r": {
          "k": 0
        },
        "p": {
          "s": true,
          "x": {
            "k": 0
          },
          "y": {
            "k": 0
          }
        },
        "a": {
          "k": [
            0,
            0,
            0
          ]
        },
        "s": {
          "k": [
            100,
            100,
            100
          ]
        }
      },
      "ao": 0,
      "shapes": [
        {
          "ty": "gr",
          "it": [
            {
              "d": 1,
              "ty": "el",
              "s": {
                "k": [
                  36,
                  36
                ]
              },
              "p": {
                "k": [
                  0,
                  0
                ]
              },
              "nm": "Ellipse Path 1",
              "mn": "ADBE Vector Shape - Ellipse"
            },
            {
              "ty": "st",
              "fillEnabled": true,
              "c": {
                "k": [
                  0.396078431372549,
                  0.3137254901960784,
                  0.6235294117647059,
                  1
                ]
              },
              "o": {
                "k": 100
              },
              "w": {
                "k": 5
              },
              "lc": 2,
              "lj": 1,
              "ml": 4,
              "nm": "Stroke 1",
              "mn": "ADBE Vector Graphic - Stroke"
            },
            {
              "ty": "tr",
              "p": {
                "k": [
                  0,
                  0
                ],
                "ix": 2
              },
              "a": {
                "k": [
                  0,
                  0
                ],
                "ix": 1
              },
              "s": {
                "k": [
                  100,
                  100
                ],
                "ix": 3
              },
              "r": {
                "k": 0,
                "ix": 6
              },
              "o": {
                "k": 100,
                "ix": 7
              },
              "sk": {
                "k": 0,
                "ix": 4
              },
              "sa": {
                "k": 0,
                "ix": 5
              },
              "nm": "Transform"
            }
          ],
          "nm": "Ellipse 1",
          "np": 3,
          "mn": "ADBE Vector Group"
        },
        {
          "ty": "tm",
          "s": {
            "k": 0,
            "ix": 1
          },
          "e": {
            "k": 100,
            "ix": 2
          },
          "o": {
            "k": 0,
            "ix": 3
          },
          "m": 1,
          "ix": 2,
          "nm": "Trim Paths 1",
          "mn": "ADBE Vector Filter - Trim"
        }
      ],
      "ip": 0,
      "op": 126,
      "st": -1,
      "bm": 0,
      "sr": 1
    }
  ],
  "v": "4.5.3",
  "ddd": 0,
  "ip": 0,
  "op": 126,
  "fr": 60,
  "w": 48,
  "h": 48
}