{
  "project_info": {
    "project_number": "945741931971",
    "project_id": "fortune-tiger-mobile",
    "storage_bucket": "fortune-tiger-mobile.appspot.com"
  },
  "client": [
    {
      "client_info": {
        "mobilesdk_app_id": "1:945741931971:android:8265a7db78b28fa7df0976",
        "android_client_info": {
          "package_name": "fortune.tiger.avia"
        }
      },
      "oauth_client": [],
      "api_key": [
        {
          "current_key": "AIzaSyATIKAeiCoAcP9MmYhQwm_X-WxRfiD0gFU"
        }
      ],
      "services": {
        "appinvite_service": {
          "other_platform_oauth_client": []
        }
      }
    }
  ],
  "configuration_version": "1"
}