{
  "project_info": {
    "project_number": "764526907673",
    "project_id": "friendly-fruits",
    "storage_bucket": "friendly-fruits.appspot.com"
  },
  "client": [
    {
      "client_info": {
        "mobilesdk_app_id": "1:764526907673:android:68455d4cd5abc2b29ab588",
        "android_client_info": {
          "package_name": "com.ninjakiwi.bloonspuzzl"
        }
      },
      "oauth_client": [],
      "api_key": [
        {
          "current_key": "AIzaSyD-zevXKhUwSS2L_-GL6h6fay5H3avK_CA"
        }
      ],
      "services": {
        "appinvite_service": {
          "other_platform_oauth_client": []
        }
      }
    }
  ],
  "configuration_version": "1"
}