{
  "rigidBodies": [
    {
      "name": "circle",
      "imagePath": "../../../../../../atlas/1/deff.png",
      "origin": {
        "x": 0.5,
        "y": 0.5
      },
      "polygons": [],
      "circles": [
        {
          "cx": 0,
          "cy": 0,
          "r": 0.5
        }
      ],
      "shapes": [
        {
          "type": "CIRCLE",
          "vertices": [
            {
              "x": 0,
              "y": 0
            },
            {
              "x": 0,
              "y": 0.5
            }
          ]
        }
      ]
    },
    {
      "name": "avia",
      "imagePath": "avia.png",
      "origin": {
        "x": 0,
        "y": 0
      },
      "polygons": [
        [
          {
            "x": 0.0015624996740370989,
            "y": 0.5390625
          },
          {
            "x": 0.003750041127204895,
            "y": 0.0064583420753479
          },
          {
            "x": 0.9954169392585754,
            "y": 0.003125026822090149
          },
          {
            "x": 0.993750274181366,
            "y": 0.5381250381469727
          }
        ]
      ],
      "circles": [],
      "shapes": [
        {
          "type": "POLYGON",
          "vertices": [
            {
              "x": 0.0015624996740370989,
              "y": 0.5390625
            },
            {
              "x": 0.003750041127204895,
              "y": 0.0064583420753479
            },
            {
              "x": 0.9954169392585754,
              "y": 0.003125026822090149
            },
            {
              "x": 0.993750274181366,
              "y": 0.5381250381469727
            }
          ]
        }
      ]
    }
  ],
  "dynamicObjects": []
}