{"v":"5.5.2","fr":50,"ip":0,"op":119,"w":500,"h":500,"nm":"Andriod","ddd":0,"assets":[],"layers":[{"ddd":0,"ind":1,"ty":4,"nm":"Shape Layer 1","sr":1,"ks":{"o":{"a":0,"k":100,"ix":11},"r":{"a":0,"k":0,"ix":10},"p":{"a":0,"k":[248,388.5,0],"ix":2},"a":{"a":0,"k":[-2,143.5,0],"ix":1},"s":{"a":0,"k":[100,100,100],"ix":6}},"ao":0,"shapes":[{"ty":"gr","it":[{"ty":"rc","d":1,"s":{"a":0,"k":[260,151],"ix":2},"p":{"a":0,"k":[0,0],"ix":3},"r":{"a":0,"k":0,"ix":4},"nm":"Rectangle Path 1","mn":"ADBE Vector Shape - Rect","hd":false},{"ty":"fl","c":{"a":0,"k":[1,1,1,1],"ix":4},"o":{"a":0,"k":100,"ix":5},"r":1,"bm":0,"nm":"Fill 1","mn":"ADBE Vector Graphic - Fill","hd":false},{"ty":"tr","p":{"a":0,"k":[-2,143.5],"ix":2},"a":{"a":0,"k":[0,0],"ix":1},"s":{"a":0,"k":[100,100],"ix":3},"r":{"a":0,"k":0,"ix":6},"o":{"a":0,"k":100,"ix":7},"sk":{"a":0,"k":0,"ix":4},"sa":{"a":0,"k":0,"ix":5},"nm":"Transform"}],"nm":"Rectangle 1","np":3,"cix":2,"bm":0,"ix":1,"mn":"ADBE Vector Group","hd":false}],"ip":0,"op":119,"st":0,"bm":0},{"ddd":0,"ind":2,"ty":4,"nm":"Andriod Outlines - Group 1","parent":6,"sr":1,"ks":{"o":{"a":0,"k":100,"ix":11},"r":{"a":0,"k":0,"ix":10},"p":{"a":1,"k":[{"i":{"x":0.667,"y":1},"o":{"x":0.333,"y":0},"t":0,"s":[60.014,44.604,0],"to":[0,-0.467,0],"ti":[0,0,0]},{"i":{"x":0.667,"y":0.872},"o":{"x":0.333,"y":0},"t":19,"s":[60.014,41.804,0],"to":[0,0,0],"ti":[0,-1.169,0]},{"i":{"x":0.667,"y":1},"o":{"x":0.333,"y":0.18},"t":26,"s":[60.014,46.438,0],"to":[0,0.249,0],"ti":[0,-0.117,0]},{"t":30,"s":[60.014,44.604,0],"h":1},{"i":{"x":0.667,"y":1},"o":{"x":0.167,"y":0},"t":75,"s":[60.014,44.604,0],"to":[0,0.667,0],"ti":[0,-0.117,0]},{"i":{"x":0.667,"y":1},"o":{"x":0.167,"y":0},"t":80,"s":[60.014,46.604,0],"to":[0,0.667,0],"ti":[0,0.333,0]},{"i":{"x":0.667,"y":1},"o":{"x":0.167,"y":0},"t":88,"s":[60.014,42.604,0],"to":[0,-0.333,0],"ti":[0,-0.333,0]},{"t":95,"s":[60.014,44.604,0]}],"ix":2},"a":{"a":0,"k":[60.014,44.604,0],"ix":1},"s":{"a":0,"k":[100,100,100],"ix":6}},"ao":0,"shapes":[{"ty":"gr","it":[{"ind":0,"ty":"sh","ix":1,"ks":{"a":0,"k":{"i":[[0,0],[0,0]],"o":[[0,0],[0,0]],"v":[[2.309,-3.799],[-2.309,3.799]],"c":false},"ix":2},"nm":"Path 1","mn":"ADBE Vector Shape - Group","hd":false},{"ty":"st","c":{"a":0,"k":[0.234999997008,0.862999949736,0.517999985639,1],"ix":3},"o":{"a":0,"k":100,"ix":4},"w":{"a":0,"k":2,"ix":5},"lc":2,"lj":1,"ml":10,"bm":0,"nm":"Stroke 1","mn":"ADBE Vector Graphic - Stroke","hd":false},{"ty":"tr","p":{"a":0,"k":[62.323,40.804],"ix":2},"a":{"a":0,"k":[0,0],"ix":1},"s":{"a":0,"k":[100,100],"ix":3},"r":{"a":0,"k":0,"ix":6},"o":{"a":0,"k":100,"ix":7},"sk":{"a":0,"k":0,"ix":4},"sa":{"a":0,"k":0,"ix":5},"nm":"Transform"}],"nm":"Group 1","np":2,"cix":2,"bm":0,"ix":1,"mn":"ADBE Vector Group","hd":false}],"ip":0,"op":119,"st":0,"bm":0},{"ddd":0,"ind":3,"ty":4,"nm":"Andriod Outlines - Group 2","parent":6,"sr":1,"ks":{"o":{"a":0,"k":100,"ix":11},"r":{"a":1,"k":[{"i":{"x":[0.667],"y":[1]},"o":{"x":[0.333],"y":[0]},"t":47,"s":[0]},{"i":{"x":[0.667],"y":[1]},"o":{"x":[0.333],"y":[0]},"t":51,"s":[-17]},{"i":{"x":[0.667],"y":[1]},"o":{"x":[0.333],"y":[0]},"t":55,"s":[0]},{"i":{"x":[0.667],"y":[1]},"o":{"x":[0.333],"y":[0]},"t":59,"s":[-17]},{"t":63,"s":[0]}],"ix":10},"p":{"a":1,"k":[{"i":{"x":0.667,"y":1},"o":{"x":0.333,"y":0},"t":0,"s":[40.012,44.604,0],"to":[0,-0.467,0],"ti":[0,0,0]},{"i":{"x":0.667,"y":0.872},"o":{"x":0.333,"y":0},"t":19,"s":[40.012,41.804,0],"to":[0,0,0],"ti":[0,-1.169,0]},{"i":{"x":0.667,"y":1},"o":{"x":0.333,"y":0.18},"t":26,"s":[40.012,46.438,0],"to":[0,0.249,0],"ti":[0,-0.117,0]},{"t":30,"s":[40.012,44.604,0],"h":1},{"i":{"x":0.667,"y":1},"o":{"x":0.167,"y":0},"t":75,"s":[40.012,44.604,0],"to":[0,0.667,0],"ti":[0,-0.117,0]},{"i":{"x":0.667,"y":1},"o":{"x":0.167,"y":0},"t":80,"s":[40.012,46.604,0],"to":[0,0.667,0],"ti":[0,0.333,0]},{"i":{"x":0.667,"y":1},"o":{"x":0.167,"y":0},"t":88,"s":[40.012,42.604,0],"to":[0,-0.333,0],"ti":[0,-0.333,0]},{"t":95,"s":[40.012,44.604,0]}],"ix":2},"a":{"a":0,"k":[40.012,44.604,0],"ix":1},"s":{"a":0,"k":[100,100,100],"ix":6}},"ao":0,"shapes":[{"ty":"gr","it":[{"ind":0,"ty":"sh","ix":1,"ks":{"a":0,"k":{"i":[[0,0],[0,0]],"o":[[0,0],[0,0]],"v":[[-2.309,-3.799],[2.309,3.799]],"c":false},"ix":2},"nm":"Path 1","mn":"ADBE Vector Shape - Group","hd":false},{"ty":"st","c":{"a":0,"k":[0.234999997008,0.862999949736,0.517999985639,1],"ix":3},"o":{"a":0,"k":100,"ix":4},"w":{"a":0,"k":2,"ix":5},"lc":2,"lj":1,"ml":10,"bm":0,"nm":"Stroke 1","mn":"ADBE Vector Graphic - Stroke","hd":false},{"ty":"tr","p":{"a":0,"k":[37.703,40.804],"ix":2},"a":{"a":0,"k":[0,0],"ix":1},"s":{"a":0,"k":[100,100],"ix":3},"r":{"a":0,"k":0,"ix":6},"o":{"a":0,"k":100,"ix":7},"sk":{"a":0,"k":0,"ix":4},"sa":{"a":0,"k":0,"ix":5},"nm":"Transform"}],"nm":"Group 2","np":2,"cix":2,"bm":0,"ix":1,"mn":"ADBE Vector Group","hd":false}],"ip":0,"op":119,"st":0,"bm":0},{"ddd":0,"ind":4,"ty":4,"nm":"Andriod Outlines - Group 3","parent":6,"sr":1,"ks":{"o":{"a":0,"k":100,"ix":11},"r":{"a":0,"k":0,"ix":10},"p":{"a":1,"k":[{"i":{"x":0.667,"y":1},"o":{"x":0.333,"y":0},"t":0,"s":[39.266,53.793,0],"to":[0,0,0],"ti":[0,0,0]},{"i":{"x":0.667,"y":0.906},"o":{"x":0.333,"y":0},"t":17,"s":[39.266,51.793,0],"to":[0,0,0],"ti":[0,0,0]},{"i":{"x":0.667,"y":1},"o":{"x":0.333,"y":0.102},"t":26,"s":[39.266,55.161,0],"to":[0,0,0],"ti":[0,0,0]},{"i":{"x":0.667,"y":0.667},"o":{"x":0.167,"y":0.167},"t":30,"s":[39.266,53.793,0],"to":[0,0,0],"ti":[0,0,0]},{"i":{"x":0.667,"y":1},"o":{"x":0.167,"y":0},"t":80,"s":[39.266,53.793,0],"to":[0,0,0],"ti":[0,0,0]},{"t":89,"s":[39.266,51.793,0]}],"ix":2},"a":{"a":0,"k":[39.266,53.793,0],"ix":1},"s":{"a":0,"k":[100,100,100],"ix":6}},"ao":0,"shapes":[{"ty":"gr","it":[{"ind":0,"ty":"sh","ix":1,"ks":{"a":0,"k":{"i":[[0,-1.135],[1.135,0],[0,1.134],[-1.134,0]],"o":[[0,1.134],[-1.134,0],[0,-1.135],[1.135,0]],"v":[[2.055,0.001],[-0.001,2.055],[-2.055,0.001],[-0.001,-2.055]],"c":true},"ix":2},"nm":"Path 1","mn":"ADBE Vector Shape - Group","hd":false},{"ty":"fl","c":{"a":0,"k":[1,1,1,1],"ix":4},"o":{"a":0,"k":100,"ix":5},"r":1,"bm":0,"nm":"Fill 1","mn":"ADBE Vector Graphic - Fill","hd":false},{"ty":"tr","p":{"a":0,"k":[39.266,53.793],"ix":2},"a":{"a":0,"k":[0,0],"ix":1},"s":{"a":0,"k":[100,100],"ix":3},"r":{"a":0,"k":0,"ix":6},"o":{"a":0,"k":100,"ix":7},"sk":{"a":0,"k":0,"ix":4},"sa":{"a":0,"k":0,"ix":5},"nm":"Transform"}],"nm":"Group 3","np":2,"cix":2,"bm":0,"ix":1,"mn":"ADBE Vector Group","hd":false}],"ip":0,"op":119,"st":0,"bm":0},{"ddd":0,"ind":5,"ty":4,"nm":"Andriod Outlines - Group 4","parent":6,"sr":1,"ks":{"o":{"a":0,"k":100,"ix":11},"r":{"a":0,"k":0,"ix":10},"p":{"a":1,"k":[{"i":{"x":0.667,"y":1},"o":{"x":0.333,"y":0},"t":0,"s":[60.739,53.793,0],"to":[0,0,0],"ti":[0,0,0]},{"i":{"x":0.667,"y":0.906},"o":{"x":0.333,"y":0},"t":17,"s":[60.739,51.793,0],"to":[0,0,0],"ti":[0,0,0]},{"i":{"x":0.667,"y":1},"o":{"x":0.333,"y":0.102},"t":26,"s":[60.739,55.161,0],"to":[0,0,0],"ti":[0,0,0]},{"i":{"x":0.667,"y":0.667},"o":{"x":0.167,"y":0.167},"t":30,"s":[60.739,53.793,0],"to":[0,0,0],"ti":[0,0,0]},{"i":{"x":0.667,"y":1},"o":{"x":0.167,"y":0},"t":80,"s":[60.739,53.793,0],"to":[0,0,0],"ti":[0,0,0]},{"t":89,"s":[60.739,51.793,0]}],"ix":2},"a":{"a":0,"k":[60.739,53.793,0],"ix":1},"s":{"a":0,"k":[100,100,100],"ix":6}},"ao":0,"shapes":[{"ty":"gr","it":[{"ind":0,"ty":"sh","ix":1,"ks":{"a":0,"k":{"i":[[0,-1.135],[1.135,0],[0,1.134],[-1.134,0]],"o":[[0,1.134],[-1.134,0],[0,-1.135],[1.135,0]],"v":[[2.055,0.001],[-0.001,2.055],[-2.055,0.001],[-0.001,-2.055]],"c":true},"ix":2},"nm":"Path 1","mn":"ADBE Vector Shape - Group","hd":false},{"ty":"fl","c":{"a":0,"k":[1,1,1,1],"ix":4},"o":{"a":0,"k":100,"ix":5},"r":1,"bm":0,"nm":"Fill 1","mn":"ADBE Vector Graphic - Fill","hd":false},{"ty":"tr","p":{"a":0,"k":[60.739,53.793],"ix":2},"a":{"a":0,"k":[0,0],"ix":1},"s":{"a":0,"k":[100,100],"ix":3},"r":{"a":0,"k":0,"ix":6},"o":{"a":0,"k":100,"ix":7},"sk":{"a":0,"k":0,"ix":4},"sa":{"a":0,"k":0,"ix":5},"nm":"Transform"}],"nm":"Group 4","np":2,"cix":2,"bm":0,"ix":1,"mn":"ADBE Vector Group","hd":false}],"ip":0,"op":119,"st":0,"bm":0},{"ddd":0,"ind":6,"ty":4,"nm":"Andriod Outlines - Group 5","sr":1,"ks":{"o":{"a":0,"k":100,"ix":11},"r":{"a":0,"k":0,"ix":10},"p":{"a":1,"k":[{"i":{"x":0.667,"y":0.721},"o":{"x":0.614,"y":0},"t":0,"s":[248,449,0],"to":[0,-14.348,0],"ti":[0,34.348,0]},{"i":{"x":0.47,"y":1},"o":{"x":0.468,"y":0.659},"t":15,"s":[248,255.708,0],"to":[0,-19.913,0],"ti":[0,8.318,0]},{"t":22,"s":[248,313,0],"h":1},{"i":{"x":0.47,"y":1},"o":{"x":0.167,"y":0},"t":80,"s":[248,313,0],"to":[0,-22.667,0],"ti":[0,0,0]},{"i":{"x":0.667,"y":1},"o":{"x":0.167,"y":0},"t":88,"s":[248,275,0],"to":[0,0,0],"ti":[0,22.667,0]},{"t":98,"s":[248,449,0]}],"ix":2},"a":{"a":0,"k":[49.6,62.6,0],"ix":1},"s":{"a":0,"k":[500,500,100],"ix":6}},"ao":0,"shapes":[{"ty":"gr","it":[{"ind":0,"ty":"sh","ix":1,"ks":{"a":1,"k":[{"i":{"x":0.667,"y":1},"o":{"x":0.333,"y":0},"t":0,"s":[{"i":[[0,0],[12.976,0],[0,-11.742]],"o":[[0,-11.742],[-12.977,0],[0,0]],"v":[[23.497,10.631],[0.001,-10.63],[-23.497,10.631]],"c":true}]},{"i":{"x":0.667,"y":1},"o":{"x":0.333,"y":0},"t":10,"s":[{"i":[[0,0],[12.976,0],[0,-11.742]],"o":[[0,-11.742],[-12.977,0],[0,0]],"v":[[23.497,10.631],[0.001,-10.63],[-23.497,10.631]],"c":true}]},{"i":{"x":0.667,"y":1},"o":{"x":0.333,"y":0},"t":17,"s":[{"i":[[0,0],[17.601,0.045],[0,-11.742]],"o":[[0,-11.742],[-18.001,-0.046],[0,0]],"v":[[23.497,10.63],[0.001,-13.63],[-23.497,10.63]],"c":true}]},{"i":{"x":0.833,"y":0.833},"o":{"x":0.167,"y":0},"t":22,"s":[{"i":[[0,0],[12.976,0],[0,-11.742]],"o":[[0,-11.742],[-12.977,0],[0,0]],"v":[[23.497,10.631],[0.001,-10.63],[-23.497,10.631]],"c":true}]},{"i":{"x":0.667,"y":1},"o":{"x":0.167,"y":0.167},"t":26,"s":[{"i":[[0,0],[12.976,0],[0,-11.742]],"o":[[0,-11.742],[-12.977,0],[0,0]],"v":[[23.497,10.631],[0.001,-7.63],[-23.497,10.631]],"c":true}]},{"t":30,"s":[{"i":[[0,0],[12.976,0],[0,-11.742]],"o":[[0,-11.742],[-12.977,0],[0,0]],"v":[[23.497,10.631],[0.001,-10.63],[-23.497,10.631]],"c":true}],"h":1},{"i":{"x":0.833,"y":1},"o":{"x":0.167,"y":0},"t":75,"s":[{"i":[[0,0],[12.976,0],[0,-11.742]],"o":[[0,-11.742],[-12.977,0],[0,0]],"v":[[23.497,10.631],[0.001,-10.63],[-23.497,10.631]],"c":true}]},{"i":{"x":0.667,"y":1},"o":{"x":0.167,"y":0},"t":80,"s":[{"i":[[0,0],[12.976,0],[0,-11.742]],"o":[[0,-11.742],[-12.977,0],[0,0]],"v":[[23.497,10.631],[0.001,-8.63],[-23.497,10.631]],"c":true}]},{"i":{"x":0.667,"y":1},"o":{"x":0.333,"y":0},"t":89,"s":[{"i":[[0,0],[17.601,0.045],[0,-11.742]],"o":[[0,-11.742],[-18.001,-0.046],[0,0]],"v":[[23.497,10.63],[0.001,-13.63],[-23.497,10.63]],"c":true}]},{"t":95,"s":[{"i":[[0,0],[12.976,0],[0,-11.742]],"o":[[0,-11.742],[-12.977,0],[0,0]],"v":[[23.497,10.631],[0.001,-10.63],[-23.497,10.631]],"c":true}]}],"ix":2},"nm":"Path 1","mn":"ADBE Vector Shape - Group","hd":false},{"ty":"fl","c":{"a":0,"k":[0.234999997008,0.862999949736,0.517999985639,1],"ix":4},"o":{"a":0,"k":100,"ix":5},"r":1,"bm":0,"nm":"Fill 1","mn":"ADBE Vector Graphic - Fill","hd":false},{"ty":"tr","p":{"a":0,"k":[50,51.935],"ix":2},"a":{"a":0,"k":[0,0],"ix":1},"s":{"a":0,"k":[100,100],"ix":3},"r":{"a":0,"k":0,"ix":6},"o":{"a":0,"k":100,"ix":7},"sk":{"a":0,"k":0,"ix":4},"sa":{"a":0,"k":0,"ix":5},"nm":"Transform"}],"nm":"Group 5","np":2,"cix":2,"bm":0,"ix":1,"mn":"ADBE Vector Group","hd":false}],"ip":0,"op":119,"st":0,"bm":0}],"markers":[]}